Timestamp,Please indicate your age range.,Please indicate your gender.,Please indicate your race.,How many years have you been working in education?,Which option best describes your role in your school?,In what division do you work?,In what state is your school located?,How would you describe your school?,How much autonomy do you have in your job?,Know Yourself,Understand Emotions,Tell Empowering Stories,Build Community,Be Here Now,Take Care of Yourself,Focus on the Bright Spots,Cultivate Compassion,Be a Learner,Play and Create,Ride the Waves of Change,Celebrate and Appreciate,Purposefulness,Acceptance,Optimism,Empathy,Humor,Positive Self-Perception ,Empowerment ,Perspective,Curiosity,Courage,Perseverance ,Trust 
8/24/2019 9:56:13,45 - 49,Female,White,25 - 29 years,Administrator,Upper School,DE,2,3,5,5,4,4,3,3,3,3,3,3,4,4,5,4,4,3,4,2,3,3,4,4,4,3
8/24/2019 14:09:09,35 - 39,Female,White,5 - 9 years,Administrator,Upper School,AZ,3,4,4,4,3,3,2,3,3,4,4,3,3,3,4,3,3,5,5,3,4,5,4,4,5,3
8/29/2019 13:57:44,50 - 54,Female,White,25 - 29 years,Administrator,Upper School,MS,3,4,4,4,3,5,4,2,4,4,4,5,4,5,4,3,4,4,4,4,5,4,4,4,4,4
9/4/2019 17:35:17,50 - 54,Female,White,20 - 24 years,Administrator,Upper School,NY,3,4,4,4,3,4,3,5,3,4,3,3,4,5,4,4,4,4,2,4,4,5,3,4,4,4
9/5/2019 8:19:11,40 - 44,Female,White,20 - 24 years,Administrator,Upper School,NJ,4,4,5,5,4,3,3,4,2,2,3,3,4,4,4,5,3,5,4,5,5,5,4,5,5,5
9/5/2019 8:34:00,45 - 49,Female,White,20 - 24 years,Administrator,Lower School,KY,4,4,5,4,4,5,5,2,3,5,5,5,5,4,4,3,4,5,5,3,5,5,5,4,5,5
9/5/2019 9:52:36,40 - 44,Female,White,15 - 19 years,Administrator,Lower School,CA,3,4,4,4,4,3,4,3,4,3,4,4,4,4,4,4,4,4,4,3,4,4,4,4,3,3
9/6/2019 13:38:39,60 - 64,Female,White,30 or more years,Administrator,Upper School,AZ,4,5,4,3,4,4,3,3,4,4,4,4,5,5,4,5,4,4,5,4,4,4,5,5,5,4
9/6/2019 13:44:35,55 - 59,Female,White,30 or more years,Teacher,,AZ,4,4,5,5,5,5,5,4,4,5,4,5,4,5,5,5,5,5,4,4,4,4,4,4,4,5
9/6/2019 13:46:40,25 - 29,Female,White,5 - 9 years,Teacher,Lower School,AZ,3,3,5,4,4,3,4,5,5,4,4,5,4,4,4,4,4,5,5,3,4,4,4,3,4,3
9/6/2019 13:48:32,35 - 39,Female,Asian,10 - 14 years,Teacher,Upper School,TX,4,4,5,4,4,4,5,5,4,4,3,3,4,5,5,4,4,4,4,3,3,4,4,5,3,4
9/6/2019 13:49:12,25 - 29,Female,White,5 - 9 years,Teacher,Middle School,AZ,3,4,4,4,5,3,3,4,3,4,4,3,4,4,4,4,4,5,5,5,5,5,4,3,,4
9/6/2019 13:54:02,60 - 64,Female,White,25 - 29 years,Administrator,Lower School,AZ,4,4,5,4,4,4,4,4,4,5,5,3,4,5,5,4,4,5,3,4,4,4,5,5,5,4
9/6/2019 14:00:13,55 - 59,Female,White,5 - 9 years,Teacher,Middle School,AZ,5,3,5,4,5,4,4,2,4,5,5,4,4,5,4,4,5,5,4,4,4,4,5,5,5,4
9/6/2019 14:05:43,40 - 44,Female,White,15 - 19 years,Support Staff,Middle School,AZ,4,5,4,5,4,5,3,2,5,5,5,3,3,5,5,4,5,5,2,3,4,5,5,2,5,3
9/6/2019 14:05:58,25 - 29,Female,White,5 - 9 years,Teacher,Middle School,AZ,4,4,4,5,4,4,3,3,4,4,3,4,4,4,4,3,4,4,4,4,3,4,4,3,3,4
9/6/2019 14:12:58,45 - 49,Female,White,15 - 19 years,Teacher,Middle School,AZ,4,4,4,4,4,5,4,3,5,5,4,4,4,5,4,4,5,5,5,4,4,5,4,4,4,5
9/6/2019 14:13:56,60 - 64,Female,White,30 or more years,Administrator,,AZ,4,4,4,4,4,4,3,3,4,4,5,3,4,4,4,4,5,5,5,3,4,5,4,4,4,4
9/6/2019 14:28:31,30 - 34,Female,White,5 - 9 years,Teacher,Lower School,AZ,4,3,4,3,4,5,4,2,3,4,4,2,3,5,4,4,4,4,4,4,3,4,3,2,4,3
9/6/2019 14:31:22,35 - 39,Female,LatinX/Hispanic,15 - 19 years,Teacher,Middle School,AZ,5,4,5,5,5,5,5,5,5,5,4,4,4,5,4,4,5,5,5,4,4,5,5,4,5,4
9/6/2019 14:33:06,45 - 49,Female,White,15 - 19 years,Teacher,Lower School,AZ,4,4,5,4,3,,4,2,3,4,4,2,4,3,4,4,,3,3,3,4,4,4,4,5,4
9/6/2019 14:39:34,30 - 34,Female,White,10 - 14 years,Teacher,Upper School,AZ,3,4,4,5,4,5,3,3,3,5,3,4,4,3,5,3,3,5,2,3,4,5,4,3,4,3
9/6/2019 14:41:24,35 - 39,Female,Prefer not to answer,20 - 24 years,Teacher,Upper School,AZ,4,4,5,4,5,5,5,3,4,5,4,5,4,5,5,5,4,4,5,3,3,5,5,4,4,5
9/6/2019 14:43:13,45 - 49,Female,White,20 - 24 years,Administrator,,AZ,3,4,4,4,5,4,4,3,4,4,4,2,3,4,5,4,5,4,5,5,4,5,4,4,3,4
9/6/2019 14:47:54,40 - 44,Female,White,20 - 24 years,Administrator,Middle School,AZ,4,4,4,4,4,4,4,4,4,4,5,4,4,4,4,3,4,5,3,3,4,4,5,4,4,4
9/6/2019 15:01:56,55 - 59,Female,White,30 or more years,Teacher,Middle School,AZ,2,4,4,5,3,5,3,3,4,5,5,5,3,5,4,5,5,5,5,3,5,5,5,3,5,5
9/6/2019 15:07:55,50 - 54,Female,White,20 - 24 years,Administrator,Upper School,AZ,2,4,4,4,4,5,3,3,5,5,3,3,2,5,4,4,4,4,3,3,3,3,3,3,4,4
9/6/2019 15:09:49,60 - 64,Female,White,30 or more years,Teacher,Middle School,AZ,3,4,5,4,4,4,4,3,2,4,5,4,4,3,5,4,3,5,5,4,3,3,3,4,5,5
9/6/2019 15:17:55,55 - 59,Female,White,15 - 19 years,Teacher,Upper School,AZ,3,4,5,4,4,5,5,5,4,4,5,4,4,4,5,4,4,5,5,4,5,4,4,5,5,5
9/6/2019 15:52:48,40 - 44,Female,White,10 - 14 years,Administrator,Upper School,AZ,3,4,5,5,5,4,3,3,4,5,5,5,4,4,5,4,4,5,5,5,5,5,5,4,5,4
9/6/2019 17:28:44,30 - 34,Female,White,5 - 9 years,Administrator,Upper School,AZ,4,3,4,4,3,3,4,5,4,4,3,5,4,3,4,4,4,4,4,3,4,4,3,3,3,4
9/6/2019 18:26:54,45 - 49,Female,Prefer not to answer,20 - 24 years,Teacher,Upper School,AZ,4,5,4,4,5,5,4,5,3,5,5,4,5,5,4,5,4,5,5,3,3,5,5,4,4,5
9/6/2019 19:58:31,35 - 39,Female,White,15 - 19 years,Teacher,Lower School,AZ,3,3,5,5,5,5,4,4,5,5,5,5,5,5,5,4,5,5,4,5,5,5,5,4,5,5
9/6/2019 20:20:08,60 - 64,Female,White,30 or more years,Teacher,Lower School,AZ,5,4,5,4,5,5,4,4,5,5,5,4,5,5,5,5,5,5,5,4,4,5,5,5,5,4
9/7/2019 16:34:07,60 - 64,Female,White,30 or more years,Teacher,Upper School,AZ,4,4,4,4,4,4,5,5,4,4,4,3,4,5,5,4,5,5,5,4,4,4,4,4,4,4
9/7/2019 16:41:33,55 - 59,Female,White,30 or more years,Teacher,Lower School,AZ,4,4,4,4,4,5,4,4,4,5,5,4,4,4,5,5,5,5,4,5,4,4,4,4,5,5
9/7/2019 21:16:14,50 - 54,Female,Prefer not to answer,20 - 24 years,Teacher,Middle School,AZ,4,5,5,4,5,4,5,5,4,3,5,5,4,5,4,5,5,4,4,4,4,4,4,4,4,5
9/8/2019 16:11:17,35 - 39,Female,White,15 - 19 years,Teacher,Middle School,MA,4,4,5,5,4,4,4,4,4,4,4,4,4,4,4,4,4,5,5,2,3,4,4,3,5,3
9/8/2019 23:47:29,35 - 39,Female,White,15 - 19 years,Teacher,Lower School,AZ,4,4,4,5,4,5,5,5,4,4,4,4,4,5,4,,4,4,4,4,4,3,4,4,3,5
9/9/2019 10:55:55,55 - 59,Female,White,30 or more years,Administrator,,AZ,5,4,4,5,4,3,3,3,3,3,4,2,2,4,4,4,5,4,5,3,3,4,4,4,5,4
9/9/2019 11:50:11,55 - 59,Female,White,20 - 24 years,,Middle School,AZ,5,4,4,4,4,4,4,4,4,4,4,5,3,4,4,4,4,5,4,3,4,4,4,4,4,4
9/9/2019 12:09:46,25 - 29,Female,White,5 - 9 years,Administrator,Lower School,AZ,4,3,5,5,4,5,2,3,2,4,4,5,3,4,4,4,2,5,5,2,2,5,5,2,3,2
9/9/2019 15:04:08,50 - 54,Female,White,25 - 29 years,Teacher,Middle School,MA,4,4,5,5,5,4,4,3,3,4,4,4,4,5,5,4,3,5,3,2,3,4,4,3,3,3
9/9/2019 17:59:26,60 - 64,Female,White,25 - 29 years,Teacher,Lower School,AZ,3,3,4,5,4,4,4,4,4,5,5,4,4,5,5,4,5,5,5,3,4,4,5,4,4,5
9/9/2019 19:25:18,50 - 54,Female,White,25 - 29 years,Teacher,Lower School,AZ,4,3,5,4,4,5,4,4,5,4,5,5,4,5,5,4,5,4,5,4,4,4,4,4,4,5
9/9/2019 22:44:40,50 - 54,Female,White,25 - 29 years,Administrator,Middle School,CA,1,3,4,4,4,3,3,5,3,3,3,2,2,2,4,3,3,4,4,2,3,4,3,3,4,4
9/10/2019 9:23:24,35 - 39,Female,White,15 - 19 years,Teacher,Early Childhood,AZ,4,3,5,4,4,4,5,4,5,5,5,5,4,4,4,4,5,4,4,5,4,4,5,4,5,4
9/10/2019 10:30:00,60 - 64,Female,White,20 - 24 years,Teacher,Middle School,,4,4,5,5,5,5,4,4,5,5,5,5,4,5,4,4,4,5,4,4,5,5,5,5,4,4
9/10/2019 15:20:32,35 - 39,Female,White,10 - 14 years,Teacher,Lower School,AZ,5,5,5,5,5,5,5,5,5,5,5,5,5,5,5,5,5,4,5,4,5,5,5,5,5,5
9/10/2019 15:22:33,25 - 29,Female,White,0 - 4 years,Teacher,Lower School,AZ,4,4,5,4,4,5,4,5,4,5,5,5,4,5,5,4,4,5,5,4,5,4,5,5,5,5
9/10/2019 16:09:29,30 - 34,Female,Bi/Multiracial,0 - 4 years,Teacher,Lower School,AZ,4,4,4,4,4,3,4,4,4,5,5,4,3,4,4,4,4,5,4,3,4,4,4,3,3,4
9/11/2019 16:36:04,60 - 64,Female,White,30 or more years,Teacher,Lower School,AZ,3,3,4,4,4,4,5,3,4,4,4,4,3,4,4,5,5,5,5,4,4,5,4,3,4,5
9/11/2019 16:44:34,45 - 49,Female,Asian,15 - 19 years,Teacher,Lower School,AZ,3,3,5,5,5,4,5,5,5,5,5,5,5,5,5,5,5,5,5,5,5,5,5,5,5,5
9/12/2019 11:48:22,35 - 39,Female,White,5 - 9 years,Teacher,Early Childhood,AZ,4,3,5,5,5,5,3,3,3,4,4,5,4,5,4,3,3,5,5,2,3,4,4,3,3,4
9/13/2019 9:56:39,younger than 25 years old,Female,White,0 - 4 years,Teacher,Middle School,CA,5,4,5,5,5,5,4,5,4,4,5,4,4,5,5,5,5,5,4,4,5,4,5,3,5,5
9/13/2019 10:06:31,50 - 54,Female,White,5 - 9 years,Teacher,Upper School,CA,5,5,5,5,3,3,4,3,4,4,5,2,4,4,5,3,4,4,5,4,2,4,4,4,4,4
9/13/2019 10:07:55,40 - 44,Female,Bi/Multiracial,15 - 19 years,Administrator,,CA,5,4,5,5,4,4,4,3,4,4,5,5,4,3,5,4,4,5,3,4,4,5,4,4,4,5
9/13/2019 10:23:59,younger than 25 years old,Female,White,5 - 9 years,Teacher,Early Childhood,CA,4,4,4,4,3,4,3,4,3,4,4,5,4,4,4,4,2,5,4,3,4,4,4,3,3,3
9/13/2019 10:25:12,30 - 34,Female,Asian,10 - 14 years,Teacher,Upper School,CA,5,5,4,5,5,4,4,3,5,5,5,4,3,5,5,5,5,5,5,5,5,5,5,5,5,5
9/13/2019 10:33:56,35 - 39,Female,Prefer not to answer,5 - 9 years,Administrator,Upper School,CA,4,3,4,4,4,4,4,4,4,4,3,4,4,4,5,4,4,4,3,4,4,4,4,4,3,4
9/13/2019 10:40:58,30 - 34,Female,White,5 - 9 years,Teacher,Upper School,CA,4,5,5,5,5,5,4,2,4,4,5,5,3,5,5,5,5,4,5,4,5,4,5,5,4,5
9/13/2019 10:43:55,35 - 39,Female,Asian,20 - 24 years,Administrator,Upper School,CA,5,3,5,4,4,3,5,2,4,4,3,3,5,3,5,4,5,5,5,5,5,5,5,4,5,4
9/13/2019 10:46:43,30 - 34,Female,White,5 - 9 years,Teacher,Middle School,CA,5,5,4,4,2,4,1,2,3,5,5,4,2,5,5,4,4,5,5,2,2,5,5,3,4,4
9/13/2019 11:03:23,30 - 34,Female,White,5 - 9 years,Teacher,Upper School,CA,5,4,4,3,4,3,4,4,5,5,3,2,5,3,5,5,5,5,5,3,4,5,5,3,3,5
9/13/2019 11:56:33,25 - 29,Female,White,0 - 4 years,Teacher,Lower School,CA,4,5,3,4,4,5,3,3,3,5,5,3,4,4,3,4,3,5,5,5,4,5,5,4,3,3
9/13/2019 12:03:32,60 - 64,Female,White,10 - 14 years,Teacher,Middle School,CA,5,4,5,4,5,5,4,3,5,5,4,5,3,5,5,5,5,4,4,4,3,3,4,5,5,5
9/13/2019 12:09:05,35 - 39,Female,White,,Teacher,Upper School,CA,4,3,4,4,4,5,3,4,3,4,4,5,3,3,3,3,4,5,4,4,3,4,5,3,3,4
9/13/2019 12:22:51,50 - 54,Female,White,30 or more years,Administrator,,CA,5,4,5,5,4,5,4,4,4,5,5,5,4,3,5,4,5,4,5,5,5,5,5,5,5,5
9/13/2019 12:39:09,35 - 39,Female,White,5 - 9 years,Teacher,Upper School,CA,5,4,4,4,4,4,4,3,3,4,4,4,4,4,4,4,4,4,4,3,3,4,4,4,3,4
9/13/2019 12:51:31,45 - 49,Female,Black or African American,15 - 19 years,Teacher,Upper School,CA,5,3,5,4,5,4,4,2,3,3,4,3,4,4,4,4,4,3,4,3,2,4,3,4,4,5
9/13/2019 13:03:38,30 - 34,Female,White,5 - 9 years,Teacher,Upper School,CA,5,5,5,5,5,5,5,4,5,4,5,4,5,4,4,4,5,4,4,5,4,5,5,4,5,5
9/13/2019 13:29:50,25 - 29,Female,White,5 - 9 years,Teacher,Middle School,CA,5,5,5,4,3,5,5,3,4,4,5,5,2,4,5,3,5,4,4,5,4,4,4,4,5,4
9/13/2019 18:02:23,40 - 44,Female,Asian,5 - 9 years,Administrator,,CA,4,4,4,4,4,4,3,3,4,5,5,5,4,5,4,3,4,4,5,3,4,4,5,4,4,4
9/13/2019 19:33:48,40 - 44,Female,White,20 - 24 years,Administrator,,CA,2,4,5,4,4,4,5,3,3,5,5,5,5,5,5,5,5,5,3,5,3,5,5,3,5,5
9/13/2019 19:35:27,40 - 44,Female,White,20 - 24 years,Teacher,Upper School,CA,3,4,4,4,4,,4,2,3,5,5,5,4,3,2,4,4,5,5,1,4,5,5,5,5,5
9/13/2019 20:10:03,60 - 64,Female,White,30 or more years,Teacher,Upper School,CA,2,5,5,5,5,5,5,3,5,5,3,3,4,5,5,5,5,5,5,5,3,3,3,5,4,5
9/13/2019 20:51:53,35 - 39,Female,White,10 - 14 years,Administrator,Upper School,CA,3,3,4,4,4,4,3,1,2,3,5,3,3,5,4,3,3,5,5,3,4,5,4,4,5,4
9/13/2019 21:24:46,40 - 44,Female,White,20 - 24 years,Teacher,Upper School,CA,3,4,5,5,3,4,5,3,3,5,4,5,4,1,4,5,4,4,2,5,4,4,3,4,4,2
9/13/2019 21:54:02,45 - 49,Female,White,25 - 29 years,Teacher,Lower School,CA,1,4,5,5,5,5,4,4,5,5,5,5,4,5,4,4,5,5,4,4,5,5,5,5,5,5
9/13/2019 23:15:34,40 - 44,Female,Asian,15 - 19 years,Teacher,Upper School,CA,5,4,4,4,4,4,4,4,4,4,5,5,4,4,4,4,4,4,4,4,4,4,4,4,4,4
9/13/2019 23:18:44,40 - 44,Female,White,15 - 19 years,Teacher,Lower School,CA,5,5,4,5,4,4,4,4,4,4,4,3,3,3,4,4,4,5,4,4,4,4,5,5,4,4
9/14/2019 10:08:59,30 - 34,Female,White,5 - 9 years,Teacher,Middle School,CA,5,4,5,4,4,5,5,5,5,5,5,4,5,5,5,5,5,5,3,5,5,5,5,5,5,3
9/14/2019 10:33:39,45 - 49,Female,Asian,10 - 14 years,Teacher,Lower School,CA,5,4,5,4,3,4,5,3,5,5,5,5,5,5,5,4,5,4,3,5,5,4,5,5,5,5
9/14/2019 14:52:06,25 - 29,Female,White,5 - 9 years,Teacher,Lower School,CA,4,4,5,5,4,5,3,2,3,5,5,3,4,5,4,4,4,5,2,4,4,5,3,5,4,3
9/14/2019 15:39:42,35 - 39,Female,White,10 - 14 years,Administrator,Upper School,CA,2,4,5,5,5,5,5,5,5,5,5,5,5,5,5,5,5,5,5,5,5,5,5,5,5,5
9/14/2019 18:24:08,younger than 25 years old,Female,White,0 - 4 years,Teacher,Lower School,CA,3,5,5,5,4,5,5,5,5,5,5,5,5,5,5,5,5,5,5,5,5,5,5,5,5,5
9/14/2019 19:53:47,60 - 64,Female,White,,Teacher,Upper School,CA,3,3,5,4,4,4,3,4,5,5,4,4,3,4,4,4,4,5,4,4,4,5,4,4,5,5
9/15/2019 11:00:57,35 - 39,Female,White,0 - 4 years,Teacher,Lower School,CA,4,4,4,5,4,4,3,2,3,3,4,4,3,4,3,3,3,3,4,2,3,3,3,3,3,3
9/15/2019 14:12:18,55 - 59,Female,White,25 - 29 years,,Upper School,CA,2,3,5,5,5,3,5,4,4,5,5,5,4,5,4,5,5,5,5,4,4,5,5,5,5,5
9/15/2019 23:02:14,30 - 34,Female,White,5 - 9 years,Teacher,Upper School,CA,5,4,4,4,3,4,1,2,3,5,4,4,2,3,3,2,3,4,4,4,4,4,4,4,4,4
9/16/2019 0:35:21,40 - 44,Female,White,15 - 19 years,Teacher,Upper School,CA,5,4,5,5,5,3,3,4,4,5,5,3,5,4,5,3,4,5,3,3,3,5,4,3,5,5
9/16/2019 9:05:44,60 - 64,Female,White,30 or more years,Administrator,Upper School,CA,4,3,5,4,5,4,5,5,5,5,5,5,5,5,5,5,5,4,5,5,5,5,5,5,5,5
9/16/2019 9:23:08,60 - 64,Female,White,0 - 4 years,Support Staff,,CA,4,4,3,3,4,4,4,4,4,4,5,5,5,5,5,5,5,5,5,3,4,5,5,5,5,5
9/16/2019 9:35:06,30 - 34,Female,White,5 - 9 years,Teacher,Lower School,CA,3,4,4,3,2,4,2,3,3,5,5,2,3,3,4,4,4,4,2,2,2,4,4,2,3,3
9/16/2019 10:51:38,40 - 44,Female,White,5 - 9 years,Administrator,,CA,5,4,3,4,4,3,4,3,4,5,5,4,4,4,5,4,4,4,4,3,4,4,5,4,3,3
9/16/2019 10:59:58,30 - 34,Female,Prefer not to answer,5 - 9 years,Teacher,Upper School,CA,5,4,5,5,5,5,4,1,4,4,5,5,4,5,5,2,5,4,5,4,1,5,5,5,5,4
9/16/2019 11:53:34,60 - 64,Female,White,30 or more years,Teacher,Lower School,CA,2,4,5,4,5,5,4,4,5,4,4,4,5,5,5,5,5,4,4,4,4,5,5,4,4,5
9/16/2019 17:26:56,25 - 29,Female,Bi/Multiracial,0 - 4 years,Teacher,Upper School,CA,5,3,4,4,5,3,4,3,5,5,4,5,5,5,4,3,5,4,5,4,3,4,3,4,4,5
9/16/2019 21:22:35,60 - 64,Female,,30 or more years,Teacher,Lower School,CA,3,3,4,4,3,4,4,3,3,5,5,3,4,5,4,4,3,5,2,3,4,4,5,4,3,5
9/17/2019 10:01:06,30 - 34,Female,White,5 - 9 years,Teacher,Lower School,CA,5,3,4,4,4,4,4,4,4,4,4,3,4,3,5,4,5,4,3,4,3,4,4,2,3,3
9/18/2019 10:32:57,45 - 49,Female,White,0 - 4 years,Teacher,Middle School,CA,3,4,5,5,5,5,5,5,5,5,5,5,5,5,5,5,5,5,5,5,5,5,5,5,5,5
9/18/2019 13:48:42,50 - 54,Female,White,20 - 24 years,Teacher,Upper School,TN,3,4,4,4,4,3,4,5,4,5,5,3,4,4,4,4,5,5,5,4,4,3,5,4,4,3
9/18/2019 13:50:04,45 - 49,Female,White,20 - 24 years,Teacher,Upper School,TN,3,5,5,4,4,5,5,4,5,4,4,2,4,5,5,4,5,2,4,5,4,4,4,5,4,5
9/18/2019 13:52:38,45 - 49,Female,White,20 - 24 years,Teacher,Upper School,TN,2,4,4,4,4,5,4,5,5,5,5,5,5,4,5,3,5,5,4,4,4,5,5,5,4,5
9/18/2019 13:52:51,25 - 29,Female,White,0 - 4 years,Teacher,Upper School,TN,4,4,4,5,3,3,4,3,4,4,5,3,4,5,3,4,4,5,4,3,4,5,5,3,4,4
9/18/2019 14:05:54,65 - 69,Female,White,30 or more years,Teacher,Upper School,TN,4,4,5,5,5,5,4,4,5,5,4,5,4,4,5,5,5,5,5,4,4,5,4,5,4,5
9/18/2019 14:10:21,30 - 34,Female,White,5 - 9 years,Teacher,Upper School,TN,4,5,5,4,4,4,4,5,5,5,5,5,4,5,4,4,5,4,4,4,5,5,5,4,4,5
9/18/2019 14:15:06,55 - 59,Female,White,30 or more years,Teacher,Upper School,TN,2,4,4,3,5,4,4,3,4,5,4,4,2,4,5,4,5,4,5,4,3,5,4,3,4,5
9/18/2019 14:15:26,55 - 59,Female,White,30 or more years,Teacher,Upper School,TN,4,4,5,5,5,4,4,3,4,5,5,,4,4,5,4,4,5,5,4,4,5,5,5,4,4
9/18/2019 14:17:25,50 - 54,Female,Black or African American,5 - 9 years,Administrator,Upper School,TN,2,3,4,4,4,4,3,2,4,5,5,5,5,5,5,5,5,5,4,5,5,5,5,5,5,5
9/18/2019 14:17:36,35 - 39,Female,White,15 - 19 years,,Upper School,TN,3,4,4,4,4,4,3,3,3,4,3,3,4,4,4,4,4,4,5,3,4,4,4,3,4,4
9/18/2019 14:35:40,60 - 64,Female,White,30 or more years,Teacher,Upper School,TN,3,3,5,5,5,5,5,5,5,5,5,5,4,5,5,5,5,5,5,5,5,5,5,5,5,5
9/18/2019 14:46:30,60 - 64,Female,White,30 or more years,Teacher,Upper School,TN,3,3,4,4,5,4,5,5,5,5,5,5,4,5,5,5,4,5,5,4,5,4,5,5,5,5
9/18/2019 14:55:44,35 - 39,Female,White,10 - 14 years,Teacher,Upper School,TN,3,4,5,5,5,5,5,4,4,4,4,5,4,5,5,5,5,5,5,5,5,5,4,4,5,5
9/18/2019 15:30:58,55 - 59,Female,White,30 or more years,Teacher,Upper School,TN,2,4,5,5,5,5,4,5,5,5,5,5,4,5,5,5,5,4,5,5,5,4,5,4,5,5
9/18/2019 15:33:46,35 - 39,Female,Bi/Multiracial,10 - 14 years,Teacher,Upper School,TN,3,4,5,3,4,3,5,4,4,4,4,3,3,4,5,5,5,5,4,4,4,5,5,4,4,5
9/18/2019 15:39:02,45 - 49,Female,White,20 - 24 years,Teacher,Upper School,TN,2,2,5,4,4,3,4,4,4,5,5,5,5,5,4,4,4,5,5,5,5,5,5,5,5,5
9/18/2019 15:46:15,30 - 34,Female,White,0 - 4 years,Teacher,Upper School,TN,5,4,4,4,4,5,3,4,3,4,5,3,4,5,4,4,5,5,5,4,5,5,4,5,4,5
9/18/2019 22:36:34,45 - 49,Female,White,20 - 24 years,Teacher,Middle School,CA,5,5,5,4,5,5,4,1,4,4,5,5,4,4,5,4,4,4,4,2,3,4,5,3,5,4
9/19/2019 6:25:15,45 - 49,Female,Black or African American,5 - 9 years,Teacher,Upper School,TN,2,4,4,4,4,3,5,4,5,5,4,4,4,4,5,4,5,4,4,5,5,5,4,4,5,5
9/19/2019 12:22:52,35 - 39,Female,White,15 - 19 years,Teacher,Upper School,TN,3,4,3,3,3,2,2,1,3,4,4,4,3,2,5,3,2,5,4,1,3,4,5,3,3,2
9/19/2019 13:49:08,40 - 44,Female,White,10 - 14 years,Administrator,Upper School,TN,3,4,4,4,4,4,4,4,3,4,4,3,4,4,4,3,4,4,3,3,4,4,4,3,4,4
9/19/2019 14:21:21,45 - 49,Female,White,20 - 24 years,Teacher,Lower School,CA,3,4,5,5,5,5,4,4,4,5,4,4,4,5,5,4,5,5,5,4,4,5,5,5,5,4
9/20/2019 9:27:07,50 - 54,Female,White,20 - 24 years,Teacher,Middle School,TN,2,5,5,5,5,5,4,4,5,5,5,5,4,4,4,4,5,5,5,5,4,4,5,5,5,5
9/20/2019 9:32:10,25 - 29,Female,White,0 - 4 years,Support Staff,Middle School,TN,5,5,5,5,4,4,5,4,5,5,5,4,4,5,5,4,4,5,5,3,4,4,4,3,4,4
9/20/2019 9:33:37,40 - 44,Female,White,10 - 14 years,Teacher,Middle School,TN,3,4,5,4,4,4,3,4,3,5,4,5,4,4,3,4,4,5,5,3,3,4,4,4,3,3
9/20/2019 10:00:00,30 - 34,Female,White,5 - 9 years,Teacher,Lower School,TN,2,4,5,3,4,3,4,4,2,3,4,2,4,3,5,2,2,3,2,2,5,4,5,5,4,5
9/20/2019 10:19:38,70 - 75,Female,White,30 or more years,Teacher,Middle School,TN,4,4,5,5,5,5,4,5,5,5,5,4,5,5,5,5,5,4,5,5,4,4,5,5,5,5
9/20/2019 10:19:48,35 - 39,Female,White,10 - 14 years,Teacher,Early Childhood,TN,4,4,5,2,2,1,3,5,3,3,5,5,5,2,5,5,3,4,5,2,2,4,5,4,2,3
9/20/2019 10:52:30,70 - 75,Female,White,30 or more years,Support Staff,,TN,4,3,4,4,4,5,3,4,4,5,4,4,3,5,5,5,5,5,3,4,4,5,4,4,3,5
9/20/2019 10:54:36,45 - 49,Female,White,25 - 29 years,Support Staff,Middle School,TN,3,4,5,4,4,5,4,2,5,5,4,3,4,4,5,4,5,5,5,5,5,5,4,4,5,5
9/20/2019 10:56:12,40 - 44,Female,White,15 - 19 years,Teacher,Middle School,TN,3,3,4,4,4,4,5,5,5,4,5,4,5,5,5,4,5,4,5,5,5,5,5,4,5,4
9/20/2019 11:09:56,50 - 54,Female,White,15 - 19 years,Administrator,Early Childhood,TN,3,4,5,5,4,5,3,5,4,4,5,4,4,4,5,4,5,5,3,4,4,5,4,3,4,5
9/20/2019 11:27:31,70 - 75,Female,White,30 or more years,Teacher,Middle School,TN,3,4,5,4,4,4,5,4,4,4,3,3,4,2,4,4,5,4,4,4,3,3,3,3,4,5
9/20/2019 11:50:59,30 - 34,Female,Asian,5 - 9 years,Teacher,Upper School,CA,5,3,4,5,4,4,4,4,5,5,5,5,4,5,5,4,3,4,3,5,5,5,5,4,5,5
9/20/2019 11:51:13,55 - 59,Female,White,10 - 14 years,Teacher,Early Childhood,TN,3,3,5,5,5,4,5,5,5,5,5,5,5,5,5,5,5,5,5,5,5,5,5,5,5,5
9/20/2019 12:03:39,35 - 39,Female,Asian,10 - 14 years,Teacher,Middle School,TN,4,4,5,3,4,4,4,5,4,5,5,4,4,3,4,3,4,5,5,4,4,4,4,4,4,5
9/20/2019 12:18:42,40 - 44,Female,White,15 - 19 years,Teacher,Early Childhood,TN,3,4,4,4,3,3,4,3,3,4,4,4,4,3,4,4,4,5,5,4,4,3,4,3,3,3
9/20/2019 13:01:53,25 - 29,Female,White,5 - 9 years,Teacher,Early Childhood,TN,3,3,4,4,4,3,3,4,3,4,4,5,4,4,4,3,3,4,5,3,3,3,4,3,3,3
9/20/2019 13:05:14,25 - 29,Female,White,5 - 9 years,Teacher,Middle School,TN,4,4,5,4,3,3,4,4,4,4,4,4,4,4,3,3,4,4,5,4,5,4,4,4,4,4
9/20/2019 13:21:37,55 - 59,Female,White,20 - 24 years,Teacher,Middle School,TN,4,4,5,3,4,4,2,2,4,4,5,5,3,4,5,4,4,5,5,3,5,5,4,5,5,4
9/20/2019 16:42:32,45 - 49,Female,White,25 - 29 years,Administrator,Upper School,CA,5,4,4,4,3,4,2,2,3,3,4,3,3,3,4,5,5,5,5,5,5,5,5,5,3,5
9/21/2019 22:44:53,45 - 49,Female,White,15 - 19 years,Teacher,Lower School,TN,2,3,4,4,4,3,4,3,5,5,5,5,3,4,5,3,3,5,5,3,3,4,5,3,4,4
9/22/2019 20:58:55,45 - 49,Female,White,20 - 24 years,Teacher,Upper School,TN,2,5,5,5,4,5,4,3,5,5,5,4,4,5,4,4,5,5,5,4,4,4,4,4,5,4
9/23/2019 0:39:53,50 - 54,Female,White,20 - 24 years,Teacher,Middle School,CA,5,4,4,4,3,5,3,4,3,4,4,2,2,4,3,4,4,5,3,4,3,4,4,4,4,3
9/23/2019 6:31:09,35 - 39,Female,White,15 - 19 years,Administrator,Early Childhood,TN,5,4,3,4,4,4,4,4,3,4,3,3,3,4,5,3,5,4,3,3,4,3,3,3,4,4
9/23/2019 9:00:04,40 - 44,Female,White,5 - 9 years,Teacher,Lower School,TN,4,4,5,5,5,5,5,2,5,5,5,5,5,5,5,4,5,5,5,5,5,5,5,5,5,5
9/23/2019 10:58:58,40 - 44,Female,White,15 - 19 years,Teacher,Middle School,TN,5,3,5,5,5,5,4,4,5,5,5,5,5,5,5,5,5,5,4,5,5,5,5,4,5,5
9/23/2019 13:42:29,50 - 54,Female,White,25 - 29 years,Teacher,Middle School,TN,3,4,4,4,4,3,4,5,4,4,4,5,4,4,4,4,4,3,5,4,1,3,4,5,5,3
9/24/2019 8:06:26,35 - 39,Female,White,15 - 19 years,Teacher,Middle School,KY,2,3,4,4,3,4,4,3,4,4,4,2,4,4,4,3,3,4,4,2,4,4,4,3,5,4
9/24/2019 8:08:07,60 - 64,Female,White,25 - 29 years,Support Staff,Upper School,KY,2,5,5,5,5,3,5,5,5,5,5,5,5,5,5,5,5,5,5,5,5,5,5,5,5,5
9/24/2019 8:09:58,45 - 49,Female,White,25 - 29 years,Teacher,Lower School,KY,3,4,5,5,5,4,4,3,5,5,5,5,5,5,5,5,5,5,5,5,4,5,4,5,5,5
9/24/2019 8:11:33,40 - 44,Female,White,10 - 14 years,Administrator,,KY,4,5,4,4,4,4,2,3,3,3,2,2,3,4,4,3,4,4,4,4,4,4,4,3,3,4
9/24/2019 8:10:51,30 - 34,Female,White,10 - 14 years,Teacher,Middle School,KY,4,4,5,5,4,5,5,3,4,5,4,3,4,5,4,4,5,5,3,4,5,5,3,3,3,5
9/24/2019 8:15:30,25 - 29,Female,White,5 - 9 years,Teacher,Lower School,KY,2,3,4,5,4,5,3,3,5,5,5,5,4,5,4,3,5,4,5,3,3,4,5,5,5,5
9/24/2019 8:28:13,45 - 49,Female,White,10 - 14 years,Teacher,Lower School,KY,1,3,5,5,4,4,4,4,4,5,4,5,4,5,4,4,4,5,5,5,4,4,5,4,4,4
9/24/2019 8:37:33,30 - 34,Female,White,10 - 14 years,Teacher,Upper School,KY,3,4,5,5,3,4,3,3,4,5,3,3,2,4,4,3,4,5,4,4,4,5,3,3,4,4
9/24/2019 9:04:10,60 - 64,Female,Black or African American,30 or more years,Administrator,Upper School,KY,3,3,5,5,4,3,4,3,3,3,3,5,4,4,3,4,3,3,5,4,3,3,3,5,3,5
9/24/2019 9:10:57,55 - 59,Female,White,30 or more years,Teacher,Lower School,KY,2,4,5,4,5,4,5,5,5,5,4,4,4,5,5,5,5,4,5,5,4,4,3,4,5,5
9/24/2019 9:25:24,45 - 49,Female,White,10 - 14 years,Administrator,Lower School,KY,2,2,4,4,4,3,3,2,3,4,3,3,4,4,3,2,4,4,4,3,4,4,4,3,3,3
9/24/2019 9:26:49,60 - 64,Female,White,15 - 19 years,,Middle School,KY,2,4,5,5,4,5,5,5,4,5,,5,,5,5,4,5,5,5,4,4,5,5,4,5,5
9/24/2019 9:37:47,60 - 64,Female,White,30 or more years,Teacher,Lower School,KY,3,2,5,4,5,4,4,4,5,5,5,5,4,4,4,5,4,5,5,5,3,4,4,4,5,4
9/24/2019 9:53:33,50 - 54,Female,White,15 - 19 years,Teacher,Lower School,KY,3,2,5,4,4,4,5,5,5,5,4,4,5,5,4,5,4,3,3,4,4,4,5,5,5,5
9/24/2019 9:58:24,60 - 64,Female,White,30 or more years,Teacher,Upper School,KY,3,4,5,5,4,4,4,4,5,5,5,5,5,5,5,5,5,4,4,5,4,4,5,4,5,4
9/24/2019 10:00:57,40 - 44,Female,White,15 - 19 years,Teacher,Lower School,KY,4,4,5,5,4,5,3,3,4,5,4,5,5,4,5,3,4,5,,4,4,5,4,5,5,2
9/24/2019 10:30:12,35 - 39,Female,White,10 - 14 years,,Lower School,KY,3,4,5,4,4,3,4,2,4,4,4,3,3,3,4,4,4,4,4,4,4,3,4,4,4,5
9/24/2019 10:40:54,50 - 54,Female,White,20 - 24 years,Administrator,Lower School,KY,3,3,4,4,4,3,3,4,4,4,4,4,3,3,4,3,4,4,3,4,4,3,3,4,5,5
9/24/2019 11:01:11,60 - 64,Female,White,25 - 29 years,Teacher,Lower School,KY,3,3,5,5,4,5,4,5,4,5,4,4,5,5,4,4,4,5,5,4,4,4,4,4,4,4
9/24/2019 11:21:51,55 - 59,Female,Prefer not to answer,15 - 19 years,Teacher,Lower School,KY,3,4,3,4,4,4,4,3,4,4,4,4,4,4,4,5,5,4,5,4,3,5,4,3,3,4
9/24/2019 12:05:59,55 - 59,Female,White,20 - 24 years,Teacher,Lower School,KY,1,4,5,5,5,5,5,5,5,5,5,5,5,5,5,4,5,5,5,4,4,4,5,5,5,5
9/24/2019 15:08:56,45 - 49,Female,White,25 - 29 years,Administrator,Upper School,,3,4,5,4,5,4,3,4,3,4,4,3,3,3,4,4,4,5,4,3,3,4,4,3,4,3
9/24/2019 16:00:56,45 - 49,Female,White,15 - 19 years,Teacher,Upper School,CA,4,5,4,4,3,3,3,2,3,4,4,3,4,4,3,4,3,4,3,4,3,3,4,3,4,3
9/25/2019 9:20:27,60 - 64,Female,White,25 - 29 years,Teacher,Upper School,KY,3,3,5,4,4,5,5,5,5,5,5,5,3,5,5,4,4,5,3,4,4,5,4,5,5,5
9/25/2019 13:20:09,40 - 44,Female,White,15 - 19 years,Teacher,Upper School,KY,3,4,5,5,4,4,5,3,4,5,5,5,5,4,5,4,3,5,3,5,5,5,5,5,5,3
9/25/2019 13:59:51,65 - 69,Female,White,25 - 29 years,Teacher,Middle School,TN,4,3,4,4,4,5,4,3,4,4,4,3,3,4,4,4,4,5,4,4,4,5,4,3,4,4
9/25/2019 17:38:47,25 - 29,Female,White,0 - 4 years,Teacher,Lower School,CA,5,3,4,5,3,4,3,4,2,4,5,5,3,5,4,4,3,5,5,2,3,4,5,5,4,4
9/25/2019 17:39:56,30 - 34,Female,Asian,5 - 9 years,Teacher,Lower School,CA,5,4,5,5,4,5,4,3,5,5,5,3,5,5,5,5,5,5,3,2,4,4,3,5,5,5
9/25/2019 17:40:07,30 - 34,Female,White,5 - 9 years,Teacher,Middle School,CA,5,4,5,4,4,5,4,4,4,5,5,5,4,5,4,5,5,4,5,5,5,5,5,5,4,4
9/25/2019 17:40:35,30 - 34,Female,White,10 - 14 years,Teacher,Lower School,CA,4,4,3,3,3,3,3,2,3,3,3,4,3,4,4,3,4,4,5,3,4,5,3,4,3,4
9/25/2019 17:40:41,40 - 44,Female,LatinX/Hispanic,15 - 19 years,Teacher,Lower School,CA,4,5,5,4,4,5,3,4,4,4,4,5,4,5,5,4,5,4,5,5,5,4,3,4,5,5
9/25/2019 17:41:09,30 - 34,Female,White,10 - 14 years,Administrator,Lower School,CA,4,3,3,3,3,4,4,4,3,2,2,2,3,5,3,4,4,3,5,4,4,3,2,2,1,5
9/25/2019 17:41:11,65 - 69,Female,White,30 or more years,Teacher,Middle School,CA,4,5,5,4,4,5,2,2,4,4,5,4,5,4,5,3,5,5,5,5,4,5,5,3,5,4
9/25/2019 17:41:19,55 - 59,Female,White,25 - 29 years,Teacher,Middle School,CA,5,5,5,4,4,5,4,4,3,3,5,4,3,4,5,5,4,5,4,4,3,5,4,4,4,3
9/25/2019 17:41:30,40 - 44,Female,White,0 - 4 years,Support Staff,Middle School,,3,2,4,4,4,3,5,5,4,4,5,3,5,5,4,4,5,5,3,4,5,5,5,5,4,3
9/25/2019 17:41:54,35 - 39,Female,White,5 - 9 years,Administrator,Lower School,CA,4,4,4,4,4,4,4,4,3,4,4,3,4,4,4,4,3,5,5,5,4,5,3,4,4,4
9/25/2019 17:42:14,younger than 25 years old,Female,White,0 - 4 years,Support Staff,Middle School,,4,4,4,4,4,4,3,3,2,2,4,3,3,4,4,4,4,4,5,4,4,4,4,3,4,5
9/25/2019 17:42:18,30 - 34,Female,Asian,5 - 9 years,Administrator,Lower School,CA,4,4,5,4,3,5,3,4,3,2,5,4,3,2,5,3,4,5,3,2,3,3,4,4,4,4
9/25/2019 17:42:25,70 - 75,Female,White,25 - 29 years,Teacher,Middle School,CA,5,5,4,4,4,5,3,3,3,4,4,3,4,4,4,4,3,4,4,4,4,4,4,4,4,4
9/25/2019 17:42:40,30 - 34,Female,White,10 - 14 years,Teacher,Lower School,CA,4,4,5,4,2,3,3,4,4,3,3,4,4,3,4,4,5,3,5,2,4,4,3,3,4,3
9/25/2019 17:42:44,50 - 54,Female,Asian,30 or more years,,Middle School,CA,4,4,5,4,4,5,4,5,4,3,3,5,4,4,5,5,5,3,5,3,4,3,4,4,4,5
9/25/2019 17:43:10,45 - 49,Female,Prefer not to answer,5 - 9 years,Administrator,Lower School,CA,4,4,4,4,4,4,4,3,3,4,3,2,2,2,4,4,3,5,4,2,3,3,2,3,4,4
9/25/2019 17:43:28,40 - 44,Female,White,15 - 19 years,Teacher,Lower School,CA,4,5,5,4,4,5,3,4,4,4,5,5,4,3,5,4,4,5,4,3,4,5,3,4,5,5
9/25/2019 17:43:38,45 - 49,Female,Asian,5 - 9 years,Support Staff,Middle School,CA,3,3,4,4,3,4,4,5,3,4,3,4,3,3,5,5,5,4,4,4,3,4,3,4,4,4
9/25/2019 17:43:43,25 - 29,Female,Asian,5 - 9 years,Teacher,Middle School,CA,4,5,4,3,3,5,3,4,3,4,5,5,3,4,4,4,4,5,5,4,3,5,4,4,3,4
9/25/2019 17:43:51,45 - 49,Female,White,10 - 14 years,Administrator,Lower School,CA,4,4,4,3,4,4,4,3,4,4,3,3,4,4,4,5,5,4,5,5,4,3,3,4,4,5
9/25/2019 17:44:03,25 - 29,Female,Asian,5 - 9 years,Teacher,Lower School,CA,4,4,2,2,3,3,2,3,3,3,5,5,4,4,3,3,4,4,3,2,2,4,4,4,3,3
9/25/2019 17:44:06,45 - 49,Female,Prefer not to answer,15 - 19 years,Teacher,Lower School,CA,4,5,4,4,3,5,3,2,3,4,5,4,3,5,4,4,4,4,3,2,3,3,5,5,5,4
9/25/2019 17:44:51,60 - 64,Female,White,30 or more years,Teacher,Lower School,CA,4,4,4,5,4,5,4,4,5,5,4,5,4,5,5,5,5,5,5,5,5,4,4,4,5,5
9/25/2019 17:45:00,45 - 49,Female,Bi/Multiracial,25 - 29 years,Teacher,Middle School,CA,4,4,3,4,4,4,3,3,4,4,4,5,4,4,4,5,5,,5,4,5,5,4,4,5,5
9/25/2019 17:45:02,35 - 39,Female,White,15 - 19 years,Teacher,Middle School,CA,5,5,4,4,4,5,4,3,4,5,5,5,4,5,5,4,4,5,4,3,5,5,5,5,4,4
9/25/2019 17:46:16,30 - 34,Female,White,0 - 4 years,Administrator,Lower School,CA,4,3,3,4,4,3,2,4,5,3,2,4,2,4,4,5,5,2,5,4,4,3,4,4,4,4
9/25/2019 17:47:25,60 - 64,Female,Asian,5 - 9 years,Teacher,Middle School,CA,3,4,4,3,3,3,4,3,4,3,5,3,3,3,5,4,3,3,4,5,4,3,4,4,5,5
9/25/2019 17:48:09,30 - 34,Female,White,10 - 14 years,Teacher,Lower School,CA,4,4,3,5,3,3,3,4,4,4,4,2,3,5,4,4,5,5,4,1,2,4,4,3,2,3
9/25/2019 17:48:10,35 - 39,Female,White,10 - 14 years,Teacher,Lower School,CA,3,4,4,3,3,3,3,4,3,3,4,3,3,4,5,2,4,5,3,3,4,5,5,4,4,4
9/25/2019 17:49:09,35 - 39,Female,Bi/Multiracial,5 - 9 years,Teacher,Lower School,CA,5,4,5,5,4,3,3,4,3,4,5,5,4,5,4,4,5,4,5,4,4,3,5,5,5,5
9/25/2019 17:50:20,30 - 34,Female,White,10 - 14 years,Teacher,Lower School,CA,4,4,3,3,4,4,4,4,4,4,3,4,3,4,3,4,4,3,4,3,3,4,4,4,3,4
9/25/2019 17:53:06,30 - 34,Female,White,5 - 9 years,Teacher,Lower School,CA,4,4,4,4,5,5,3,3,4,5,5,5,4,5,5,5,5,5,4,3,4,5,5,3,3,4
9/25/2019 17:53:31,30 - 34,Female,White,10 - 14 years,Teacher,Lower School,CA,3,4,4,3,3,4,3,4,3,3,3,2,3,3,4,3,2,3,4,3,3,3,3,4,3,2
9/25/2019 17:55:05,30 - 34,Female,White,5 - 9 years,Teacher,Lower School,CA,4,3,4,4,3,4,2,3,2,3,3,1,1,3,4,2,4,5,4,1,3,4,4,4,2,1
9/25/2019 17:56:37,45 - 49,Female,Asian,15 - 19 years,Administrator,,CA,4,4,5,4,3,4,3,2,3,3,4,4,4,4,5,3,4,5,5,3,3,4,5,4,4,4
9/25/2019 17:56:41,30 - 34,Female,White,0 - 4 years,Teacher,Lower School,CA,4,4,3,3,2,3,2,3,2,2,2,2,3,1,4,3,2,4,2,1,2,3,4,3,4,2
9/25/2019 17:58:59,45 - 49,Female,White,10 - 14 years,Teacher,Middle School,CA,4,4,4,4,3,3,4,4,3,4,3,2,3,4,4,2,2,4,2,1,3,4,4,3,2,4
9/25/2019 18:02:46,55 - 59,Female,White,25 - 29 years,Teacher,Middle School,,4,5,4,4,4,3,3,3,4,4,5,5,4,3,4,4,4,3,3,4,4,4,4,3,3,3
9/25/2019 18:30:43,55 - 59,Female,White,30 or more years,Teacher,Lower School,CA,4,5,5,5,4,5,5,5,5,5,4,5,5,5,5,5,5,5,5,5,5,5,4,5,5,5
9/26/2019 10:23:05,35 - 39,Female,White,15 - 19 years,Administrator,Lower School,CA,4,4,4,3,2,4,2,1,4,2,5,3,5,3,5,3,3,3,4,3,5,3,5,5,5,3
9/26/2019 11:21:11,40 - 44,Female,White,20 - 24 years,Teacher,Lower School,CA,3,4,4,4,3,3,3,4,3,4,3,3,3,4,4,4,4,5,4,4,3,5,3,3,3,4
9/26/2019 11:25:32,30 - 34,Female,White,5 - 9 years,Support Staff,Lower School,TN,3,4,4,5,4,4,2,3,4,4,4,5,5,5,5,5,5,4,5,5,4,4,4,3,3,2
9/26/2019 13:13:56,30 - 34,Female,White,5 - 9 years,Teacher,Lower School,CA,4,4,4,3,4,4,4,4,2,3,4,4,2,4,4,3,4,5,4,4,4,4,4,,3,3
9/26/2019 19:43:14,30 - 34,Female,White,10 - 14 years,Administrator,Middle School,CA,4,5,4,3,4,4,4,5,5,4,3,2,2,5,5,3,4,4,4,5,5,4,3,3,3,4
9/30/2019 11:58:32,40 - 44,Female,LatinX/Hispanic,0 - 4 years,Administrator,Middle School,AZ,5,4,4,4,3,4,4,5,5,5,3,4,4,5,5,5,5,4,5,4,4,5,4,5,5,5
10/4/2019 20:47:53,25 - 29,Female,White,0 - 4 years,Teacher,Middle School,CA,4,4,5,5,5,4,3,4,3,5,5,3,4,5,5,4,4,5,4,3,4,4,5,3,4,4
9/4/2019 19:03:10,40 - 44,Male,White,15 - 19 years,Administrator,Upper School,FL,2,4,4,3,4,2,4,4,3,4,4,2,3,3,4,4,5,3,3,4,5,3,4,5,5,4
9/5/2019 9:27:56,45 - 49,Male,White,15 - 19 years,Administrator,Upper School,SC,3,4,4,4,4,4,4,4,4,4,3,4,3,3,4,3,4,4,4,4,4,4,4,3,4,4
9/6/2019 13:27:07,30 - 34,Male,White,0 - 4 years,Teacher,Upper School,AZ,4,5,4,5,4,3,3,3,3,5,5,5,4,4,4,3,4,5,4,4,4,5,5,4,3,2
9/6/2019 13:51:22,40 - 44,Male,White,20 - 24 years,Support Staff,Middle School,AZ,2,4,4,4,4,3,3,3,4,4,4,5,4,4,3,4,4,4,5,4,4,4,4,3,4,3
9/6/2019 13:53:42,55 - 59,Male,White,20 - 24 years,Teacher,Upper School,AZ,4,4,5,4,4,5,3,2,3,4,5,5,2,4,5,5,3,5,5,4,4,4,5,3,3,4
9/6/2019 14:03:09,40 - 44,Male,White,20 - 24 years,Administrator,Middle School,AZ,3,3,4,4,3,4,3,3,3,4,4,3,3,4,4,4,4,4,3,4,4,4,4,4,4,4
9/6/2019 14:16:48,65 - 69,Male,White,30 or more years,Teacher,Upper School,AZ,3,4,5,4,5,4,4,3,3,4,5,4,3,4,5,3,4,4,5,4,4,4,4,4,5,1
9/6/2019 14:35:16,45 - 49,Male,Bi/Multiracial,0 - 4 years,Teacher,Upper School,AZ,5,4,4,3,4,3,3,3,4,4,4,5,4,4,3,4,4,5,5,4,4,5,4,4,5,4
9/6/2019 14:49:49,30 - 34,Male,White,10 - 14 years,Teacher,Middle School,AZ,4,4,4,3,4,3,4,5,4,2,3,2,4,3,4,5,5,2,4,3,3,4,4,3,3,4
9/6/2019 14:51:41,70 - 75,Male,White,10 - 14 years,Teacher,Middle School,AZ,4,4,3,1,3,5,3,4,5,4,5,5,4,3,4,5,4,5,3,3,4,4,5,5,5,4
9/6/2019 15:03:50,35 - 39,Male,White,5 - 9 years,Teacher,Upper School,AZ,4,5,5,5,5,5,5,5,4,5,5,5,4,4,5,5,5,5,5,,,4,5,5,5,2
9/6/2019 15:56:48,55 - 59,Male,White,25 - 29 years,Teacher,Middle School,AZ,5,4,4,3,3,3,4,4,2,3,4,4,3,3,4,4,3,2,4,3,3,3,4,3,4,3
9/7/2019 0:52:03,30 - 34,Male,White,10 - 14 years,Teacher,Upper School,AZ,3,5,5,5,4,5,4,5,4,5,5,5,4,5,5,4,5,5,5,5,5,5,5,5,5,5
9/9/2019 6:14:55,35 - 39,Male,Bi/Multiracial,15 - 19 years,Administrator,Lower School,NJ,3,5,5,4,4,5,3,3,4,5,5,5,4,5,4,3,4,4,2,4,4,4,4,4,4,2
9/9/2019 9:07:41,50 - 54,Male,White,25 - 29 years,Teacher,Middle School,AZ,4,4,4,4,4,4,4,4,4,4,4,4,4,4,4,4,4,4,4,4,4,4,4,4,4,4
9/9/2019 9:50:45,25 - 29,Male,White,0 - 4 years,Administrator,Upper School,AZ,4,4,4,4,4,4,4,4,4,4,4,4,4,4,4,4,4,4,4,4,4,4,4,4,4,4
9/9/2019 10:09:20,30 - 34,Male,White,5 - 9 years,Teacher,Upper School,AZ,4,5,4,4,5,3,4,5,4,3,5,5,4,3,5,4,5,5,5,2,5,5,5,5,5,5
9/9/2019 12:14:46,50 - 54,Male,White,10 - 14 years,Support Staff,Upper School,AZ,4,4,4,4,5,3,3,4,4,4,3,3,5,4,4,4,4,5,5,4,4,4,4,3,4,4
9/9/2019 17:11:04,50 - 54,Male,White,25 - 29 years,Teacher,Lower School,AZ,4,4,4,4,4,3,4,5,4,4,4,4,4,4,4,3,4,4,5,5,4,4,4,5,4,4
9/9/2019 19:05:00,35 - 39,Male,White,10 - 14 years,Administrator,Upper School,AZ,4,4,5,5,5,5,5,5,5,5,5,5,5,5,5,5,5,5,5,5,5,5,5,5,5,5
9/11/2019 9:53:52,55 - 59,Male,LatinX/Hispanic,30 or more years,Teacher,Lower School,AZ,5,5,5,5,5,4,5,4,5,5,4,5,4,5,5,4,5,5,5,4,4,5,5,4,5,5
9/11/2019 12:07:07,40 - 44,Male,White,20 - 24 years,Administrator,Upper School,CA,2,3,4,4,4,5,3,5,5,4,3,4,4,5,4,4,3,4,5,5,4,3,3,4,4,4
9/13/2019 9:44:10,30 - 34,Male,Prefer not to answer,10 - 14 years,Teacher,Upper School,CA,5,3,5,4,5,5,3,5,3,5,5,5,5,5,5,2,4,5,5,4,5,5,5,5,5,5
9/13/2019 9:58:25,50 - 54,Male,Prefer not to answer,0 - 4 years,Teacher,Upper School,CA,5,4,5,4,4,4,4,4,4,5,5,4,3,4,5,4,4,4,4,5,4,4,5,4,4,4
9/13/2019 10:06:02,55 - 59,Male,White,30 or more years,Teacher,Upper School,CA,5,4,4,4,4,4,4,2,3,4,3,3,4,4,4,4,5,5,5,4,3,5,4,4,3,3
9/13/2019 10:18:05,30 - 34,Male,LatinX/Hispanic,10 - 14 years,Teacher,Upper School,CA,5,4,5,3,3,3,5,1,4,5,5,5,5,5,5,5,,4,5,5,5,5,5,5,5,5
9/13/2019 10:30:08,30 - 34,Male,White,5 - 9 years,Teacher,Upper School,CA,5,4,5,3,3,3,5,4,3,4,5,5,4,3,3,5,4,3,5,4,3,4,4,2,5,4
9/13/2019 10:42:00,50 - 54,Male,White,15 - 19 years,Teacher,Upper School,CA,5,5,5,5,5,4,5,4,5,4,5,5,5,5,5,4,5,4,5,5,5,5,5,5,5,5
9/13/2019 10:50:04,35 - 39,Male,White,10 - 14 years,Teacher,Upper School,CA,5,4,4,5,4,5,5,4,3,5,3,2,4,4,2,2,5,5,3,4,3,5,3,3,3,3
9/13/2019 10:57:03,25 - 29,Male,Black or African American,5 - 9 years,Administrator,Upper School,CA,4,4,4,3,4,4,3,4,2,3,4,4,3,3,4,4,4,4,4,3,4,4,4,3,3,3
9/13/2019 11:22:19,35 - 39,Male,White,10 - 14 years,Administrator,Upper School,CA,5,4,4,5,5,5,4,4,5,4,4,5,4,5,4,5,5,4,5,5,5,4,3,4,3,4
9/13/2019 11:43:41,70 - 75,Male,White,10 - 14 years,Teacher,Middle School,CA,5,4,4,4,4,3,4,4,4,4,4,4,4,4,4,4,4,4,4,3,4,4,3,4,4,4
9/13/2019 12:05:31,65 - 69,Male,White,30 or more years,Teacher,Upper School,CA,5,4,4,4,4,3,3,2,3,4,3,5,3,4,2,3,3,3,5,3,3,3,5,3,3,4
9/13/2019 19:58:25,50 - 54,Male,White,25 - 29 years,Teacher,Upper School,CA,2,4,5,5,5,3,5,5,5,5,5,5,4,4,5,4,5,4,5,5,5,5,5,5,5,5
9/15/2019 0:20:40,40 - 44,Male,White,10 - 14 years,Teacher,Upper School,CA,2,3,4,4,5,3,5,5,5,5,3,5,4,5,4,5,5,5,5,5,3,5,5,5,4,5
9/15/2019 17:29:25,30 - 34,Male,Bi/Multiracial,5 - 9 years,Teacher,Upper School,CA,4,5,4,4,3,2,3,3,3,4,5,2,3,2,5,3,3,4,3,2,3,3,3,2,3,3
9/15/2019 23:43:54,35 - 39,Male,White,0 - 4 years,Teacher,Upper School,CA,4,4,4,3,5,4,3,2,2,3,3,4,3,4,4,4,5,3,5,2,4,4,5,4,4,3
9/16/2019 9:57:43,45 - 49,Male,White,0 - 4 years,Teacher,Upper School,CA,2,3,4,4,4,3,4,3,4,5,3,4,3,4,3,3,4,5,5,3,4,5,3,4,3,4
9/16/2019 10:55:49,35 - 39,Male,White,10 - 14 years,Teacher,Upper School,CA,5,5,5,5,4,3,4,3,3,4,5,4,2,4,4,5,3,4,3,4,3,5,4,3,3,4
9/16/2019 12:17:36,40 - 44,Male,White,10 - 14 years,Teacher,Upper School,CA,3,4,4,4,4,4,3,5,3,4,4,5,3,3,4,3,3,3,4,3,3,3,4,3,4,4
9/16/2019 15:13:38,30 - 34,Male,LatinX/Hispanic,5 - 9 years,Teacher,Middle School,CA,4,5,4,3,3,4,2,3,4,3,5,4,3,4,4,4,3,4,3,4,3,3,5,2,2,3
9/16/2019 17:55:32,35 - 39,Male,White,10 - 14 years,Teacher,Middle School,CA,3,3,5,5,5,4,4,3,4,5,5,3,3,3,4,5,5,3,4,4,4,4,5,5,5,5
9/17/2019 17:55:49,30 - 34,Male,White,10 - 14 years,Teacher,Lower School,CA,5,4,4,4,3,5,4,4,4,4,3,5,3,5,5,4,4,3,3,4,3,4,5,4,4,3
9/18/2019 13:49:23,50 - 54,Male,White,15 - 19 years,Teacher,Upper School,TN,3,4,4,4,4,4,4,4,4,4,4,4,4,4,4,4,4,4,4,4,4,4,4,4,4,4
9/18/2019 15:32:44,65 - 69,Male,White,30 or more years,Teacher,Upper School,TN,3,4,5,4,5,5,4,5,3,4,5,5,4,5,5,4,5,4,5,4,5,5,5,5,5,4
9/18/2019 15:53:54,45 - 49,Male,White,25 - 29 years,Teacher,Upper School,TN,4,5,5,2,5,4,5,3,4,4,4,5,3,3,4,4,5,5,5,5,3,5,4,4,4,5
9/19/2019 9:04:24,30 - 34,Male,White,10 - 14 years,Teacher,Upper School,TN,3,4,4,5,5,4,4,4,3,4,5,4,4,5,4,2,3,4,5,4,5,4,5,4,5,3
9/24/2019 8:15:03,60 - 64,Male,White,30 or more years,Teacher,Middle School,KY,3,4,4,3,3,4,4,4,4,4,4,5,4,4,3,4,4,3,4,3,3,3,4,4,3,3
9/24/2019 8:16:49,45 - 49,Male,White,20 - 24 years,Teacher,Middle School,KY,3,4,4,4,3,4,3,4,4,5,4,4,3,4,5,3,4,5,5,4,4,3,4,5,4,3
9/24/2019 8:49:16,40 - 44,Male,White,20 - 24 years,Administrator,Upper School,KY,3,4,4,4,3,4,2,4,4,4,5,4,4,4,4,4,4,4,5,4,4,4,4,4,4,5
9/24/2019 9:11:04,35 - 39,Male,White,5 - 9 years,Administrator,Middle School,KY,4,5,5,5,5,4,5,5,5,5,5,5,5,5,5,5,5,5,5,5,5,5,5,4,5,5
9/24/2019 10:47:18,50 - 54,Male,White,15 - 19 years,Teacher,Upper School,KY,4,4,5,3,4,4,3,3,4,4,5,4,2,2,5,3,3,4,5,2,3,4,5,5,5,2
9/24/2019 11:40:11,35 - 39,Male,White,5 - 9 years,Teacher,Upper School,KY,3,4,4,4,4,5,3,2,3,4,4,5,4,3,3,3,4,4,4,4,3,4,5,4,5,4
9/24/2019 12:28:24,45 - 49,Male,White,15 - 19 years,Administrator,,KY,3,4,4,4,4,3,5,2,3,3,4,2,3,4,4,3,4,3,5,4,4,4,4,4,4,4
9/25/2019 17:38:50,60 - 64,Male,White,25 - 29 years,Teacher,Middle School,CA,4,4,4,4,4,4,4,3,4,4,4,4,4,4,4,4,4,4,4,4,4,4,4,4,4,4
9/25/2019 17:43:31,40 - 44,Male,Native Hawaiian or Other Pacific Islander,0 - 4 years,Support Staff,Middle School,CA,4,4,5,4,4,4,3,3,3,5,3,2,2,3,5,5,4,4,3,4,4,4,4,4,3,3
9/25/2019 17:44:12,40 - 44,Male,White,,Teacher,Lower School,CA,4,4,3,4,3,4,3,4,3,,5,4,5,3,4,3,4,5,5,2,3,4,4,3,4,
9/25/2019 17:46:07,40 - 44,Male,LatinX/Hispanic,0 - 4 years,Support Staff,Lower School,CA,5,5,5,5,5,5,5,4,5,5,5,5,5,5,4,3,3,5,5,5,4,4,4,4,4,5
9/25/2019 17:47:42,40 - 44,Male,White,15 - 19 years,Administrator,Middle School,CA,4,5,4,4,3,4,4,5,4,4,5,5,3,4,4,4,4,3,5,3,3,2,5,3,3,3
9/25/2019 18:01:31,30 - 34,Male,Black or African American,5 - 9 years,Teacher,Middle School,CA,4,4,4,4,4,4,4,4,4,4,4,4,4,3,4,4,4,4,4,4,4,4,5,5,5,4
9/25/2019 19:47:26,40 - 44,Male,White,15 - 19 years,Administrator,Middle School,CA,4,4,4,3,4,5,3,2,4,5,4,4,4,5,4,3,5,4,5,5,5,5,4,4,4,5
9/26/2019 9:13:48,55 - 59,Male,White,20 - 24 years,Teacher,Middle School,CA,3,5,4,4,4,4,4,4,5,4,5,5,4,5,5,4,4,5,4,4,4,4,5,4,5,5
9/26/2019 13:22:05,younger than 25 years old,Male,White,0 - 4 years,Support Staff,Lower School,CA,4,5,4,3,3,3,3,4,3,4,5,5,3,4,4,4,3,4,5,2,5,4,4,3,3,4
9/26/2019 16:38:02,40 - 44,Male,White,20 - 24 years,Administrator,Upper School,CO,2,4,5,4,4,4,4,4,5,4,5,5,4,5,5,5,5,5,5,3,4,5,5,5,5,5
9/8/2019 15:13:41,30 - 34,Non-binary,Bi/Multiracial,10 - 14 years,Teacher,Middle School,MA,4,5,5,5,5,5,5,4,5,5,5,5,5,5,5,4,5,5,5,5,5,5,5,5,4,5
9/13/2019 11:16:59,35 - 39,Non-binary,Asian,10 - 14 years,Teacher,Upper School,CA,5,3,5,4,5,4,5,3,5,5,4,5,4,2,5,4,5,5,5,4,3,5,4,3,4,5
9/24/2019 8:55:16,25 - 29,Non-binary,White,5 - 9 years,Teacher,Middle School,KY,4,5,5,4,5,4,4,3,4,5,3,5,3,3,4,3,4,5,4,4,4,3,3,3,3,3
9/25/2019 17:41:29,35 - 39,Non-binary,Prefer not to answer,25 - 29 years,Teacher,Lower School,CA,4,4,4,5,5,3,5,5,5,4,3,4,5,5,5,3,5,5,5,5,4,5,5,4,4,5
9/6/2019 13:47:16,45 - 49,Prefer not to answer,Prefer not to answer,20 - 24 years,Teacher,Upper School,AZ,1,4,5,5,5,4,3,2,2,5,5,5,3,4,4,3,3,5,3,5,3,4,5,5,3,2
9/6/2019 13:48:01,30 - 34,Prefer not to answer,Prefer not to answer,10 - 14 years,Teacher,Lower School,AZ,2,1,4,4,4,3,2,2,3,4,4,3,3,4,4,3,3,5,4,2,3,4,4,5,4,3
9/13/2019 12:56:55,50 - 54,Prefer not to answer,Asian,30 or more years,Teacher,Lower School,CA,5,4,5,4,4,4,4,3,5,4,5,5,4,5,5,5,5,5,4,4,4,4,5,5,5,5
9/16/2019 11:18:47,35 - 39,Prefer not to answer,White,10 - 14 years,Teacher,Middle School,CA,3,3,5,5,5,3,5,3,3,5,5,4,5,5,5,5,4,5,5,4,4,5,5,4,5,5
9/17/2019 2:50:01,45 - 49,Prefer not to answer,Prefer not to answer,0 - 4 years,Administrator,Upper School,CA,5,3,4,3,3,3,3,2,4,4,4,4,3,4,5,4,4,3,3,2,2,3,4,3,4,3
9/18/2019 15:43:24,55 - 59,Prefer not to answer,Prefer not to answer,25 - 29 years,Teacher,Upper School,TN,2,2,5,5,5,5,4,5,4,5,4,5,4,4,4,2,3,3,5,5,1,4,4,4,5,3
9/25/2019 17:39:23,30 - 34,Prefer not to answer,Prefer not to answer,0 - 4 years,Teacher,Early Childhood,CA,,4,4,4,4,4,4,3,3,3,3,3,3,3,3,3,4,3,4,4,4,3,3,3,3,3
9/25/2019 17:44:10,50 - 54,Prefer not to answer,White,25 - 29 years,Administrator,,CA,4,5,5,5,4,5,5,4,5,5,5,3,4,5,5,4,4,5,5,4,5,5,5,5,4,5
9/25/2019 17:47:18,45 - 49,Prefer not to answer,Prefer not to answer,0 - 4 years,Teacher,Lower School,CA,5,4,5,5,5,4,4,3,4,5,4,5,3,1,5,4,4,5,4,4,4,5,5,5,5,5
9/4/2019 18:37:18,,,,,,,,,,,,,,,,,,,,,,,,,,,,,,,,,