PLAYER,TEAM,AGE,GP,W,L,MIN,PTS,FGM,FGA,FG%,3PM,3PA,3P%,FTM,FTA,FT%,OREB,DREB,REB,AST,TOV,STL,BLK,PF,FP,DD2,TD3,+/-,CONFERENCE
Giannis Antetokounmpo,MIL,24,72,56,16,32.8,27.7,10,17.3,57.8,0.7,2.8,25.6,6.9,9.5,72.9,2.2,10.3,12.5,5.9,3.7,1.3,1.5,3.2,56.2,54,5,9.1,EAST
Joel Embiid,PHI,25,64,43,21,33.7,27.5,9.1,18.7,48.4,1.2,4.1,30,8.2,10.1,80.4,2.5,11.1,13.6,3.7,3.5,0.7,1.9,3.3,53.7,58,2,5.8,EAST
Kawhi Leonard,TOR,28,60,41,19,34,26.6,9.3,18.8,49.6,1.9,5,37.1,6.1,7.1,85.4,1.3,6,7.3,3.3,2,1.8,0.4,1.5,44.8,14,0,5.9,EAST
Kemba Walker,CHA,29,82,39,43,34.9,25.6,8.9,20.5,43.4,3.2,8.9,35.6,4.6,5.5,84.4,0.6,3.8,4.4,5.9,2.6,1.2,0.4,1.6,42.2,10,0,0.4,EAST
Bradley Beal,WAS,26,82,32,50,36.9,25.6,9.3,19.6,47.5,2.5,7.3,35.1,4.4,5.5,80.8,1.1,3.9,5,5.5,2.7,1.5,0.7,2.8,43.6,11,2,-1.4,EAST
Blake Griffin,DET,30,75,39,36,35,24.5,8.3,17.9,46.2,2.5,7,36.2,5.5,7.3,75.3,1.3,6.2,7.5,5.4,3.4,0.7,0.4,2.7,41.5,21,2,0.5,EAST
Kyrie Irving,BOS,27,67,37,30,33,23.8,9,18.5,48.7,2.6,6.5,40.1,3.2,3.7,87.3,1.1,3.9,5,6.9,2.6,1.5,0.5,2.5,43.8,21,1,5,EAST
Zach LaVine,CHI,24,63,16,47,34.5,23.7,8.4,18,46.7,1.9,5.1,37.4,5,6,83.2,0.6,4,4.7,4.5,3.4,1,0.4,2.2,36.7,2,0,-4.8,EAST
D'Angelo Russell,BKN,23,81,42,39,30.2,21.1,8.1,18.7,43.4,2.9,7.8,36.9,2,2.5,78,0.7,3.2,3.9,7,3.1,1.2,0.2,1.7,37.5,14,0,0.3,EAST
Nikola Vucevic,ORL,28,80,41,39,31.4,20.8,8.8,16.9,51.8,1.1,2.9,36.4,2.2,2.8,78.9,2.8,9.2,12,3.8,2,1,1.1,2,45.4,60,1,2.7,EAST
John Wall,WAS,28,32,11,21,34.5,20.7,7.7,17.3,44.4,1.6,5.3,30.2,3.8,5.5,69.7,0.5,3.2,3.6,8.7,3.8,1.5,0.9,2.2,41.7,10,0,-4.8,EAST
JaKarr Sampson,CHI,26,4,1,3,31.8,20,7.3,13.5,53.7,1.3,3.5,35.7,4.3,5.3,81,1.3,6.8,8,1,1,1,0.8,2,35.4,0,0,-1.8,EAST
John Collins,ATL,21,61,24,37,30,19.5,7.6,13.6,56,0.9,2.6,34.8,3.3,4.4,76.3,3.6,6.2,9.8,2,2,0.4,0.6,3.3,35.2,32,0,-1.2,EAST
Tim Hardaway Jr.,DAL,27,46,10,36,32.6,19.1,6.1,15.8,38.8,2.5,7.3,34.7,4.3,5.1,85.4,0.6,2.9,3.5,2.7,1.8,0.9,0.1,2.3,28.7,2,0,-7.2,EAST
Trae Young,ATL,20,81,29,52,30.9,19.1,6.5,15.5,41.8,1.9,6,32.4,4.2,5.1,82.9,0.8,2.9,3.7,8.1,3.8,0.9,0.2,1.7,35.1,30,1,-4.1,EAST
Victor Oladipo,IND,27,36,25,11,31.9,18.8,6.9,16.3,42.3,2.1,6,34.3,2.9,3.9,73,0.6,5,5.6,5.2,2.3,1.7,0.3,2,36.9,5,0,3.5,EAST
Lauri Markkanen,CHI,22,52,16,36,32.3,18.7,6.6,15.3,43,2.3,6.4,36.1,3.3,3.8,87.2,1.4,7.6,9,1.4,1.6,0.7,0.6,2.3,34.1,20,0,-3.8,EAST
Khris Middleton,MIL,27,77,56,21,31.1,18.3,6.6,14.9,44.1,2.3,6.2,37.8,2.8,3.4,83.7,0.6,5.3,6,4.3,2.3,1,0.1,2.2,33,7,0,7.2,EAST
Tobias Harris,PHI,26,27,16,11,35,18.2,6.9,14.8,46.9,1.6,5,32.6,2.7,3.3,84.1,1.2,6.7,7.9,2.9,1.6,0.4,0.5,2.3,33.2,4,0,0.1,EAST
Jimmy Butler,PHI,29,55,35,20,33.2,18.2,6.3,13.6,46.1,0.9,2.7,33.8,4.8,5.5,86.8,1.9,3.4,5.3,4,1.5,1.8,0.5,1.7,36.1,3,0,4,EAST
JJ Redick,PHI,35,76,49,27,31.3,18.1,5.9,13.5,44,3.2,8,39.7,3,3.4,89.4,0.3,2.2,2.4,2.7,1.3,0.4,0.2,1.7,25.7,1,0,4,EAST
Bojan Bogdanovic,IND,30,81,47,34,31.8,18,6.4,13,49.7,2,4.8,42.5,3,3.8,80.7,0.4,3.7,4.1,2,1.7,0.9,0,1.7,26.8,0,0,2.2,EAST
Andre Drummond,DET,25,79,40,39,33.5,17.3,7.1,13.3,53.3,0.1,0.5,13.2,3.1,5.2,59,5.4,10.2,15.6,1.4,2.2,1.7,1.7,3.4,46.4,69,0,2.2,EAST
Kevin Love,CLE,30,22,7,15,27.2,17,5,12.9,38.5,2.4,6.7,36.1,4.7,5.2,90.4,1.5,9.4,10.9,2.2,1.9,0.3,0.2,2.5,32.9,12,0,-2.5,EAST
RJ Hunter,BOS,25,1,1,0,25.7,17,6,13,46.2,4,10,40,1,2,50,1,2,3,3,0,1,0,3,28.1,0,0,28,EAST
Pascal Siakam,TOR,25,80,57,23,31.8,16.9,6.5,11.8,54.9,1,2.7,36.9,3,3.8,78.5,1.6,5.3,6.9,3.1,1.9,0.9,0.7,3,32.6,18,0,7.4,EAST
Ben Simmons,PHI,22,79,50,29,34.2,16.9,6.8,12.2,56.3,0,0.1,0,3.3,5.4,60,2.2,6.6,8.8,7.7,3.5,1.4,0.8,2.6,42.2,42,10,1.5,EAST
Jordan Clarkson,CLE,27,81,18,63,27.3,16.8,6.5,14.6,44.8,1.8,5.5,32.4,2,2.4,84.4,1,2.3,3.3,2.4,1.7,0.7,0.2,1.4,25.4,1,0,-4.3,EAST
Spencer Dinwiddie,BKN,26,68,36,32,28.1,16.8,5.4,12.2,44.2,1.8,5.4,33.5,4.2,5.2,80.6,0.4,2.1,2.4,4.6,2.2,0.6,0.3,2.8,26.9,2,0,-1.2,EAST
Collin Sexton,CLE,20,82,19,63,31.8,16.7,6.3,14.7,43,1.5,3.6,40.2,2.6,3.1,83.9,0.7,2.2,2.9,3,2.3,0.5,0.1,2.3,24.2,2,0,-8.2,EAST
Josh Richardson,MIA,25,73,35,38,34.8,16.6,5.8,14.1,41.2,2.2,6.3,35.7,2.7,3.2,86.1,0.7,2.9,3.6,4.1,1.5,1.1,0.5,2.7,30.1,1,0,0.9,EAST
Aaron Gordon,ORL,23,78,40,38,33.8,16,6,13.4,44.9,1.6,4.4,34.9,2.4,3.2,73.1,1.7,5.7,7.4,3.7,2.1,0.7,0.7,2.2,32.6,19,0,1.4,EAST
Eric Bledsoe,MIL,29,78,59,19,29.1,15.9,6,12.4,48.4,1.6,4.8,32.9,2.3,3,75,1.1,3.6,4.6,5.5,2.1,1.5,0.4,2,33.2,8,1,7.2,EAST
Jayson Tatum,BOS,21,79,48,31,31.1,15.7,5.9,13.1,45,1.5,3.9,37.3,2.5,2.9,85.5,0.9,5.2,6,2.1,1.5,1.1,0.7,2.1,30,8,0,4.6,EAST
Malcolm Brogdon,MIL,26,64,49,15,28.6,15.6,5.9,11.7,50.5,1.6,3.8,42.6,2.2,2.4,92.8,1,3.5,4.5,3.2,1.4,0.7,0.2,1.6,27.2,0,0,6.6,EAST
Reggie Jackson,DET,29,82,41,41,27.9,15.4,5.4,12.8,42.1,2.1,5.7,36.9,2.5,2.9,86.4,0.5,2.1,2.6,4.2,1.8,0.7,0.1,2.5,25.4,0,0,0.5,EAST
Jeremy Lamb,CHA,27,79,38,41,28.5,15.3,5.5,12.4,44,1.5,4.2,34.8,2.9,3.3,88.8,0.8,4.7,5.5,2.2,1,1.1,0.4,1.8,28.7,7,0,0.6,EAST
Evan Fournier,ORL,26,81,42,39,31.5,15.1,5.8,13.2,43.8,1.9,5.6,34,1.7,2.1,80.6,0.5,2.7,3.2,3.6,1.9,0.9,0.1,2.8,25.6,1,0,1.2,EAST
Terrence Ross,ORL,28,81,42,39,26.5,15.1,5.4,12.7,42.8,2.7,7,38.3,1.6,1.8,87.5,0.3,3.1,3.5,1.7,1.1,0.9,0.4,1.5,24.4,0,0,0.1,EAST
Dwyane Wade,MIA,37,72,35,37,26.2,15,5.8,13.3,43.3,1.2,3.6,33,2.3,3.2,70.8,1,3,4,4.2,2.3,0.8,0.5,1.6,27.8,4,1,-0.9,EAST
Serge Ibaka,TOR,29,74,53,21,27.2,15,6.3,11.9,52.9,0.7,2.3,29,1.8,2.4,76.3,2.1,6,8.1,1.3,1.5,0.4,1.4,2.9,30.6,22,0,3.5,EAST
Emmanuel Mudiay,NYK,23,59,13,46,27.2,14.8,5.6,12.5,44.6,1.2,3.6,32.9,2.4,3.2,77.4,0.6,2.8,3.3,3.9,2.4,0.7,0.3,1.7,25.4,1,0,-6.1,EAST
Dennis Smith Jr.,NYK,21,21,5,16,28.6,14.7,5.8,14,41.3,1.1,4,28.9,2,3.5,56.8,0.7,2.1,2.8,5.4,2.6,1.3,0.4,2.2,28.7,1,0,-4.7,EAST
Jabari Parker,WAS,24,64,18,46,26.9,14.5,5.8,11.7,49.3,1,3,31.3,2,2.9,71.2,1.2,5.3,6.6,2.4,2.4,0.7,0.5,2.3,27.2,8,0,-3.2,EAST
Walter Lemon Jr.,CHI,26,6,1,5,27.9,14.3,6.3,14.5,43.7,0.3,0.8,40,1.3,1.8,72.7,0.7,3.8,4.5,5,1.7,1.8,0.2,2.3,31.6,0,0,-3.8,EAST
Kyle Lowry,TOR,33,65,47,18,34.1,14.2,4.7,11.4,41.1,2.4,7,34.7,2.5,3,83,0.6,4.2,4.8,8.7,2.8,1.4,0.5,2.6,35.9,20,2,8.2,EAST
Bobby Portis,WAS,24,50,14,36,26,14.2,5.6,12.6,44.4,1.5,3.8,39.3,1.5,1.9,79.4,2.2,5.9,8.1,1.4,1.5,0.7,0.4,2.9,27.9,14,0,-2.2,EAST
Domantas Sabonis,IND,23,74,43,31,24.8,14.1,5.6,9.5,59,0.1,0.2,52.9,2.8,3.9,71.5,2.5,6.8,9.3,2.9,2.2,0.6,0.4,3.2,30.6,30,0,2.6,EAST
Trevor Ariza,WAS,33,43,18,25,34.1,14.1,4.8,11.8,40.9,2.2,6.9,32.2,2.2,2.8,77.7,0.8,4.5,5.3,3.8,1.6,1.2,0.3,2,29.2,4,0,-1.3,EAST
Enes Kanter,POR,27,44,10,34,25.6,14,5.7,10.6,53.6,0.2,0.5,31.8,2.4,2.9,81.4,3.9,6.6,10.5,1.9,1.8,0.4,0.4,2.4,30,25,0,-4.9,EAST
Marcus Morris,BOS,29,75,44,31,27.9,13.9,5,11.3,44.7,1.9,5.2,37.5,1.9,2.3,84.4,1,5.1,6.1,1.5,1.2,0.6,0.3,2.4,24.9,5,0,1,EAST
Otto Porter Jr.,CHI,26,56,25,31,30.1,13.9,5.3,11.5,46.5,1.9,4.6,40.6,1.4,1.7,81.3,1,4.6,5.6,2.1,1.2,1.5,0.6,1.9,28.8,6,0,-0.4,EAST
Goran Dragic,MIA,33,36,16,20,27.5,13.7,5,12,41.3,1.6,4.6,34.8,2.2,2.8,78.2,0.6,2.5,3.1,4.8,2,0.8,0.1,2.3,25.6,4,1,1.2,EAST
Joe Harris,BKN,27,76,41,35,30.2,13.7,4.9,9.8,50,2.4,5.1,47.4,1.4,1.8,82.7,0.7,3.1,3.8,2.4,1.6,0.5,0.2,2.4,22.4,0,0,-1,EAST
Caris LeVert,BKN,24,40,19,21,26.6,13.7,5.2,12.1,42.9,1.2,3.9,31.2,2.1,3.1,69.1,0.9,2.9,3.8,3.9,1.7,1.1,0.4,1.9,26.5,0,0,-0.3,EAST
Al Horford,BOS,33,68,41,27,29,13.6,5.7,10.6,53.5,1.1,3,36,1.1,1.4,82.1,1.8,5,6.7,4.2,1.5,0.9,1.3,1.9,32.8,10,1,3.8,EAST
Taurean Prince,ATL,25,55,19,36,28.2,13.5,4.8,10.8,44.1,2.2,5.7,39,1.7,2.1,81.9,0.4,3.2,3.6,2.1,1.8,1,0.3,2.6,23.2,0,0,-4.4,EAST
Myles Turner,IND,23,74,43,31,28.6,13.3,5.1,10.5,48.7,1,2.6,38.8,2,2.7,73.6,1.4,5.8,7.2,1.6,1.4,0.8,2.7,2.6,33.4,17,0,1.6,EAST
Cedi Osman,CLE,24,76,17,59,32.2,13,4.7,11.1,42.7,1.7,4.9,34.8,1.9,2.4,77.9,0.6,4.1,4.7,2.6,1.5,0.8,0.1,2.6,23.8,3,0,-8.4,EAST
Jaylen Brown,BOS,22,74,41,33,25.9,13,5,10.7,46.5,1.3,3.7,34.4,1.8,2.7,65.8,0.9,3.4,4.2,1.4,1.3,0.9,0.4,2.5,22.9,2,0,0.9,EAST
Kelly Oubre Jr.,PHX,23,29,11,18,26,12.9,4.6,10.5,43.3,1.4,4.6,31.1,2.3,2.9,80,0.8,3.6,4.4,0.7,1,0.9,0.7,2.4,23.1,0,0,-4.5,EAST
Kevin Knox,NYK,19,75,15,60,28.8,12.8,4.5,12.2,37,1.7,4.9,34.3,2.2,3,71.7,0.8,3.7,4.5,1.1,1.5,0.6,0.3,2.3,21,3,0,-8.5,EAST
Jonas Valanciunas,MEM,27,30,23,7,18.8,12.8,5,8.6,57.5,0.3,1,30,2.6,3.1,81.9,1.8,5.4,7.2,1,1.3,0.4,0.8,2.7,25.2,5,0,2.3,EAST
Dwight Howard,WAS,33,9,4,5,25.5,12.8,4.8,7.7,62.3,0,0,0,3.2,5.3,60.4,2.7,6.6,9.2,0.4,1.8,0.8,0.4,3.8,26.4,3,0,-5.6,EAST
Thaddeus Young,IND,31,81,47,34,30.7,12.6,5.5,10.4,52.7,0.6,1.8,34.9,1.1,1.7,64.4,2.4,4.1,6.5,2.5,1.5,1.5,0.4,2.4,28.5,10,0,1.7,EAST
Justise Winslow,MIA,23,66,30,36,29.7,12.6,4.9,11.3,43.3,1.5,3.9,37.5,1.3,2.1,62.8,1,4.4,5.4,4.3,2.2,1.1,0.3,2.7,27.4,6,0,1.8,EAST
Brook Lopez,MIL,31,81,60,21,28.7,12.5,4.4,9.7,45.2,2.3,6.3,36.5,1.4,1.6,84.2,0.4,4.5,4.9,1.2,1,0.6,2.2,2.3,27.6,2,0,7.2,EAST
Hassan Whiteside,MIA,30,72,33,39,23.3,12.3,5.4,9.4,57.1,0,0.2,12.5,1.5,3.4,44.9,3.6,7.8,11.3,0.8,1.3,0.6,1.9,2.7,33.3,36,0,0.3,EAST
Jeff Green,WAS,32,77,29,48,27.2,12.3,4.2,8.9,47.5,1.4,4.2,34.7,2.4,2.7,88.8,0.7,3.3,4,1.8,1.3,0.6,0.5,2.1,21.7,2,0,-1.2,EAST
Rodney Hood,POR,26,45,10,35,27.4,12.2,4.3,10.1,42.7,1.2,3.4,36.2,2.3,2.5,91.2,0.4,2.1,2.5,2,0.8,0.8,0.1,2.2,20.3,0,0,-6.7,EAST
Reggie Bullock,LAL,28,44,23,21,30.8,12.1,4.1,10,41.3,2.6,6.7,38.8,1.3,1.5,87.5,0.5,2.3,2.8,2.5,1.2,0.5,0.1,1.8,20,0,0,0.3,EAST
Dion Waiters,MIA,27,44,20,24,25.9,12,4.5,10.9,41.4,2.5,6.6,37.7,0.5,1,50,0.2,2.5,2.6,2.8,1.5,0.7,0.2,1.6,20.4,0,0,-0.9,EAST
Trey Burke,DAL,26,33,8,25,20.9,11.8,4.5,10.8,41.3,0.9,2.6,34.9,1.9,2.3,82.7,0.5,1.4,1.9,2.8,0.9,0.6,0.2,1,19.8,1,0,-2.7,EAST
D.J. Augustin,ORL,31,81,42,39,28,11.7,3.9,8.4,47,1.6,3.8,42.1,2.2,2.6,86.6,0.5,2,2.5,5.3,1.6,0.6,0,1.4,23.1,4,0,2.1,EAST
Alec Burks,SAC,27,34,7,27,28.8,11.6,4,10,40,1.3,3.5,37.8,2.3,2.9,80.6,0.8,4.7,5.5,2.9,1.4,0.7,0.5,1.8,24.8,1,0,-7.6,EAST
Nikola Mirotic,MIL,28,14,10,4,22.9,11.6,4,9.6,41.5,2.2,6.2,35.6,1.4,1.6,87,1,4.4,5.4,1.4,0.8,0.7,0.6,1.5,23.5,0,0,6.1,EAST
Kent Bazemore,ATL,29,67,24,43,24.5,11.6,4.1,10.3,40.2,1.4,4.5,32,1.9,2.6,72.6,0.6,3.3,3.9,2.3,1.8,1.3,0.6,2.5,23.8,0,0,-4.4,EAST
Justin Holiday,MEM,30,38,10,28,34.9,11.6,4,10.4,38.3,2.6,7.1,35.9,1.1,1.2,89.1,0.5,3.9,4.4,2.2,1.2,1.8,0.6,2.1,26,3,0,-8.2,EAST
Markieff Morris,OKC,29,34,13,21,26,11.5,4.2,9.6,43.6,1.4,4.2,33.3,1.7,2.1,78.1,1.2,3.9,5.1,1.8,1.4,0.7,0.6,3.4,22.9,1,0,-4.7,EAST
Gordon Hayward,BOS,29,72,44,28,25.9,11.5,4.1,8.8,46.6,1.1,3.2,33.3,2.2,2.6,83.4,0.7,3.8,4.5,3.4,1.5,0.9,0.3,1.4,24,2,0,3,EAST
Robert Covington,MIN,28,13,8,5,33.8,11.3,3.8,9,42.7,2.3,5.9,39,1.3,1.8,73.9,0.5,4.6,5.2,1.1,1.7,1.8,1.8,3.5,28.3,1,0,1.4,EAST
Kris Dunn,CHI,25,46,14,32,30.2,11.3,4.7,11,42.5,0.7,2.1,35.4,1.2,1.5,79.7,0.4,3.7,4.1,6,2.3,1.5,0.5,3.6,28.7,2,0,-4.8,EAST
Darren Collison,IND,31,76,45,31,28.2,11.2,4.1,8.7,46.7,1,2.6,40.7,2.1,2.5,83.2,0.5,2.6,3.1,6,1.6,1.4,0.1,1.8,27,6,0,1.6,EAST
DeMarre Carroll,BKN,32,67,36,31,25.4,11.1,3.4,8.6,39.5,1.6,4.6,34.2,2.7,3.6,76,1,4.2,5.2,1.3,1.1,0.5,0.1,1.7,20,3,0,0.7,EAST
Alex Len,ATL,26,77,28,49,20.1,11.1,4.2,8.4,49.4,1,2.6,36.3,1.8,2.8,64.8,2.1,3.5,5.5,1.1,1.3,0.4,0.9,2.6,21.9,9,0,-2.1,EAST
Dario Saric,MIN,25,13,8,5,30.5,11.1,3.7,10.2,36.4,1.6,5.4,30,2.1,2.3,90,1.6,5,6.6,2,1.9,0.3,0.2,3,21.7,1,0,-2,EAST
Fred VanVleet,TOR,25,64,46,18,27.5,11,3.8,9.4,41,1.8,4.6,37.8,1.5,1.8,84.3,0.3,2.3,2.6,4.8,1.3,0.9,0.3,1.7,23.6,1,0,4.7,EAST
Tristan Thompson,CLE,28,43,8,35,27.9,10.9,4.7,8.8,52.9,0,0,0,1.6,2.5,64.2,4,6.2,10.2,2,1.4,0.7,0.4,2.1,27.9,19,0,-7,EAST
Jarrett Allen,BKN,21,80,42,38,26.2,10.9,4.2,7.1,59,0.1,0.6,13.3,2.5,3.5,70.9,2.4,6,8.4,1.4,1.3,0.5,1.5,2.3,27.9,24,0,-1.5,EAST
DeAndre Jordan,NYK,30,19,2,17,26,10.9,4.1,6.5,63.4,0,0,0,2.7,3.5,77.3,3.4,8,11.4,3,2.2,0.5,1.1,2.2,31.4,12,0,-10.4,EAST
Allonzo Trier,NYK,23,64,13,51,22.8,10.9,3.6,8.1,44.8,0.8,2.1,39.4,2.8,3.5,80.3,0.5,2.6,3.1,1.9,1.8,0.4,0.2,1.8,17.5,2,0,-3.2,EAST
Dewayne Dedmon,ATL,29,64,24,40,25.1,10.8,4,8.2,49.2,1.3,3.4,38.2,1.4,1.8,81.4,1.6,5.9,7.5,1.4,1.3,1.1,1.1,3.3,27.2,11,0,-2.7,EAST
Tyler Johnson,PHX,27,44,21,23,25.5,10.8,3.9,9.1,42.6,1.6,4.6,35.3,1.4,2,69.3,0.4,2.3,2.8,2.5,1.4,0.9,0.5,1.6,20.6,0,0,-1.4,EAST
Damyean Dotson,NYK,25,73,12,61,27.4,10.7,4,9.6,41.5,1.7,4.7,36.8,1,1.3,74.5,0.5,3.1,3.6,1.8,1,0.8,0.1,1.8,19.6,1,0,-4.5,EAST
Wesley Matthews,IND,32,25,8,17,31.2,10.6,3.4,9.2,37.1,2,5.6,35.7,1.8,2.1,84.9,0.5,2.2,2.7,2.4,1.3,0.8,0.2,2.3,19.3,0,0,-2,EAST
Thomas Bryant,WAS,21,72,29,43,20.8,10.5,4.3,7,61.6,0.5,1.4,33.3,1.5,1.9,78.1,1.6,4.7,6.3,1.3,0.8,0.3,0.9,1.8,23,14,0,-1.5,EAST
Wendell Carter Jr.,CHI,20,44,10,34,25.2,10.3,4.1,8.4,48.5,0.1,0.7,18.8,2,2.5,79.5,2,5,7,1.8,1.5,0.6,1.3,3.5,25.6,7,0,-6.6,EAST
Wayne Ellington,DET,31,53,26,27,24.5,10.3,3.5,8.6,40.3,2.6,7,37.1,0.7,0.9,79.6,0.3,1.8,2,1.4,0.8,1,0.1,1.7,17.4,0,0,-0.2,EAST
Danny Green,TOR,32,80,56,24,27.7,10.3,3.7,7.9,46.5,2.5,5.4,45.5,0.5,0.6,84.1,0.8,3.2,4,1.6,0.9,0.9,0.7,2.1,21.2,1,0,8,EAST
Tyreke Evans,IND,29,69,41,28,20.3,10.2,3.7,9.6,38.9,1.1,3.1,35.6,1.7,2.3,71.9,0.5,2.4,2.9,2.4,1.7,0.8,0.3,1.7,18.9,1,0,0.9,EAST
Cody Zeller,CHA,26,49,22,27,25.4,10.1,3.9,7,55.1,0.1,0.4,27.3,2.3,2.9,78.7,2.2,4.6,6.8,2.1,1.3,0.8,0.8,3.3,25,4,0,0.9,EAST
Marvin Williams,CHA,33,75,35,40,28.4,10.1,3.7,8.7,42.2,1.9,5.1,36.6,0.9,1.1,76.7,1,4.4,5.4,1.2,0.6,0.9,0.8,2.1,23.1,5,0,-0.1,EAST
Kelly Olynyk,MIA,28,79,39,40,22.9,10,3.3,7.1,46.3,1.4,4,35.4,1.9,2.3,82.2,0.9,3.8,4.7,1.8,1.4,0.7,0.5,2.3,20.3,4,0,1.3,EAST
Kadeem Allen,NYK,26,19,3,16,21.9,9.9,3.4,7.4,46.1,0.9,1.9,47.2,2.2,2.8,77.8,0.4,2.3,2.7,4,1.4,0.8,0.2,2.4,21,0,0,-1.9,EAST
Luke Kennard,DET,23,63,30,33,22.8,9.7,3.6,8.3,43.8,1.7,4.3,39.4,0.8,1,83.6,0.2,2.7,2.9,1.8,0.9,0.4,0.2,1.5,16.7,0,0,0.8,EAST
Kevin Huerter,ATL,20,75,27,48,27.3,9.7,3.7,8.8,41.9,1.8,4.7,38.5,0.5,0.7,73.2,0.8,2.5,3.3,2.9,1.5,0.9,0.3,2.1,20,1,0,-1.6,EAST
Allen Crabbe,BKN,27,43,19,24,26.4,9.6,3.2,8.7,36.7,2.3,6,37.8,1,1.3,73.2,0.4,3.1,3.4,1.1,1.1,0.5,0.3,2.4,16.8,1,0,0.1,EAST
Jonathan Isaac,ORL,21,75,37,38,26.6,9.6,3.5,8.1,42.9,1.1,3.5,32.3,1.5,1.8,81.5,1.3,4.2,5.5,1.1,1,0.8,1.3,1.9,23.1,3,0,0.1,EAST
Jeremy Lin,TOR,30,74,31,43,19.4,9.6,3.2,7.3,44,0.7,2.5,29.4,2.4,2.8,83.8,0.3,2.1,2.4,3.1,1.7,0.6,0.2,1.9,17.9,1,0,-2.5,EAST
Robin Lopez,CHI,31,74,20,54,21.7,9.5,4.1,7.2,56.8,0.1,0.4,22.6,1.2,1.7,72.4,1.9,2,3.9,1.2,1.3,0.1,1.1,1.7,18.3,2,0,-1.9,EAST
Tony Parker,CHA,37,56,30,26,17.9,9.5,3.8,8.3,46,0.2,0.9,25.5,1.6,2.2,73.4,0.3,1.2,1.5,3.7,1.3,0.4,0.1,0.9,16.9,1,0,0.3,EAST
Shabazz Napier,BKN,27,56,26,30,17.6,9.4,3,7.8,38.9,1.4,4.1,33.3,2.1,2.5,83.3,0.3,1.5,1.8,2.6,1.2,0.7,0.3,1.2,17.3,1,0,0.3,EAST
Larry Nance Jr.,CLE,26,67,16,51,26.8,9.4,3.7,7.1,52,0.5,1.5,33.7,1.4,2,71.6,2.5,5.7,8.2,3.2,1.4,1.5,0.6,2.9,28.9,18,0,-4.8,EAST
Nicolas Batum,CHA,30,75,35,40,31.4,9.3,3.4,7.5,45,1.5,4,38.9,1,1.2,86.5,0.9,4.3,5.2,3.3,1.6,0.9,0.6,1.9,23.5,0,0,-0.3,EAST
Marc Gasol,TOR,34,26,18,8,24.9,9.1,3.3,7.2,46.5,0.9,2,44.2,1.5,2,76.9,0.9,5.7,6.6,3.9,1.4,0.9,0.9,2.7,26.9,1,0,8,EAST
Terry Rozier,BOS,25,79,47,32,22.7,9,3.3,8.4,38.7,1.5,4.3,35.3,0.9,1.2,78.5,0.4,3.5,3.9,2.9,0.9,0.9,0.3,1.3,20.5,1,0,-0.5,EAST
Ish Smith,DET,30,56,33,23,22.3,8.9,3.7,8.7,41.9,0.8,2.4,32.6,0.8,1.1,75.8,0.4,2.2,2.6,3.6,1.1,0.5,0.2,1.9,18.5,0,0,1.5,EAST
Malik Monk,CHA,21,73,34,39,17.2,8.9,3.1,8,38.7,1.5,4.5,33,1.2,1.4,88.2,0.2,1.7,1.9,1.6,1.2,0.5,0.3,1.5,14.7,0,0,-0.6,EAST
Rondae Hollis-Jefferson,BKN,24,59,27,32,20.9,8.9,3.4,8.3,41.1,0.2,0.8,18.4,2,3.1,64.5,1.4,3.8,5.3,1.6,1.2,0.7,0.5,1.8,20.1,4,0,-0.2,EAST
Bam Adebayo,MIA,21,82,39,43,23.3,8.9,3.4,5.9,57.6,0,0.2,20,2,2.8,73.5,2,5.3,7.3,2.2,1.5,0.9,0.8,2.5,24.5,11,0,0.3,EAST
Tomas Satoransky,WAS,27,80,32,48,27,8.9,3.2,6.6,48.5,0.8,2,39.5,1.6,2,81.9,1,2.5,3.5,5,1.5,1,0.2,2.2,22.6,7,1,-0.7,EAST
Marcus Smart,BOS,25,80,48,32,27.5,8.9,3,7.1,42.2,1.6,4.3,36.4,1.3,1.6,80.6,0.7,2.2,2.9,4,1.5,1.8,0.4,2.5,23.3,1,0,2.1,EAST
Mario Hezonja,NYK,24,58,12,46,20.8,8.8,3.3,8,41.2,0.7,2.6,27.6,1.5,2,76.3,0.5,3.6,4.1,1.5,1.5,1,0.1,1.9,17.9,1,1,-4.5,EAST
Frank Kaminsky,CHA,26,47,22,25,16.1,8.6,2.9,6.3,46.3,1.1,3,36,1.7,2.3,73.8,0.8,2.6,3.5,1.3,0.9,0.3,0.3,1.4,15.4,2,0,0.9,EAST
Norman Powell,TOR,26,60,45,15,18.8,8.6,3.2,6.7,48.3,1.1,2.8,40,1,1.3,82.7,0.3,2.1,2.3,1.5,1.1,0.7,0.2,1.6,15.2,0,0,0.3,EAST
Brandon Knight,CLE,27,27,8,19,22.9,8.5,3.3,7.9,41.3,1.3,3.6,37.1,0.7,0.9,78.3,0.3,1.5,1.9,2.3,0.9,0.7,0.1,1.8,15.6,0,0,-6.4,EAST
Rodions Kurucs,BKN,21,63,36,27,20.5,8.5,3.2,7.1,45,0.9,2.9,31.5,1.1,1.5,78.3,0.9,3,3.9,0.8,1.2,0.7,0.4,2.3,16.3,2,0,0,EAST
Langston Galloway,DET,27,80,41,39,21.8,8.4,2.9,7.3,38.8,1.7,4.8,35.5,1,1.2,84.4,0.6,1.5,2.1,1.1,0.3,0.5,0.1,1.7,13.9,0,0,0.5,EAST
Noah Vonleh,NYK,23,68,13,55,25.3,8.4,3,6.5,47,0.7,2,33.6,1.6,2.3,71.2,1.7,6.1,7.8,1.9,1.3,0.7,0.8,2.6,23.5,18,0,-4.3,EAST
DeAndre' Bembry,ATL,24,82,29,53,23.6,8.4,3.4,7.5,44.6,0.6,2.1,28.9,1.1,1.7,64,0.7,3.7,4.4,2.5,1.7,1.3,0.5,2.3,20.9,3,0,-2.8,EAST
Landry Shamet,LAC,22,54,34,20,20.5,8.3,2.8,6.4,44.1,1.8,4.5,40.4,0.8,1,81.5,0.3,1.2,1.4,1.1,0.5,0.4,0.1,2,13,0,0,-0.6,EAST
Boban Marjanovic,PHI,30,22,14,8,13.9,8.2,3.4,5.5,62.5,0.2,0.4,50,1.2,1.6,72.2,1.5,3.7,5.1,1.5,1,0.2,0.5,1.5,17.6,2,0,0.5,EAST
Markelle Fultz,ORL,21,19,12,7,22.5,8.2,3.4,8.2,41.9,0.2,0.7,28.6,1.1,1.9,56.8,1.4,2.3,3.7,3.1,1.3,0.9,0.3,2.7,19.4,0,0,-0.4,EAST
Wayne Selden,CHI,24,43,12,31,22.9,8,3,7.5,40.7,0.8,2.6,31.5,1,1.5,71.4,0.5,2.7,3.2,1.7,1.3,0.5,0.2,1.9,15.1,1,0,-5.4,EAST
Mike Scott,PHI,30,27,17,10,24,7.8,2.8,7,40,1.8,4.4,41.2,0.4,0.6,66.7,0.7,3.1,3.8,0.8,0.6,0.3,0.2,2.5,14.5,0,0,0.3,EAST
James Johnson,MIA,32,55,27,28,21.2,7.8,3,6.9,43.3,0.9,2.7,33.6,0.9,1.3,71.4,0.4,2.8,3.2,2.5,1.3,0.6,0.5,2.1,17.3,0,0,-1.9,EAST
Ante Zizic,CLE,22,59,13,46,18.3,7.8,3.1,5.6,55.3,0,0,0,1.6,2.2,70.5,1.8,3.6,5.4,0.9,1,0.2,0.4,1.9,16.4,4,0,-1.4,EAST
George Hill,MIL,33,60,39,21,21.7,7.6,2.8,6.3,45.2,0.8,2.6,31.4,1.2,1.4,82.4,0.7,1.8,2.5,2.3,0.9,0.9,0.1,1.7,16.1,0,0,2.4,EAST
Rodney McGruder,LAC,27,66,31,35,23.5,7.6,2.8,7,40.3,1.2,3.4,35.1,0.8,1.1,72.2,0.9,2.7,3.6,1.7,1,0.5,0.2,1.7,15.7,2,0,-0.6,EAST
Corey Brewer,SAC,33,7,5,2,19.9,7.6,2.9,7,40.8,0.6,2,28.6,1.3,1.9,69.2,0.6,1.9,2.4,1.4,1.1,1.7,0.3,2.3,17.5,0,0,-0.6,EAST
Miles Bridges,CHA,21,80,38,42,21.2,7.5,3,6.4,46.4,0.8,2.5,32.5,0.7,1,75.3,0.8,3.2,4,1.2,0.6,0.7,0.6,1.4,17.4,1,0,-1.6,EAST
Stanley Johnson,NOP,23,48,23,25,20,7.5,2.8,7.3,38.1,1.1,3.8,28.2,0.9,1.1,80.4,0.5,3.1,3.6,1.3,1.1,1,0.3,1.9,16.4,0,0,-2.5,EAST
Mike Muscala,LAL,27,47,30,17,22.2,7.4,2.3,5.9,39.2,1.4,4.2,34.2,1.3,1.6,81.8,1.1,3.2,4.3,1.3,0.9,0.4,0.6,2.4,16.5,1,0,1.3,EAST
Vince Carter,ATL,42,76,25,51,17.5,7.4,2.6,6.2,41.9,1.6,4.2,38.9,0.6,0.9,71.2,0.4,2.1,2.6,1.1,0.6,0.6,0.4,1.9,14.3,0,0,-2.4,EAST
Dwayne Bacon,CHA,23,43,20,23,17.6,7.3,2.8,6,47.5,0.9,2,43.7,0.8,1.1,73.9,0.2,1.9,2.1,1.1,0.4,0.3,0.1,1.7,12.2,0,0,-0.5,EAST
Mitchell Robinson,NYK,21,66,16,50,20.6,7.3,3.1,4.4,69.4,0,0,0,1.2,2,60,2.7,3.7,6.4,0.6,0.5,0.8,2.4,3.3,25,11,0,-3.1,EAST
Antonio Blakeney,CHI,22,57,14,43,14.5,7.3,2.9,6.9,41.9,0.6,1.6,39.6,0.9,1.3,65.8,0.1,1.7,1.9,0.7,0.6,0.2,0.2,0.7,11.2,0,0,-2.6,EAST
Doug McDermott,IND,27,77,43,34,17.4,7.3,2.7,5.5,49.1,1.1,2.7,40.8,0.9,1,83.5,0.2,1.2,1.4,0.9,0.5,0.2,0.1,1.4,10.8,0,0,1.7,EAST
Willy Hernangomez,CHA,25,58,31,27,14,7.3,2.6,5.1,51.9,0.3,0.7,38.5,1.7,2.5,69.4,2,3.3,5.4,1,1,0.3,0.3,1.7,16.1,4,0,-1.6,EAST
Austin Rivers,HOU,26,29,11,18,23.5,7.2,2.6,6.7,39.2,1.1,3.7,31.1,0.9,1.6,54.3,0.3,2.1,2.4,2,1.2,0.6,0.3,2.5,14.8,0,0,-0.9,EAST
Derrick Jones Jr.,MIA,22,60,31,29,19.2,7,2.7,5.4,49.4,0.5,1.5,30.8,1.2,2,60.7,1.6,2.4,4,0.6,0.7,0.8,0.7,2.1,16.4,0,0,-0.4,EAST
Luke Kornet,NYK,23,46,9,37,17,7,2.3,6.2,37.8,1.5,4.2,36.3,0.8,1,82.6,0.6,2.3,2.9,1.2,0.5,0.6,0.9,0.9,16.2,1,0,-1.2,EAST
OG Anunoby,TOR,21,67,46,21,20.2,7,2.7,6,45.3,1,3,33.2,0.5,0.9,58.1,0.9,2.1,2.9,0.7,0.8,0.7,0.3,2.1,13.8,0,0,-0.7,EAST
Pat Connaughton,MIL,26,61,43,18,20.7,6.9,2.7,5.7,46.6,1.1,3.3,33,0.5,0.7,72.5,1,3.2,4.2,2,0.5,0.5,0.4,1.3,17.3,1,0,1.9,EAST
Delon Wright,MEM,27,49,34,15,18.3,6.9,2.6,6,43.3,0.6,1.8,33.3,1.1,1.2,86.9,0.8,1.8,2.6,2.2,0.8,0.9,0.3,1.1,16.3,0,0,-0.8,EAST
Ersan Ilyasova,MIL,32,67,49,18,18.4,6.8,2.5,5.7,43.8,0.9,2.4,36.3,0.9,1.1,82.4,1.4,3.1,4.5,0.8,0.7,0.5,0.3,2.6,14.9,3,0,3.6,EAST
Timothe Luwawu-Cabarrot,CHI,24,29,10,19,18.8,6.8,2.4,6,39.4,1.1,3.2,33,0.9,1.2,77.1,0.2,2.5,2.7,0.8,0.6,0.5,0.2,2,12.9,1,0,-5.7,EAST
Kyle Korver,UTA,38,16,3,13,15.7,6.8,2.2,4.8,46.1,1.6,3.4,46.3,0.8,1,81.3,0,1.8,1.8,1.1,1.1,0.2,0.1,1.4,10.4,0,0,-2.5,EAST
JR Smith,CLE,33,11,1,10,20.2,6.7,2.5,7.2,34.2,1.1,3.5,30.8,0.7,0.9,80,0,1.6,1.6,1.9,1,1,0.3,1.7,14.4,0,0,-1.3,EAST
Ryan Arcidiacono,CHI,25,81,22,59,24.2,6.7,2.3,5.2,44.7,1,2.7,37.3,1.1,1.3,87.3,0.3,2.4,2.7,3.3,0.8,0.8,0,2.1,16.7,0,0,-3.1,EAST
Devin Robinson,WAS,24,7,1,6,13.5,6.7,2.7,4.6,59.4,0,0.3,0,1.3,2,64.3,0.9,2,2.9,0.9,0.3,0.6,0.9,1.6,15.4,0,0,-1.3,EAST
Wilson Chandler,LAC,32,36,25,11,26.4,6.7,2.5,5.8,44,1.3,3.3,39,0.4,0.5,72.2,1.2,3.4,4.7,2,1.1,0.6,0.5,2.6,17.5,0,0,4.1,EAST
Michael Kidd-Gilchrist,CHA,25,64,29,35,18.4,6.7,2.5,5.2,47.6,0.3,0.7,34,1.5,1.9,77.2,1.4,2.5,3.8,1,0.7,0.5,0.6,2.4,15.4,1,0,-0.8,EAST
Zhaire Smith,PHI,20,6,2,4,18.4,6.7,2.3,5.7,41.2,1,2.7,37.5,1,1.3,75,0.5,1.7,2.2,1.7,1,0.3,0.3,1.3,12.8,0,0,2.3,EAST
David Nwaba,CLE,26,51,14,37,19.3,6.5,2.5,5.1,48.1,0.5,1.5,32,1.1,1.7,68.2,0.8,2.4,3.2,1.1,0.6,0.7,0.3,2.1,14.5,0,0,-1.5,EAST
Cory Joseph,IND,27,82,48,34,25.2,6.5,2.8,6.7,41.2,0.7,2.1,32.2,0.4,0.5,69.8,0.5,2.9,3.4,3.9,1,1.1,0.3,1.6,19.8,1,0,2.6,EAST
Jonathon Simmons,PHI,29,56,25,31,19,6.5,2.4,6.3,38,0.5,1.9,26.9,1.3,1.7,74.2,0.5,1.8,2.3,2.3,1.2,0.5,0.3,1.6,13.8,0,0,-2.6,EAST
Billy Garrett,NYK,24,4,1,3,15.9,6.5,2.8,6.8,40.7,0,2,0,1,1,100,0,0.8,0.8,1.8,0.5,0.3,0.3,0.8,11,0,0,-4,EAST
Shaquille Harrison,CHI,25,73,20,53,19.6,6.5,2.5,5.8,43.2,0.3,1.2,27,1.1,1.7,66.7,0.5,2.6,3,1.9,0.8,1.2,0.4,1.7,17.1,1,0,-4.3,EAST
Sterling Brown,MIL,24,58,45,13,17.8,6.4,2.5,5.4,46.5,0.9,2.5,36.1,0.5,0.7,69,0.5,2.7,3.2,1.4,0.8,0.4,0.1,1.5,13.3,0,0,0,EAST
Jodie Meeks,TOR,31,8,7,1,13,6.4,2.6,4.9,53.8,1,2.3,44.4,0.1,0.1,100,0.1,1.4,1.5,1,0.3,0.1,0.1,0.6,10.2,0,0,1.6,EAST
T.J. McConnell,PHI,27,76,46,30,19.3,6.4,2.9,5.5,52.5,0.2,0.6,33.3,0.4,0.5,78.4,0.4,1.9,2.3,3.4,1.2,1,0.2,1.4,16.8,0,0,-0.1,EAST
Cameron Payne,CLE,24,40,7,33,17.8,6.3,2.4,5.6,43,0.6,2.1,29.8,0.8,1,80.5,0.3,1.5,1.8,2.7,1.1,0.7,0.2,1.6,14,0,0,-5.6,EAST
Tim Frazier,MIL,28,12,8,4,17.6,6.3,2.3,5.5,42.4,0.8,2,41.7,0.8,1.1,69.2,0.8,1.8,2.6,3.5,1.3,0.4,0.1,1.6,14.8,2,0,-3.3,EAST
Mo Bamba,ORL,21,47,19,28,16.3,6.2,2.5,5.2,48.1,0.4,1.5,30,0.8,1.3,58.7,1.4,3.6,5,0.8,0.9,0.3,1.4,2.2,17.4,1,0,-5.1,EAST
Sam Dekker,WAS,25,47,14,33,16.8,6.1,2.6,5.4,46.9,0.4,1.3,30.6,0.6,1,60.9,1.1,2,3.1,1,0.5,0.8,0.1,1,13.7,0,0,-1.9,EAST
Henry Ellenson,NYK,22,19,4,15,13.6,6,2.1,5,41.1,0.9,2,44.7,1,1.3,76,0.3,3.2,3.5,0.8,0.5,0.4,0.1,1.4,12.4,0,0,-0.5,EAST
Tony Snell,MIL,27,74,55,19,17.6,6,2.2,4.9,45.2,1.1,2.8,39.7,0.5,0.6,88.1,0.4,1.7,2.1,0.9,0.3,0.4,0.2,1.2,11.4,0,0,2.3,EAST
Jordan McRae,WAS,28,27,9,18,12.3,5.9,2.3,4.8,46.9,0.4,1.3,28.6,1,1.3,80,0.2,1.3,1.5,1.1,0.6,0.5,0.3,1,11,0,0,-0.8,EAST
Omari Spellman,ATL,21,46,15,31,17.5,5.9,2.1,5.3,40.2,1,2.8,34.4,0.7,1,71.1,1.6,2.7,4.2,1,0.7,0.6,0.5,1.5,15.2,4,0,-4.4,EAST
Aaron Holiday,IND,22,50,31,19,12.9,5.9,2.1,5.2,40.1,0.9,2.5,33.9,0.8,1,82,0.1,1.2,1.3,1.7,0.8,0.4,0.3,1.4,11.3,0,0,2,EAST
Matthew Dellavedova,CLE,28,48,20,28,16.9,5.9,2,5,40.5,0.9,2.7,33.8,0.9,1.1,80.8,0.1,1.5,1.6,3.8,1.4,0.3,0,1.6,13,0,0,-1.3,EAST
D.J. Wilson,MIL,23,48,37,11,18.4,5.8,2.2,5.2,41.4,1,2.6,36.2,0.5,1,55.3,0.9,3.7,4.6,1.1,0.7,0.4,0.4,1.8,14.7,2,0,1.7,EAST
Ed Davis,BKN,30,81,42,39,17.9,5.8,2.3,3.7,61.6,0,0,0,1.2,2,61.7,2.7,5.9,8.6,0.8,0.8,0.4,0.4,2.8,19,6,0,1.2,EAST
Furkan Korkmaz,PHI,21,48,30,18,14.2,5.8,2,5.1,40,1,3,32.6,0.8,0.9,81.8,0.3,1.9,2.2,1.1,0.5,0.6,0,1.3,11.5,0,0,1.3,EAST
Frank Ntilikina,NYK,20,43,9,34,21,5.7,2.2,6.6,33.7,0.8,2.7,28.7,0.5,0.7,76.7,0.3,1.7,2,2.8,1.3,0.7,0.3,2.4,14.1,0,0,-4.3,EAST
Daniel Theis,BOS,27,66,38,28,13.8,5.7,2.2,4,54.9,0.4,1,38.8,0.8,1.2,73.7,1.3,2.1,3.4,1,0.5,0.3,0.6,2.4,13.7,1,0,2,EAST
Marquese Chriss,CLE,21,27,8,19,14.6,5.7,2.1,5.4,38.4,0.6,2.1,26.3,1,1.4,68.4,1.2,3,4.2,0.6,0.9,0.6,0.3,2.4,13.2,1,0,-5.5,EAST
John Henson,CLE,28,14,10,4,13.5,5.6,2.2,4.8,46.3,0.8,2.2,35.5,0.4,0.7,60,1.1,3.9,5.1,1,0.9,0.5,0.8,1.1,16.2,0,0,0.1,EAST
Aron Baynes,BOS,32,51,32,19,16.1,5.6,2.1,4.4,47.1,0.4,1.2,34.4,1,1.2,85.5,1.7,3,4.7,1.1,0.8,0.2,0.7,2.5,14.8,3,0,2.5,EAST
Chasson Randle,WAS,26,49,19,30,15.2,5.5,1.9,4.4,41.9,0.9,2.3,40,0.9,1.3,69.4,0.2,0.9,1.1,2,0.9,0.5,0.1,1.9,10.7,0,0,-2.2,EAST
Nik Stauskas,CLE,25,24,7,17,14.2,5.5,1.7,4.5,36.7,1.1,2.6,42.9,1,1.2,89.3,0.3,1.6,2,0.8,0.5,0.3,0.1,0.8,9.8,0,0,-3.8,EAST
CJ Miles,MEM,32,40,28,12,14.1,5.5,1.8,5.2,34,1.1,3.4,31.4,0.9,1.1,79.5,0.3,1.4,1.7,0.6,0.5,0.5,0.3,1.6,9.9,0,0,-2.5,EAST
Michael Carter-Williams,ORL,27,12,10,2,18.9,5.4,1.8,5.2,33.9,0.3,1.6,15.8,1.7,2.3,74.1,1.3,3.4,4.8,4.1,0.8,0.9,0.8,1.8,21.4,0,0,5.6,EAST
Greg Monroe,PHI,29,43,28,15,11.2,5.3,2.1,4.4,48.7,0,0.1,20,1,1.7,62.5,1.6,2.4,4,0.6,0.7,0.3,0.2,1.5,11.8,0,0,-1.7,EAST
James Ennis III,PHI,28,18,12,6,15.6,5.3,1.9,4.6,41,0.6,2,30.6,0.9,1.3,69.6,1.3,2.3,3.6,0.8,0.6,0.2,0.4,2.2,11.8,0,0,-0.7,EAST
Treveon Graham,BKN,25,35,19,16,20.4,5.3,1.8,5.5,33.5,1.1,3.7,29.7,0.5,0.6,81.8,0.7,2.4,3.1,1,0.5,0.4,0.2,1.9,11.6,0,0,0.8,EAST
Chandler Hutchison,CHI,23,44,10,34,20.3,5.2,2.2,4.8,45.9,0.3,1.1,28,0.5,0.9,60.5,0.7,3.5,4.2,0.8,0.6,0.5,0.1,1.3,12.8,1,0,-2.6,EAST
Alex Poythress,ATL,25,21,7,14,14.5,5.1,1.9,3.9,49.4,0.4,1.1,39.1,0.9,1.4,62.1,1.4,2.2,3.6,0.8,0.6,0.2,0.5,2.2,12,0,0,-3.6,EAST
Kenneth Faried,HOU,29,12,3,9,9.8,5.1,2.1,3.5,59.5,0.1,0.4,20,0.8,1.3,62.5,1.3,2.4,3.7,0.2,0.5,0.2,0.3,0.7,10.7,2,0,-1.7,EAST
Brandon Sampson,CHI,22,14,3,11,15.3,5.1,2,4.3,46.7,0.8,2.1,37.9,0.3,0.4,66.7,0.2,0.9,1.1,0.7,0.9,0.6,0.2,1.4,9,0,0,-2,EAST
Jalen Jones,CLE,26,16,3,13,13.4,5.1,1.6,3.9,41.9,0.6,1.8,35.7,1.2,1.7,70.4,0.7,1.4,2.1,0.4,0.5,0.6,0.1,1.7,9.8,0,0,-1.6,EAST
Thon Maker,DET,22,64,44,20,15.2,5,1.7,4.2,40.7,0.8,2.4,32,0.9,1.3,66.7,0.6,2.5,3.2,0.7,0.5,0.3,0.8,1.6,12.7,0,0,-0.1,EAST
Wes Iwundu,ORL,24,68,36,32,18.1,5,1.7,4,41.2,0.4,1.2,36.7,1.2,1.5,81.6,0.5,2.2,2.7,1.1,0.6,0.4,0.3,1.8,11.4,0,0,0.5,EAST
Bonzie Colson,MIL,23,8,6,2,12.3,4.9,1.6,4.9,33.3,0.6,2.6,23.8,1,1.1,88.9,1,2.8,3.8,0.4,0.4,0.6,0.1,0.4,11.8,2,0,-2.8,EAST
Jared Dudley,BKN,33,59,28,31,20.7,4.9,1.7,4.1,42.3,0.9,2.6,35.1,0.5,0.8,69.6,0.6,2.1,2.6,1.4,0.7,0.6,0.3,2.2,12,0,0,0.6,EAST
Donte DiVincenzo,MIL,22,27,20,7,15.2,4.9,1.9,4.6,40.3,0.8,3.1,26.5,0.3,0.4,75,0.6,1.8,2.4,1.1,0.7,0.5,0.2,1.4,10.9,0,0,4,EAST
Khem Birch,ORL,26,50,26,24,12.9,4.8,1.8,3,60.3,0,0,0,1.2,1.7,69.9,1.6,2.2,3.8,0.8,0.4,0.4,0.6,1.4,12.9,1,0,0.9,EAST
Troy Brown Jr.,WAS,19,52,20,32,14,4.8,1.9,4.5,41.5,0.4,1.3,31.9,0.6,0.9,68.1,0.7,2.1,2.8,1.5,0.6,0.4,0.1,1.1,11.3,0,0,0,EAST
Devonte' Graham,CHA,24,46,18,28,14.7,4.7,1.6,4.7,34.3,0.7,2.6,28.1,0.8,1,76.1,0.2,1.2,1.4,2.6,0.7,0.5,0,1,11.3,0,0,-2.2,EAST
Jonah Bolden,PHI,23,44,24,20,14.5,4.7,1.8,3.7,49.4,0.8,2.2,35.4,0.3,0.6,48.1,1.1,2.7,3.8,0.9,0.8,0.4,0.9,2.3,13.6,1,0,-0.7,EAST
Courtney Lee,DAL,33,12,1,11,13.4,4.7,1.8,3.9,44.7,0.4,1.3,31.3,0.8,1.2,64.3,0.5,1.8,2.3,1.3,0.4,0.7,0.2,1.1,11.5,0,0,-1.7,EAST
John Jenkins,NYK,28,26,8,18,12.8,4.7,1.6,4,40,0.8,2.2,37.9,0.6,0.7,83.3,0.2,1.2,1.4,0.8,0.3,0,0.1,0.4,7.5,0,0,-1.9,EAST
Theo Pinson,BKN,23,18,7,11,11.7,4.5,1.4,4.1,34.2,0.7,2.6,26.1,1.1,1.2,86.4,0.2,1.8,2,1.2,1,0.3,0,0.8,8.7,0,0,-0.1,EAST
Lance Thomas,NYK,31,46,7,39,17,4.5,1.7,4.3,39.6,0.5,1.7,27.8,0.6,0.8,75,0.5,2.1,2.5,0.6,0.5,0.4,0.2,1.8,9.4,0,0,-4.1,EAST
Miles Plumlee,ATL,30,18,1,17,9.6,4.4,1.8,2.7,66.7,0,0,0,0.9,1.7,53.3,0.9,1.3,2.2,0.9,0.6,0.3,0.2,0.8,9.6,0,0,-2.4,EAST
Bismack Biyombo,CHA,26,54,24,30,14.5,4.4,1.6,2.9,57.1,0,0,0,1.1,1.7,63.7,1.5,3.1,4.6,0.6,0.6,0.2,0.8,1.9,13,3,0,-2.5,EAST
Shake Milton,PHI,22,20,10,10,13.4,4.4,1.7,4.4,39.1,0.7,2.2,31.8,0.3,0.4,71.4,0.5,1.3,1.8,0.9,0.3,0.4,0.4,1.5,9.9,0,0,-0.1,EAST
Bruce Brown,DET,22,74,35,39,19.6,4.3,1.7,4.2,39.8,0.3,1.3,25.8,0.6,0.8,75,0.6,1.9,2.5,1.2,0.6,0.5,0.5,2.4,11.6,0,0,-0.1,EAST
Andrew Harrison,NOP,24,10,3,7,14.4,4.3,1.2,3.9,30.8,0.3,1.4,21.4,1.6,1.6,100,0.4,1.1,1.5,1.7,1,0.4,0.2,2.6,9.5,0,0,-1.2,EAST
Jaron Blossomgame,CLE,25,27,4,23,16.3,4.2,1.7,3.9,44.3,0.4,1.4,25.6,0.4,0.5,76.9,1,2.7,3.6,0.5,0.4,0.3,0.3,0.7,10.6,1,0,-1.6,EAST
Glenn Robinson III,DET,25,47,24,23,13,4.2,1.6,3.7,42,0.4,1.3,29,0.7,0.9,80,0.4,1.1,1.5,0.4,0.4,0.3,0.2,1,7.7,0,0,-0.2,EAST
Jerian Grant,ORL,26,60,28,32,15.6,4.2,1.5,3.7,41.8,0.7,1.8,36.4,0.4,0.7,65,0.3,1.3,1.6,2.6,0.9,0.7,0.1,1.3,11.7,0,0,-2.5,EAST
Ian Mahinmi,WAS,32,34,12,22,14.6,4.1,1.4,3.1,45.2,0.1,0.5,18.8,1.2,1.8,68.9,1.4,2.4,3.8,0.7,0.6,0.7,0.5,2.5,12.7,1,0,-1,EAST
Cristiano Felicio,CHI,26,60,16,44,12.4,4,1.6,3,53.1,0,0.1,0,0.8,1.2,68.5,1.3,2.3,3.6,0.6,0.6,0.2,0.1,1.2,9.6,0,0,-2.2,EAST
Deyonta Davis,ATL,22,9,3,6,13.2,4,1.7,2.4,68.2,0,0.1,0,0.7,1.1,60,1.1,2.9,4,0.6,0.3,0.3,0.6,1.3,12,0,0,-2.4,EAST
Isaiah Hicks,NYK,24,3,1,2,10.8,4,1.3,2.7,50,0,0,0,1.3,1.7,80,0.7,1.7,2.3,0.7,0.3,0.3,1,1.7,11.5,0,0,-0.7,EAST
Tahjere McCall,BKN,24,1,0,1,8,4,2,3,66.7,0,1,0,0,1,0,0,1,1,0,0,0,0,2,5.2,0,0,15,EAST
Amir Johnson,PHI,32,51,32,19,10.4,3.9,1.5,3.1,50.3,0.2,0.8,30,0.6,0.8,75.6,0.9,2,2.9,1.2,0.9,0.3,0.3,1.9,10,0,0,-1.4,EAST
Zaza Pachulia,DET,35,68,35,33,12.9,3.9,1.3,2.8,44,0,0.1,0,1.4,1.8,78.2,1.5,2.4,3.9,1.3,0.8,0.5,0.3,2.2,11.9,0,0,-1.4,EAST
Brad Wanamaker,BOS,29,36,27,9,9.5,3.9,1.4,2.9,47.6,0.4,1.1,41,0.7,0.8,85.7,0.1,1.1,1.1,1.6,0.5,0.3,0.1,0.9,8.2,0,0,2,EAST
TJ Leaf,IND,22,58,35,23,9,3.9,1.7,3.2,54.1,0.1,0.5,25.8,0.3,0.5,61.3,0.7,1.4,2.2,0.4,0.2,0.2,0.3,0.6,8.3,1,0,0.8,EAST
Jon Leuer,DET,30,41,16,25,9.8,3.8,1.6,2.8,58.4,0,0.3,9.1,0.6,0.8,74.2,0.7,1.7,2.4,0.3,0.6,0.3,0.1,1.5,7.8,0,0,-2.8,EAST
Mitchell Creek,MIN,27,4,1,3,8.9,3.8,1.3,2.5,50,0,0.3,0,1.3,1.8,71.4,1.3,1.3,2.5,1.3,0,0.3,0,0.8,9.4,0,0,2,EAST
Justin Anderson,ATL,25,48,17,31,9.7,3.7,1.3,3.3,40.8,0.5,1.6,31.2,0.5,0.7,74.3,0.5,1.3,1.8,0.5,0.5,0.5,0.3,1,8.2,1,0,-1.6,EAST
Rawle Alkins,CHI,21,10,3,7,12,3.7,1.3,3.9,33.3,0.3,1.2,25,0.8,1.2,66.7,1.1,1.5,2.6,1.3,0.8,0.1,0,0.7,8.3,0,0,-1.3,EAST
Demetrius Jackson,PHI,24,6,5,1,6.6,3.7,1.3,2.5,53.3,0.3,1,33.3,0.7,0.7,100,0.3,0.2,0.5,0.8,0.2,0.3,0,0.7,6.4,0,0,-1.8,EAST
Gary Payton II,WAS,26,3,2,1,5.3,3.7,1.7,2.7,62.5,0.3,0.7,50,0,0,0,0.3,0.3,0.7,1.3,0.3,1,0.3,0.7,10.1,0,0,3.7,EAST
Alan Williams,BKN,26,5,1,4,5.1,3.6,1.6,2.6,61.5,0,0.2,0,0.4,0.8,50,0.8,3,3.8,0.6,0.2,0.2,0,0.4,9.5,0,0,3.2,EAST
Channing Frye,CLE,36,36,7,29,9.5,3.6,1.2,3.3,36.8,0.9,2.2,40.5,0.3,0.4,78.6,0.1,1.3,1.4,0.6,0.4,0.2,0.1,1.2,6.7,0,0,-4.1,EAST
BJ Johnson,SAC,23,6,2,4,7.2,3.5,1.3,2.7,50,0.5,1,50,0.3,0.3,100,0.3,1,1.3,0,0.3,0.3,0,0.5,5.8,0,0,-2.3,EAST
Malcolm Miller,TOR,26,10,9,1,6.7,3.5,1.1,2.6,42.3,1,2.1,47.6,0.3,0.4,75,0.1,0.4,0.5,0.1,0.1,0.1,0.1,0.5,4.8,0,0,-0.8,EAST
Isaiah Briscoe,ORL,23,39,17,22,14.3,3.5,1.4,3.5,39.9,0.3,0.9,32.4,0.4,0.7,57.7,0.1,1.8,1.9,2.2,0.8,0.3,0.1,1.7,9.3,0,0,0.5,EAST
Kyle O'Quinn,IND,29,45,27,18,8.2,3.5,1.5,3,50.7,0,0.3,8.3,0.4,0.5,81,0.6,2,2.6,1.2,0.7,0.2,0.6,1.5,10.1,1,0,0.1,EAST
Duncan Robinson,MIA,25,15,7,8,10.7,3.3,1.2,3.1,39.1,0.7,2.3,28.6,0.3,0.4,66.7,0.1,1.1,1.3,0.3,0.3,0.3,0,0.7,6.1,0,0,-2.2,EAST
Tyler Dorsey,MEM,23,27,3,24,9.3,3.3,1.2,3.3,36,0.4,1.4,25.6,0.6,1,61.5,0.3,1.3,1.6,0.6,0.4,0.3,0,0.7,6.7,0,0,0.3,EAST
Chris Boucher,TOR,26,28,21,7,5.8,3.3,1.2,2.7,44.7,0.4,1.3,32.4,0.5,0.5,86.7,0.6,1.4,2,0.1,0.3,0.2,0.9,1.1,8.8,1,0,-0.5,EAST
Semi Ojeleye,BOS,24,56,39,17,10.6,3.3,1.2,2.8,42.4,0.5,1.6,31.5,0.4,0.7,61.5,0.4,1.1,1.5,0.4,0.3,0.2,0.1,0.8,6.2,0,0,1.3,EAST
Jaylen Adams,ATL,23,34,13,21,12.6,3.2,1.1,3.2,34.5,0.7,2.2,33.8,0.2,0.3,77.8,0.3,1.4,1.8,1.9,0.8,0.4,0.1,1.3,9,0,0,-1.7,EAST
Jason Smith,NOP,33,18,10,8,9.5,3.2,1.1,2.8,38,0.4,1.1,36.8,0.7,0.8,85.7,0.8,1.9,2.7,0.7,0.7,0.2,0.4,1.5,8.5,0,0,-2.7,EAST
PJ Dozier,BOS,22,6,5,1,8.5,3.2,1.3,3.5,38.1,0.3,1.3,25,0.2,0.3,50,1,1.8,2.8,0.8,0,0.3,0,0.3,8.8,1,0,4.2,EAST
Daniel Hamilton,ATL,23,19,7,12,10.7,3,1.2,3.2,38.3,0.4,1.2,34.8,0.2,0.3,50,0.5,1.9,2.5,1.2,0.8,0.3,0.1,1,8,0,0,-1.4,EAST
Isaac Humphries,ATL,21,5,1,4,11.3,3,1.2,4.2,28.6,0.6,2.2,27.3,0,0,0,0.8,1.4,2.2,0,0,0.2,0,1.4,6.2,0,0,-4.4,EAST
J.P. Macura,CHA,24,2,1,1,8.4,3,1.5,4.5,33.3,0,2,0,0,0,0,0,1.5,1.5,1,0,0,0,0,6.3,0,0,0.5,EAST
Jordan Sibert,ATL,26,1,1,0,4.2,3,1,1,100,1,1,100,0,0,0,0,0,0,0,0,0,0,0,3,0,0,-5,EAST
Edmond Sumner,IND,23,23,14,9,9.1,2.9,1,2.8,34.4,0.3,1.2,25.9,0.7,1,62.5,0.4,0.7,1,0.4,0.4,0.5,0.2,1.1,6.6,0,0,-1.4,EAST
Christian Wood,NOP,23,13,11,2,4.7,2.8,0.9,1.9,48,0.2,0.4,60,0.8,1.2,66.7,0.3,1.2,1.5,0.2,0.2,0,0,0.2,4.7,0,0,-1.9,EAST
Wesley Johnson,WAS,31,12,5,7,13.1,2.8,0.8,3.3,25,0.5,2.2,23.1,0.6,0.8,70,0.2,1.3,1.5,0.6,0.5,0.2,0.4,1.5,6.7,0,0,-0.4,EAST
Jarell Martin,ORL,25,42,20,22,7.8,2.7,1,2.5,41.3,0.5,1.4,35.1,0.2,0.3,81.8,0.3,1.5,1.7,0.4,0.3,0.1,0.2,1.2,6,0,0,0.7,EAST
Patrick McCaw,TOR,23,29,17,12,13.7,2.6,0.9,2.2,41.3,0.3,1,32.1,0.4,0.5,86.7,0.2,1.4,1.7,1,0.6,0.8,0.1,1.3,8,0,0,-2.1,EAST
Robert Williams III,BOS,21,32,18,14,8.8,2.5,1.1,1.6,70.6,0,0,0,0.3,0.5,60,0.8,1.7,2.5,0.2,0.3,0.3,1.3,1.1,10.2,0,0,-1.6,EAST
Jaylen Morris,MIL,23,4,4,0,7.1,2.5,1,2.5,40,0.3,0.8,33.3,0.3,0.5,50,0,1.3,1.3,1,0.3,0.5,0,0.3,6.8,0,0,3,EAST
Troy Caupain,ORL,23,4,3,1,3.9,2.5,1,2,50,0.5,0.8,66.7,0,0,0,0.3,0.5,0.8,1,0,0.3,0,0,5.7,0,0,2,EAST
Udonis Haslem,MIA,39,10,8,2,7.5,2.5,1.1,3.3,33.3,0,1.2,0,0.3,0.4,75,0.3,2.4,2.7,0.2,0.3,0,0,0.9,5.7,1,0,-3.2,EAST
Jordan Loyd,TOR,25,12,11,1,4.6,2.4,0.7,1.5,44.4,0.3,0.7,50,0.8,0.9,81.8,0.1,0.7,0.8,0.5,0.2,0,0,0.4,3.9,0,0,-1.7,EAST
Khyri Thomas,DET,23,26,13,13,7.5,2.3,0.8,2.7,31.9,0.4,1.3,28.6,0.3,0.4,63.6,0.2,0.6,0.8,0.3,0.2,0.3,0.2,0.8,5,0,0,-1.3,EAST
Jose Calderon,DET,37,49,22,27,12.9,2.3,0.9,2.4,37.5,0.3,1.2,24.6,0.2,0.2,81.8,0.2,1,1.2,2.3,0.7,0.3,0.1,1.3,7.7,0,0,-3.5,EAST
Guerschon Yabusele,BOS,23,41,27,14,6.1,2.3,0.9,1.9,45.5,0.2,0.7,32.1,0.4,0.5,68.2,0.6,0.7,1.3,0.4,0.4,0.2,0.2,0.8,5.1,0,0,-0.4,EAST
Amile Jefferson,ORL,26,12,9,3,5.7,2.3,0.8,1.3,62.5,0,0,0,0.6,0.7,87.5,0.5,1.3,1.8,0.3,0.1,0.3,0.3,0.7,6.1,0,0,1.1,EAST
Shelvin Mack,CHA,29,4,0,4,10.6,2.3,0.5,3.5,14.3,0,0.5,0,1.3,2.3,55.6,0,0.5,0.5,0.3,1,0.5,0,0.8,3.7,0,0,-10,EAST
Lorenzo Brown,TOR,28,26,20,6,8.2,2.1,0.9,2.7,32.4,0.2,1.1,21.4,0.1,0.1,100,0.2,1,1.2,1.1,0.6,0.5,0.2,0.8,6.5,0,0,-1.3,EAST
Dzanan Musa,BKN,20,9,4,5,4.4,2.1,1,2.4,40.9,0.1,1.1,10,0,0.2,0,0.1,0.4,0.6,0.2,0.4,0.2,0,0.1,3.3,0,0,1.1,EAST
Joe Chealey,CHA,23,1,0,1,7.8,2,1,3,33.3,0,0,0,0,0,0,0,0,0,1,0,0,0,1,3.5,0,0,-3,EAST
Kalin Lucas,DET,30,1,0,1,5.6,2,0,1,0,0,1,0,2,2,100,0,3,3,1,0,0,0,1,7.1,0,0,-3,EAST
Svi Mykhailiuk,DET,22,3,2,1,6.6,2,0.7,2.7,25,0.7,1.3,50,0,0,0,0.3,0.3,0.7,1.3,0.3,0.3,0,0,5.5,0,0,-4,EAST
Haywood Highsmith,PHI,22,5,2,3,8,1.8,0.8,2,40,0.2,1,20,0,0.4,0,0,1,1,0.4,0.2,0.2,0,0.2,4,0,0,-4.6,EAST
Eric Moreland,TOR,27,4,3,1,9.6,1.8,0.8,1.8,42.9,0.3,0.3,100,0,0,0,1,3.3,4.3,1,1.3,0.3,0.3,2,8.6,0,0,-5,EAST
Deng Adel,CLE,22,19,4,15,10.2,1.7,0.6,1.9,30.6,0.3,1.2,26.1,0.2,0.2,100,0.2,0.8,1,0.3,0.3,0.1,0.2,0.7,3.8,0,0,-1.6,EAST
Justin Patton,PHI,22,3,2,1,6.9,1.7,0.7,2.3,28.6,0,0.7,0,0.3,0.7,50,0.7,1.3,2,1,0,0.7,0,1.7,7.6,0,0,-1,EAST
Trevon Duval,HOU,20,3,2,1,1.9,1.7,0.7,1,66.7,0.3,0.3,100,0,0,0,0,0.3,0.3,0.7,0,0,0,0,3.1,0,0,0.7,EAST
Isaiah Canaan,MIL,28,4,3,1,7.6,1.5,0.5,1.5,33.3,0.5,1.3,40,0,0,0,0.3,0.8,1,0.8,0.5,0,0.3,0.5,4.1,0,0,-6.3,EAST
Melvin Frazier Jr.,ORL,22,10,8,2,4.4,1.5,0.7,2.1,33.3,0,0.6,0,0.1,0.4,25,0.3,0.2,0.5,0.1,0.1,0.1,0,0.6,2.5,0,0,-0.9,EAST
Malachi Richardson,TOR,23,22,16,6,4.7,1.4,0.4,1.3,31,0.4,1.1,32,0.2,0.2,80,0.1,0.5,0.6,0,0.4,0,0,0.6,1.8,0,0,-0.5,EAST
Pau Gasol,MIL,38,3,1,2,10.1,1.3,0.3,2,16.7,0.3,1,33.3,0.3,0.7,50,0,3.3,3.3,0.7,0.7,0,0.3,0.3,6.7,0,0,-6,EAST
Davon Reed,IND,24,10,4,6,4.7,1.2,0.5,1.2,41.7,0.2,0.4,50,0,0,0,0.2,0.4,0.6,0.3,0.1,0.1,0,0.3,2.6,0,0,1.9,EAST
Emanuel Terry,MIA,22,1,0,1,3.3,1,0,1,0,0,0,0,1,2,50,1,0,1,1,0,0,0,0,3.7,0,0,1,EAST
Yante Maten,MIA,22,2,1,1,6.5,1,0.5,2,25,0,0.5,0,0,0,0,0.5,1,1.5,0,0,0.5,0,0,4.3,0,0,2,EAST
Ron Baker,WAS,26,15,4,11,10.1,0.9,0.3,1.3,20,0.1,0.9,7.7,0.3,0.4,83.3,0.1,0.7,0.7,1,0.3,0.4,0.1,1.2,4.4,0,0,-1.3,EAST
Alize Johnson,IND,23,14,9,5,4.6,0.9,0.3,1.1,25,0.1,0.1,50,0.3,0.6,50,0.3,1.1,1.4,0.1,0,0.1,0.2,0.5,3.5,0,0,0.1,EAST
Ryan Anderson,MIA,31,10,4,6,4.4,0.7,0.2,0.9,22.2,0.2,0.6,33.3,0.1,0.2,50,0.4,0.5,0.9,0.2,0.2,0.1,0,0.2,2.2,0,0,0.9,EAST
Ike Anigbogu,IND,20,3,2,1,2.1,0,0,1,0,0,0,0,0,0,0,0.3,0.7,1,0.3,0.3,0,0.3,0,2.4,0,0,-0.7,EAST
John Holland,CLE,30,1,0,1,0.7,0,0,0,0,0,0,0,0,0,0,0,0,0,0,0,0,0,0,0,0,0,1,EAST
Kobi Simmons,CLE,21,1,0,1,1.8,0,0,0,0,0,0,0,0,0,0,0,0,0,0,0,0,0,0,0,0,0,3,EAST
Okaro White,WAS,26,3,2,1,2.1,0,0,0.7,0,0,0.7,0,0,0,0,0.3,0.3,0.7,0,0,0,0,0,0.8,0,0,-1,EAST
Tyler Ulis,CHI,23,1,0,1,0.8,0,0,0,0,0,0,0,0,0,0,0,0,0,0,0,0,0,0,0,0,0,0,EAST
Tyler Zeller,MEM,29,2,1,1,5.3,0,0,1,0,0,0.5,0,0,0,0,1,2,3,0.5,0,0,0,2,4.4,0,0,-4,EAST
Zach Lofton,DET,26,1,1,0,3.8,0,0,1,0,0,1,0,0,0,0,0,0,0,0,1,1,0,0,2,0,0,0,EAST