PLAYER,TEAM,AGE,GP,W,L,MIN,"PTS
OFF TO","2ND
PTS",FBPS,PITP,"OPP PTS
OFF TO","OPP
2ND PTS","OPP
FBPS","OPP
PITP",BLK,BLKA,PF,PFD,
Giannis Antetokounmpo,MIL,27,67,45,22,32.9,4.0,3.2,4.3,15.9,10.3,8.1,6.6,28.3,1.4,0.9,3.2,8.8,
Joel Embiid,PHI,28,68,45,23,33.8,3.8,3.0,1.9,12.0,9.5,8.8,10.0,32.6,1.5,1.2,2.7,8.5,
Nikola Jokic,DEN,27,74,46,28,33.5,3.0,3.8,1.7,16.2,12.2,7.9,8.4,35.2,0.9,0.9,2.6,6.5,
Luka Doncic,DAL,23,65,44,21,35.4,3.3,1.8,1.1,11.0,10.5,10.5,9.2,35.9,0.6,0.7,2.2,6.2,
Trae Young,ATL,23,76,40,36,34.9,4.0,1.9,2.2,8.9,11.0,9.4,9.1,35.6,0.1,1.2,1.7,5.9,
Kevin Durant,BKN,33,55,36,19,37.2,3.6,2.1,3.5,8.6,14.0,10.7,11.1,35.1,0.9,0.7,2.1,5.9,
Rudy Gobert,UTA,29,66,42,24,32.1,1.9,4.5,0.7,11.0,10.7,7.8,7.9,28.0,2.1,0.7,2.7,5.8,
Ja Morant,MEM,22,57,36,21,33.1,3.9,2.9,4.4,16.6,10.3,8.5,9.0,33.1,0.4,1.7,1.5,5.8,
James Harden,PHI,32,65,40,25,37.2,3.0,1.8,2.2,7.3,13.1,9.7,11.8,37.3,0.6,1.4,2.4,5.8,
Karl-Anthony Towns,MIN,26,74,44,30,33.5,3.4,3.6,1.3,12.1,11.0,9.5,10.5,33.2,1.1,1.2,3.6,5.8,
Jimmy Butler,MIA,32,57,38,19,33.9,3.4,2.4,2.6,10.4,11.3,8.5,8.1,29.5,0.5,0.6,1.5,5.7,
DeMar DeRozan,CHI,32,76,43,33,36.1,3.4,1.7,1.5,9.9,10.8,9.8,8.9,37.3,0.3,1.1,2.3,5.7,
Shai Gilgeous-Alexander,OKC,23,56,16,40,34.7,3.0,1.9,1.9,12.0,11.1,9.7,7.9,34.4,0.8,1.1,2.5,5.5,
LeBron James,LAL,37,56,25,31,37.2,4.3,2.9,4.8,14.3,13.1,10.2,11.9,38.6,1.1,0.8,2.2,5.5,
Bam Adebayo,MIA,24,56,36,20,32.6,3.0,2.5,2.2,13.0,10.4,7.5,7.9,28.0,0.8,0.7,3.1,5.4,
Domantas Sabonis,SAC,26,62,21,41,34.4,2.1,3.5,1.3,12.5,11.7,8.6,9.2,34.9,0.4,0.7,3.3,5.2,
Damian Lillard,POR,31,29,12,17,36.4,2.8,1.7,1.9,6.3,12.4,8.0,10.1,37.9,0.4,0.8,1.3,5.2,
Anthony Davis,LAL,29,40,17,23,35.1,3.7,3.4,2.2,14.3,13.4,9.0,11.6,36.6,2.3,0.5,2.4,5.1,
Paul George,LAC,32,31,18,13,34.8,3.4,1.5,2.1,6.6,11.6,10.2,8.8,33.8,0.4,0.9,2.4,5.1,
Pascal Siakam,TOR,28,68,40,28,37.9,4.3,2.5,3.4,13.1,10.5,9.7,9.3,35.7,0.6,0.9,3.3,5.0,
Brandon Ingram,NOP,24,55,29,26,34.0,3.0,1.6,1.9,6.9,11.0,8.6,7.6,32.5,0.5,0.8,2.2,4.8,
De'Aaron Fox,SAC,24,59,22,37,35.3,2.6,1.3,2.8,11.7,12.6,10.6,10.1,38.6,0.4,0.8,2.9,4.8,
Christian Wood,HOU,26,68,19,49,30.8,2.3,2.4,1.0,8.8,14.0,9.0,10.6,33.4,1.0,0.7,2.5,4.6,
Devin Booker,PHX,25,68,56,12,34.5,4.6,1.7,4.1,7.7,10.4,10.8,8.2,32.8,0.4,0.9,2.6,4.6,
Julius Randle,NYK,27,72,32,40,35.3,3.0,3.1,1.3,8.1,11.8,9.1,10.1,33.0,0.5,0.9,2.8,4.6,
Kristaps Porzingis,WAS,26,51,26,25,29.0,2.3,2.6,1.5,8.2,8.4,6.4,7.2,26.8,1.6,0.6,2.7,4.6,
Jayson Tatum,BOS,24,76,49,27,35.9,3.6,2.1,3.0,10.1,10.5,9.1,8.5,30.8,0.6,1.1,2.3,4.5,
Jusuf Nurkic,POR,27,56,25,31,28.2,1.7,3.1,0.6,10.6,9.1,6.1,8.0,25.9,0.6,0.8,3.4,4.4,
Jaylen Brown,BOS,25,66,43,23,33.6,3.5,2.3,3.2,9.9,10.0,8.5,7.8,28.4,0.3,1.5,2.5,4.3,
Jarrett Allen,CLE,24,56,35,21,32.3,2.3,3.2,0.8,12.6,12.3,8.4,8.4,31.1,1.3,0.6,1.7,4.2,
Norman Powell,LAC,28,45,15,30,32.4,3.5,1.5,3.1,6.0,11.8,8.4,9.3,34.4,0.5,0.7,2.4,4.1,
Donovan Mitchell,UTA,25,67,41,26,33.8,3.2,1.9,2.0,9.5,11.5,9.5,8.0,32.8,0.2,0.7,2.4,4.1,
Jonas Valanciunas,NOP,30,74,34,40,30.3,1.9,3.8,0.5,10.8,9.7,7.2,7.1,27.5,0.8,0.6,3.3,4.1,
RJ Barrett,NYK,21,70,33,37,34.5,2.8,1.6,3.1,9.2,11.4,8.7,8.9,32.0,0.2,1.5,2.0,4.1,
Harrison Barnes,SAC,29,77,27,50,33.6,2.4,1.5,1.6,6.1,12.5,10.2,10.2,37.1,0.2,0.6,1.2,4.0,
Bradley Beal,WAS,28,40,17,23,36.0,3.0,2.0,2.1,10.3,12.5,9.8,5.9,36.3,0.4,0.9,2.4,4.0,
Zach LaVine,CHI,27,67,37,30,34.7,4.2,1.4,3.0,8.3,11.2,9.4,8.6,34.7,0.3,0.9,1.8,4.0,
Jerami Grant,DET,28,47,11,36,31.9,2.7,1.4,1.6,6.0,11.2,8.1,6.8,32.2,1.0,0.6,2.3,3.9,
Russell Westbrook,LAL,33,78,31,47,34.3,2.1,1.4,1.9,9.8,12.1,9.7,10.8,36.8,0.3,1.1,3.0,3.9,
Collin Sexton,CLE,23,11,7,4,28.8,2.9,2.0,3.0,9.1,13.8,7.6,8.9,28.2,0.0,1.5,2.3,3.9,
Kyrie Irving,BKN,30,29,14,15,37.6,3.1,2.1,3.5,8.8,12.0,11.0,9.6,35.7,0.6,0.9,2.8,3.8,
Malcolm Brogdon,IND,29,36,14,22,33.5,2.0,1.3,1.7,8.5,10.9,9.3,8.3,34.4,0.4,1.1,2.0,3.7,
Jaren Jackson Jr.,MEM,22,78,53,25,27.3,2.4,2.4,1.2,7.5,7.5,7.3,7.6,25.5,2.3,1.3,3.5,3.6,
Kyle Lowry,MIA,36,63,41,22,33.9,2.1,1.0,1.5,3.0,12.0,8.0,8.7,28.5,0.3,0.3,2.8,3.6,
Derrick White,BOS,27,75,40,35,29.3,1.6,0.9,1.8,5.2,8.3,8.9,6.7,29.6,0.8,0.4,2.3,3.6,
John Collins,ATL,24,54,26,28,30.8,2.0,2.0,0.8,8.6,9.9,7.7,7.5,28.9,1.0,0.7,3.0,3.6,
Stephen Curry,GSW,34,64,45,19,34.5,4.1,2.2,3.2,6.0,12.4,9.2,9.1,32.3,0.4,0.6,2.0,3.5,
Luguentz Dort,OKC,23,51,17,34,32.7,2.2,1.8,1.8,6.0,10.8,9.5,7.3,32.3,0.4,0.9,2.9,3.5,
Montrezl Harrell,CHA,28,71,36,35,23.1,1.6,2.7,1.3,9.4,7.4,6.0,4.5,22.9,0.6,0.5,1.9,3.5,
Miles Bridges,CHA,24,80,41,39,35.5,3.0,2.3,2.1,10.5,11.8,11.1,9.3,35.6,0.8,0.8,2.4,3.4,
Dillon Brooks,MEM,26,32,22,10,27.7,3.2,1.7,2.8,8.9,7.5,6.6,7.5,25.3,0.3,0.8,3.3,3.4,
Cole Anthony,ORL,21,65,18,47,31.7,1.7,1.2,1.9,5.5,11.2,8.7,7.9,28.4,0.3,0.7,2.6,3.4,
Darius Garland,CLE,22,68,37,31,35.7,3.1,1.5,1.9,7.8,12.6,9.5,8.6,34.7,0.1,0.8,1.7,3.4,
Jalen Brunson,DAL,25,79,50,29,31.9,2.1,1.4,1.1,7.6,9.1,8.8,7.7,31.3,0.0,0.5,1.9,3.4,
Jalen Suggs,ORL,20,48,16,32,27.2,1.9,0.6,2.1,5.6,9.2,7.9,7.1,23.5,0.4,1.0,3.0,3.4,
Marcus Smart,BOS,28,71,47,24,32.3,1.7,1.2,1.1,4.9,9.8,8.0,7.9,27.5,0.3,0.4,2.3,3.3,
Dejounte Murray,SAS,25,68,30,38,34.8,3.2,1.4,2.9,10.1,10.1,10.2,8.7,36.6,0.3,0.9,2.0,3.3,
D'Angelo Russell,MIN,26,65,39,26,31.9,2.5,1.3,2.3,4.7,10.8,9.4,10.0,32.2,0.3,0.4,2.0,3.3,
Alperen Sengun,HOU,19,72,18,54,20.7,1.3,1.9,0.5,6.0,9.4,6.5,7.6,23.4,0.9,0.6,3.0,3.3,
Josh Hart,POR,27,54,20,34,33.2,2.1,1.3,3.9,7.2,12.0,7.9,8.8,31.1,0.2,0.7,2.8,3.2,
Khris Middleton,MIL,30,66,44,22,32.4,1.8,1.5,1.8,4.9,10.5,9.0,6.8,28.5,0.3,0.7,2.4,3.2,
LaMelo Ball,CHA,20,75,39,36,32.3,3.2,2.0,3.0,7.1,11.1,9.9,9.5,33.2,0.4,0.7,3.2,3.2,
Chris Paul,PHX,37,65,53,12,32.9,1.7,0.8,0.8,4.5,8.5,9.2,7.5,32.0,0.3,0.2,2.1,3.2,
Brandon Williams,POR,22,24,2,22,26.7,1.9,1.5,1.3,5.0,11.4,9.0,9.0,26.4,0.4,0.9,2.2,3.1,
Spencer Dinwiddie,DAL,29,67,38,29,29.6,1.8,1.1,0.9,4.9,8.6,8.0,5.8,29.2,0.2,0.6,2.2,3.1,
Evan Mobley,CLE,20,69,40,29,33.8,1.9,2.6,0.9,10.1,11.9,8.9,8.2,32.1,1.7,0.7,2.1,3.0,
Jordan Poole,GSW,22,76,49,27,30.0,2.7,1.1,2.8,5.8,10.4,7.5,7.2,27.3,0.3,0.8,2.7,3.0,
Alec Burks,NYK,30,81,37,44,28.6,1.7,1.2,0.8,2.4,8.6,7.0,6.6,26.0,0.3,0.3,2.7,3.0,
Fred VanVleet,TOR,28,65,39,26,37.9,2.6,2.5,2.8,3.6,11.3,10.7,9.0,35.1,0.5,0.8,2.5,3.0,
Wendell Carter Jr.,ORL,23,62,16,46,29.9,1.9,3.0,0.8,8.1,10.1,8.0,6.8,26.2,0.7,0.6,2.7,3.0,
Dwight Powell,DAL,30,82,52,30,21.9,1.2,1.4,0.5,6.2,7.1,5.9,5.3,22.2,0.5,0.3,2.7,3.0,
Andrew Wiggins,GSW,27,73,47,26,31.9,2.4,1.9,1.8,6.9,10.8,8.4,8.3,29.5,0.7,0.6,2.2,2.9,
Scottie Barnes,TOR,20,74,43,31,35.4,2.4,2.7,2.4,9.2,10.5,10.3,8.5,33.8,0.7,0.5,2.6,2.9,
Gordon Hayward,CHA,32,49,26,23,31.9,2.6,1.4,2.7,5.8,10.1,9.7,9.4,31.9,0.4,0.6,1.7,2.9,
Ricky Rubio,IND,31,34,20,14,28.5,1.9,0.7,0.9,3.8,10.3,6.8,7.2,27.9,0.2,0.8,2.2,2.9,
Jalen Green,HOU,20,67,12,55,31.9,2.7,1.7,2.4,6.2,13.8,9.6,10.9,36.5,0.3,1.4,1.5,2.9,
Caris LeVert,CLE,27,58,23,35,30.7,2.4,1.3,1.8,8.9,9.5,8.8,7.6,31.7,0.4,0.9,2.3,2.9,
De'Andre Hunter,ATL,24,53,28,25,29.8,2.0,0.9,1.4,5.2,9.5,8.2,7.9,29.8,0.4,0.7,2.9,2.9,
Dennis Schroder,HOU,28,64,32,32,28.7,2.3,1.2,1.1,5.2,9.0,7.6,6.7,26.7,0.1,0.8,2.4,2.9,
Kevin Porter Jr.,HOU,22,61,16,45,31.3,2.2,1.4,1.8,5.0,14.0,9.5,11.3,34.7,0.4,0.7,2.6,2.9,
Jakob Poeltl,SAS,26,68,30,38,29.0,1.8,3.1,0.2,11.8,8.0,8.7,6.6,30.4,1.7,0.6,3.1,2.8,
Anthony Edwards,MIN,20,72,39,33,34.2,4.3,1.7,3.5,8.3,11.4,9.9,10.4,33.4,0.6,0.6,2.3,2.8,
DeMarcus Cousins,DEN,31,48,33,15,14.9,0.8,1.8,0.4,4.5,5.5,3.3,4.4,14.0,0.4,0.5,2.9,2.8,
Kyle Kuzma,WAS,26,66,29,37,33.4,1.9,1.7,1.8,7.6,10.6,9.3,6.2,35.2,0.9,0.5,1.9,2.8,
Eric Bledsoe,POR,32,54,27,27,25.2,1.6,0.5,1.2,4.5,9.0,7.9,6.7,25.8,0.4,0.4,1.6,2.7,
Ivica Zubac,LAC,25,76,40,36,24.4,1.1,2.5,0.6,8.1,8.3,6.9,6.9,25.3,1.0,0.6,2.7,2.7,
Aaron Gordon,DEN,26,75,46,29,31.7,2.3,1.8,2.1,8.2,11.4,7.2,8.1,33.9,0.6,0.7,2.0,2.7,
Melvin Frazier Jr.,OKC,25,3,0,3,39.9,0.0,1.3,0.0,8.0,12.3,13.0,16.0,46.0,0.0,1.7,2.7,2.7,
Tyler Herro,MIA,22,66,44,22,32.6,3.4,1.8,2.3,6.7,11.7,9.8,8.0,29.3,0.1,1.1,1.4,2.7,
Kelly Olynyk,DET,31,40,13,27,19.1,1.8,1.2,0.9,3.8,7.3,5.3,4.6,20.0,0.5,0.3,2.5,2.7,
Garrison Mathews,HOU,25,65,19,46,26.3,1.3,1.3,1.1,1.3,11.4,8.4,8.5,29.3,0.4,0.2,2.6,2.6,
Steven Adams,MEM,28,76,51,25,26.3,0.8,2.9,0.1,5.4,7.9,6.5,7.3,25.7,0.8,0.6,2.0,2.6,
Trey Lyles,SAC,26,75,19,56,20.5,1.6,1.7,0.7,4.8,6.8,5.5,4.9,21.2,0.4,0.5,1.6,2.6,
CJ McCollum,NOP,30,62,28,34,34.6,2.6,1.8,2.6,7.3,11.3,8.9,8.7,33.7,0.4,0.9,2.0,2.6,
Kemba Walker,NYK,32,37,16,21,25.6,1.4,0.8,1.1,3.0,9.1,7.1,8.0,24.6,0.2,0.4,1.0,2.5,
Bojan Bogdanovic,UTA,33,69,45,24,30.9,2.5,1.8,2.4,6.5,10.6,8.7,7.7,30.4,0.0,0.9,1.7,2.5,
Keldon Johnson,SAS,22,75,33,42,31.9,2.7,2.1,2.4,7.6,9.2,9.3,7.8,33.5,0.2,0.8,2.0,2.5,
Mason Jones,LAL,23,4,2,2,12.6,0.0,0.3,1.5,3.0,4.5,1.8,3.0,12.0,0.0,0.0,2.0,2.5,
Patrick Beverley,MIN,33,58,33,25,25.4,1.5,1.5,0.8,2.9,8.3,7.6,7.9,24.6,0.9,0.4,3.0,2.5,
Reggie Jackson,LAC,32,75,38,37,31.2,2.1,0.9,1.3,6.5,10.5,9.2,8.5,32.3,0.2,0.5,2.1,2.5,
Danilo Gallinari,ATL,33,66,35,31,25.3,1.3,1.1,0.4,2.6,7.6,6.9,6.3,26.0,0.2,0.2,1.4,2.5,
Lauri Markkanen,CLE,24,61,32,29,30.8,2.4,1.6,1.9,5.3,10.8,8.2,7.7,30.2,0.5,0.8,2.1,2.4,
Cade Cunningham,DET,20,64,20,44,32.6,2.5,1.3,1.2,8.1,11.4,8.4,6.7,33.2,0.7,1.2,3.1,2.4,
Franz Wagner,ORL,20,79,21,58,30.7,2.1,1.6,1.9,8.8,10.3,8.3,7.7,27.1,0.4,1.1,2.1,2.4,
Hassan Whiteside,UTA,32,65,40,25,17.9,0.8,3.1,0.3,6.6,6.8,4.8,4.7,17.6,1.6,0.5,2.8,2.4,
Tyrese Maxey,PHI,21,75,45,30,35.3,3.3,0.8,3.3,7.6,10.2,9.6,11.3,35.9,0.4,0.7,2.1,2.4,
Jae'Sean Tate,HOU,26,78,19,59,26.4,1.4,2.2,1.4,7.7,11.3,7.8,8.1,28.2,0.5,0.7,3.7,2.4,
Terry Rozier,CHA,28,73,38,35,33.7,3.0,2.2,2.9,6.5,11.1,10.1,9.6,33.6,0.3,0.6,1.6,2.4,
Kevin Love,CLE,33,74,38,36,22.5,1.9,2.0,0.9,2.7,8.4,5.6,6.3,21.9,0.2,0.2,1.4,2.3,
Mason Plumlee,CHA,32,73,40,33,24.6,1.0,1.0,0.8,5.5,8.2,7.5,7.4,24.7,0.7,0.4,3.1,2.3,
OG Anunoby,TOR,24,48,31,17,36.0,3.7,2.2,2.7,6.8,10.4,9.5,8.8,34.4,0.5,1.0,2.7,2.3,
Myles Turner,IND,26,42,15,27,29.4,1.4,2.2,1.0,6.2,9.0,7.6,7.0,28.1,2.8,0.4,2.8,2.3,
Jrue Holiday,MIL,31,67,47,20,32.9,2.2,1.4,1.5,7.9,10.5,8.5,7.0,28.3,0.4,0.6,2.0,2.3,
Alex Caruso,CHI,28,41,24,17,28.0,1.6,0.8,0.7,2.6,8.0,6.7,5.4,25.6,0.4,0.4,2.6,2.3,
Tyrese Haliburton,IND,22,77,26,51,35.0,2.3,1.0,2.3,4.9,13.4,10.9,10.3,40.0,0.6,0.5,1.6,2.2,
Saddiq Bey,DET,23,82,23,59,33.0,2.3,2.1,1.6,4.6,11.2,8.7,7.6,34.6,0.2,0.6,1.6,2.2,
Mike Conley,UTA,34,72,44,28,28.6,1.8,0.9,0.6,4.5,9.3,6.9,7.0,25.4,0.3,0.4,2.0,2.2,
Jeff Green,DEN,35,75,44,31,24.7,1.4,0.7,1.6,5.5,9.0,6.1,6.5,25.8,0.4,0.3,2.0,2.2,
Tobias Harris,PHI,29,73,45,28,34.8,2.0,1.7,1.8,9.3,9.6,9.3,10.9,34.6,0.6,1.0,2.2,2.2,
Blake Griffin,BKN,33,56,29,27,17.1,1.1,1.0,0.6,3.3,6.3,4.7,5.5,16.6,0.3,0.3,1.7,2.2,
Daniel Gafford,WAS,23,72,30,42,20.1,1.2,2.4,0.7,7.9,6.8,5.4,4.2,19.8,1.4,0.5,2.4,2.2,
Marvin Bagley III,DET,23,48,17,31,23.9,1.7,2.5,0.9,8.0,7.9,6.6,6.4,23.8,0.4,0.6,1.9,2.2,
Jaxson Hayes,NOP,21,70,29,41,20.0,1.6,1.7,1.4,6.3,6.4,5.7,4.2,19.0,0.8,0.3,2.2,2.2,
Austin Reaves,LAL,23,61,28,33,23.2,1.5,0.6,1.0,2.7,7.1,6.2,7.1,24.1,0.3,0.2,1.4,2.2,
Gary Trent Jr.,TOR,23,70,44,26,35.0,3.6,1.5,2.6,4.0,9.5,10.1,8.6,34.3,0.3,0.6,2.1,2.2,
Chris Boucher,TOR,29,80,48,32,21.1,1.4,2.4,1.3,4.8,6.3,6.0,4.6,18.1,0.9,0.5,2.2,2.2,
Jalen Smith,IND,22,51,29,22,18.1,1.2,2.0,0.6,4.7,6.3,4.9,5.2,18.7,0.8,0.2,1.9,2.2,
Hamidou Diallo,DET,23,58,14,44,21.9,2.6,1.8,1.6,7.2,7.1,5.9,4.8,21.2,0.3,0.4,2.5,2.2,
Moritz Wagner,ORL,25,63,16,47,15.2,1.3,1.0,0.6,4.2,5.4,4.3,3.9,14.8,0.2,0.3,2.0,2.1,
Victor Oladipo,MIA,30,8,4,4,21.6,1.9,0.8,1.3,3.8,8.3,5.4,4.4,19.3,0.1,0.4,1.6,2.1,
Frank Kaminsky,PHX,29,9,8,1,20.1,1.7,1.6,0.4,6.9,5.9,6.4,5.0,22.2,0.8,0.3,1.6,2.1,
Marcus Morris Sr.,LAC,32,54,26,28,29.0,1.6,1.1,0.6,3.4,10.0,8.8,7.7,30.6,0.3,0.4,2.1,2.1,
Kelly Oubre Jr.,CHA,26,76,39,37,26.3,3.0,1.7,2.2,5.5,8.8,8.0,7.6,25.9,0.4,0.6,2.5,2.1,
Tim Hardaway Jr.,DAL,30,42,24,18,29.6,1.4,0.9,2.0,2.8,8.6,8.5,7.5,28.5,0.1,0.4,1.8,2.1,
Damian Jones,SAC,26,56,19,37,18.2,0.8,1.8,0.2,5.3,6.7,5.9,4.6,18.4,0.8,0.3,2.3,2.1,
Drew Eubanks,POR,25,71,19,52,17.5,0.7,1.8,0.3,5.8,6.7,5.9,5.2,18.1,0.6,0.4,1.7,2.1,
Deandre Ayton,PHX,23,58,46,12,29.5,2.2,2.3,0.6,13.2,8.5,9.0,7.2,27.3,0.7,0.6,2.4,2.1,
Andre Drummond,BKN,28,73,42,31,19.7,1.2,2.6,0.6,6.7,6.9,5.8,6.0,19.0,0.9,0.6,2.6,2.1,
JaVale McGee,PHX,34,74,57,17,15.8,1.0,2.4,0.4,7.5,5.6,3.9,4.0,15.0,1.1,0.3,2.4,2.1,
Isaiah Roby,OKC,24,45,10,35,21.1,1.8,1.2,1.0,5.1,7.4,6.0,5.1,23.2,0.8,0.5,2.4,2.1,
Willy Hernangomez,NOP,27,50,22,28,16.8,1.4,2.5,0.6,6.6,6.1,4.4,4.6,17.5,0.4,0.5,1.9,2.1,
Jordan Clarkson,UTA,29,79,47,32,27.1,2.0,1.4,1.5,6.3,9.1,6.9,6.7,25.0,0.2,0.5,1.9,2.1,
Jonathan Kuminga,GSW,19,70,44,26,16.9,1.7,1.0,1.1,5.1,6.0,4.9,4.2,15.8,0.3,0.5,2.1,2.0,
Chris Duarte,IND,24,55,21,34,28.0,2.0,1.2,2.4,4.3,9.8,7.8,7.3,29.1,0.2,0.7,1.7,2.0,
Isaiah Jackson,IND,20,36,9,27,15.0,0.9,1.7,0.8,6.0,6.3,4.7,4.1,16.1,1.4,0.3,2.6,2.0,
Kentavious Caldwell-Pope,WAS,29,77,34,43,30.2,2.1,1.2,1.7,2.8,9.9,8.3,5.4,32.0,0.3,0.3,1.8,2.0,
Draymond Green,GSW,32,46,34,12,28.9,1.3,0.6,1.0,5.0,10.4,6.7,6.6,25.1,1.1,0.3,3.0,2.0,
Dwight Howard,LAL,36,60,21,39,16.2,0.7,2.2,0.1,4.2,5.7,4.0,5.3,16.8,0.6,0.4,1.9,2.0,
Markelle Fultz,ORL,23,18,6,12,20.0,2.2,1.2,1.2,6.2,6.8,5.6,6.6,19.0,0.3,0.7,1.2,2.0,
Mitchell Robinson,NYK,24,72,32,40,25.7,1.1,4.0,0.1,7.3,8.5,6.3,6.3,23.9,1.8,0.4,2.7,2.0,
Nassir Little,POR,22,42,19,23,25.9,2.2,1.1,2.0,4.0,8.9,6.2,7.2,25.9,0.9,0.3,2.0,2.0,
Tristan Thompson,CHI,31,57,20,37,15.7,0.5,1.6,0.4,4.8,5.3,4.3,4.1,17.5,0.4,0.5,1.7,2.0,
Zach Collins,SAS,24,28,14,14,17.9,1.1,1.3,0.3,3.7,6.7,5.4,5.1,18.6,0.8,0.6,2.4,2.0,
Zavier Simpson,OKC,25,4,1,3,43.5,0.5,0.0,0.0,9.0,14.5,16.0,15.8,48.5,1.0,1.8,3.8,2.0,
Immanuel Quickley,NYK,22,78,35,43,23.1,1.5,1.1,1.1,3.0,6.4,5.7,3.7,18.4,0.0,0.4,2.1,2.0,
Isaiah Hartenstein,LAC,24,68,37,31,17.9,1.3,1.5,0.6,6.3,6.7,6.1,4.9,18.4,1.1,0.3,2.5,2.0,
Terance Mann,LAC,25,81,41,40,28.6,1.7,1.1,2.4,5.5,9.5,8.7,7.4,29.7,0.3,0.5,2.2,2.0,
Nic Claxton,BKN,23,47,24,23,20.7,1.4,2.0,1.0,7.5,7.3,6.0,7.0,20.0,1.1,0.4,2.3,1.9,
Raul Neto,WAS,29,70,29,41,19.6,1.1,0.3,0.5,4.1,6.4,4.7,3.6,20.5,0.0,0.3,1.5,1.9,
Isaac Okoro,CLE,21,67,34,33,29.6,1.6,0.9,2.3,4.4,10.4,7.2,7.3,29.5,0.3,0.5,2.4,1.9,
LaMarcus Aldridge,BKN,36,47,26,21,22.3,1.3,2.1,0.3,5.2,8.3,6.4,5.7,22.3,1.0,0.2,1.7,1.9,
Clint Capela,ATL,27,74,40,34,27.6,1.1,2.8,0.8,9.9,8.7,7.2,8.0,27.9,1.3,0.5,2.2,1.9,
Richaun Holmes,SAC,28,45,16,29,23.9,1.3,2.7,0.8,8.4,9.0,7.3,6.8,25.6,0.9,0.4,2.8,1.9,
Darius Bazley,OKC,21,69,19,50,27.9,1.7,1.1,1.3,5.5,10.1,8.5,6.0,28.9,1.0,1.1,1.0,1.9,
Mikal Bridges,PHX,25,82,64,18,34.8,3.0,1.1,2.8,7.4,10.0,10.3,8.3,33.3,0.4,0.4,1.8,1.9,
Donte DiVincenzo,SAC,25,42,21,21,23.9,1.4,0.7,1.1,1.9,8.0,7.2,5.7,23.0,0.2,0.3,1.6,1.9,
Onyeka Okongwu,ATL,21,48,26,22,20.7,1.0,1.8,0.3,6.5,6.2,5.9,4.3,20.0,1.3,0.4,3.1,1.9,
Luka Garza,DET,23,32,3,29,12.2,1.0,1.9,0.2,2.8,5.6,2.9,3.4,13.4,0.2,0.5,1.7,1.8,
Theo Maledon,OKC,20,51,14,37,17.8,0.8,0.7,0.6,2.8,6.5,5.1,4.1,17.8,0.2,0.5,1.3,1.8,
Patrick Williams,CHI,20,17,9,8,24.8,0.4,0.5,1.1,3.3,8.3,6.4,7.2,27.3,0.5,0.4,1.6,1.8,
Goran Dragic,BKN,36,21,10,11,23.7,1.2,0.9,1.1,3.4,9.1,6.2,7.5,23.8,0.2,0.4,2.1,1.8,
Will Barton,DEN,31,71,41,30,32.1,1.8,1.2,2.6,5.5,11.3,7.5,8.8,34.7,0.4,0.7,1.6,1.8,
Nerlens Noel,NYK,28,25,10,15,22.5,1.0,1.0,0.1,2.2,6.8,5.0,5.2,19.4,1.2,0.2,2.7,1.8,
Jarred Vanderbilt,MIN,23,74,41,33,25.4,1.6,2.0,1.6,5.7,8.4,7.5,8.1,25.0,0.6,0.6,2.4,1.8,
Eric Gordon,HOU,33,57,19,38,29.3,1.5,0.7,1.2,4.9,12.2,8.9,8.4,31.4,0.3,0.4,1.1,1.8,
Saben Lee,DET,22,37,8,29,16.3,1.2,0.3,1.3,2.9,6.0,4.3,3.8,19.0,0.3,0.6,1.2,1.8,
Freddie Gillespie,ORL,24,9,1,8,13.2,0.3,0.8,0.0,2.0,3.0,4.3,2.4,10.7,1.0,0.6,2.0,1.8,
Oshae Brissett,IND,23,67,19,48,23.3,1.2,1.6,1.5,3.6,8.7,7.0,6.6,25.9,0.4,0.4,1.7,1.8,
Nikola Vucevic,CHI,31,73,41,32,33.1,2.1,2.3,0.7,9.5,10.4,8.3,8.2,33.5,1.0,0.6,2.5,1.8,
Devonte' Graham,NOP,27,76,34,42,28.4,1.7,1.4,1.5,1.7,9.1,7.3,6.8,26.2,0.2,0.3,1.3,1.8,
Herbert Jones,NOP,23,78,36,42,29.9,2.3,1.1,2.0,5.2,9.4,7.6,6.3,27.4,0.8,0.7,3.1,1.8,
Cory Joseph,DET,30,65,19,46,24.6,1.3,0.7,0.3,2.9,7.9,6.2,4.9,25.5,0.3,0.3,2.3,1.8,
Josh Giddey,OKC,19,54,17,37,31.5,1.6,1.5,1.8,7.4,10.8,9.5,6.7,31.0,0.4,0.9,1.6,1.7,
Bogdan Bogdanovic,ATL,29,63,33,30,29.3,2.6,1.5,2.0,4.0,8.4,8.3,6.3,28.7,0.2,0.4,2.1,1.7,
Carmelo Anthony,LAL,37,69,27,42,26.0,1.9,1.3,1.8,2.3,9.0,7.5,7.2,28.1,0.8,0.3,2.4,1.7,
Bismack Biyombo,PHX,29,36,30,6,14.1,0.8,1.4,0.2,4.7,4.2,3.7,2.9,11.4,0.7,0.2,1.9,1.7,
Brandon Clarke,MEM,25,64,44,20,19.5,1.8,2.5,1.3,8.6,6.1,6.4,4.7,19.1,1.1,0.4,1.9,1.7,
Facundo Campazzo,DEN,31,65,38,27,18.2,1.0,0.4,0.8,1.4,6.7,4.2,4.0,17.3,0.4,0.1,1.9,1.7,
Cameron Payne,PHX,27,58,46,12,22.0,1.3,0.8,0.9,4.9,7.4,6.6,4.9,20.3,0.3,0.6,2.1,1.7,
Naz Reid,MIN,22,77,42,35,15.8,1.2,1.7,0.4,4.6,5.5,4.6,4.6,14.1,0.9,0.4,2.2,1.7,
Isaiah Stewart,DET,20,71,21,50,25.6,0.9,2.3,1.0,6.3,8.6,6.5,5.9,25.1,1.1,0.5,3.0,1.7,
Anfernee Simons,POR,22,57,25,32,29.5,2.4,1.1,1.5,4.0,9.4,7.6,8.3,28.8,0.1,0.6,1.9,1.7,
Daniel Theis,BOS,30,47,20,27,20.8,1.0,1.4,0.5,4.7,9.1,5.7,5.8,19.6,0.7,0.3,2.4,1.7,
Goga Bitadze,IND,22,50,17,33,14.6,0.9,1.6,0.5,4.3,5.6,4.2,4.6,16.9,0.8,0.5,2.1,1.7,
Robin Lopez,ORL,34,36,9,27,17.0,0.6,1.8,0.1,5.8,6.0,4.9,4.5,16.5,0.5,0.1,1.9,1.6,
Cameron Johnson,PHX,26,66,50,16,26.2,2.1,1.3,1.9,3.2,8.6,7.2,5.7,25.1,0.2,0.4,1.7,1.6,
Cedi Osman,CLE,27,66,37,29,22.1,1.7,1.0,2.0,3.4,8.2,6.3,6.0,22.8,0.2,0.4,1.9,1.6,
Cam Reddish,NYK,22,49,20,29,20.7,1.4,0.8,1.3,3.2,7.8,5.5,5.6,21.1,0.3,0.5,1.2,1.6,
Lindell Wigginton,MIL,24,19,11,8,10.5,0.3,0.0,0.5,1.8,4.8,3.7,4.6,13.4,0.1,0.3,0.9,1.6,
Seth Curry,BKN,31,64,38,26,33.3,2.2,1.0,2.3,2.5,10.5,9.0,9.9,32.0,0.2,0.2,2.3,1.6,
Cody Martin,CHA,26,71,41,30,26.3,1.6,0.9,1.7,3.7,9.2,8.1,7.7,25.7,0.5,0.4,1.6,1.6,
Talen Horton-Tucker,LAL,21,60,23,37,25.2,1.7,0.7,1.4,5.1,8.6,6.3,6.9,25.8,0.5,0.5,2.5,1.6,
Brook Lopez,MIL,34,13,10,3,23.0,1.5,2.5,0.3,6.5,7.6,4.6,6.4,19.8,1.2,0.4,2.6,1.6,
Georgios Kalaitzakis,OKC,23,13,8,5,16.4,1.1,0.2,0.6,3.1,6.4,5.8,6.5,18.9,0.2,0.0,1.5,1.6,
Trendon Watford,POR,21,48,16,32,18.1,1.2,1.3,1.6,5.4,7.4,4.9,6.0,17.7,0.6,0.4,2.4,1.6,
R.J. Hampton,ORL,21,64,15,49,21.9,1.1,0.9,1.7,3.3,8.1,5.8,6.2,21.0,0.2,0.6,1.6,1.6,
Frank Jackson,DET,24,53,9,44,22.0,1.7,1.3,1.2,3.5,7.4,5.6,5.3,22.6,0.2,0.5,1.7,1.6,
Cody Zeller,POR,29,27,13,14,13.1,0.5,1.2,0.4,3.7,4.7,3.3,2.9,12.7,0.2,0.5,2.1,1.6,
Tyler Cook,CHI,24,20,13,7,10.0,0.2,0.6,0.3,2.3,3.0,3.1,3.6,12.6,0.2,0.3,1.4,1.6,
Precious Achiuwa,TOR,22,73,46,27,23.6,1.7,1.6,1.4,5.3,6.6,7.0,5.4,21.8,0.6,0.7,2.1,1.5,
Tre Jones,SAS,22,69,32,37,16.6,1.1,0.6,1.0,3.9,5.9,5.5,3.9,17.3,0.1,0.4,1.1,1.5,
Caleb Martin,MIA,26,60,37,23,22.9,2.0,1.0,1.7,4.3,7.8,6.9,6.0,19.7,0.5,0.4,1.7,1.5,
Desmond Bane,MEM,23,76,53,23,29.8,2.7,2.2,3.4,5.4,8.6,8.0,8.5,28.3,0.4,0.9,2.6,1.5,
Bruce Brown,BKN,25,72,37,35,24.6,1.7,1.1,1.9,5.9,9.1,7.3,7.1,24.6,0.7,0.5,2.4,1.5,
Kenrich Williams,OKC,27,49,17,32,21.9,1.4,1.2,0.8,3.6,7.1,5.4,3.3,19.1,0.2,0.4,1.7,1.5,
Josh Jackson,SAC,25,51,12,39,16.3,1.1,0.7,1.0,2.9,6.8,4.2,3.7,17.1,0.4,0.4,1.7,1.5,
Terrence Ross,ORL,31,63,14,49,23.0,1.4,0.6,0.3,2.8,8.7,6.3,5.6,24.0,0.2,0.4,1.1,1.5,
Bobby Portis,MIL,27,72,46,26,28.2,2.0,2.8,1.4,6.1,8.7,7.4,5.7,23.9,0.7,0.7,2.4,1.5,
Gabe York,IND,28,2,0,2,10.7,2.0,1.5,0.5,1.0,3.5,3.5,1.0,11.0,0.5,0.0,2.0,1.5,
Kris Dunn,POR,28,14,1,13,24.0,1.5,0.4,1.0,5.6,12.8,8.1,8.9,28.3,0.2,0.8,2.7,1.5,
Sekou Doumbouya,LAL,21,2,0,2,8.2,1.5,2.0,1.0,4.0,1.0,1.0,0.0,3.0,1.0,0.5,0.5,1.5,
Maxi Kleber,DAL,30,59,36,23,24.6,0.8,0.8,0.4,1.9,6.5,7.0,6.0,22.2,1.0,0.2,2.3,1.5,
Jeremy Lamb,SAC,29,56,23,33,16.7,1.1,0.7,0.7,1.8,5.3,4.9,4.1,17.9,0.4,0.2,1.1,1.5,
Davion Mitchell,SAC,23,75,28,47,27.7,1.9,0.9,1.0,4.6,10.3,9.0,7.1,28.6,0.3,0.5,1.9,1.5,
Nickeil Alexander-Walker,UTA,23,65,29,36,22.6,1.7,1.1,1.2,3.9,8.1,6.0,5.0,21.1,0.4,0.7,1.6,1.5,
T.J. McConnell,IND,30,27,9,18,24.2,1.2,0.6,0.6,5.6,9.0,7.3,6.3,26.4,0.4,0.4,2.0,1.4,
Larry Nance Jr.,NOP,29,46,19,27,22.6,1.3,1.6,0.7,4.4,8.0,5.8,6.2,23.2,0.4,0.2,1.8,1.4,
Malik Monk,LAL,24,76,32,44,28.1,2.1,1.2,2.7,5.3,9.4,7.8,8.7,30.9,0.4,0.4,1.8,1.4,
Jaylen Hoard,OKC,23,7,2,5,34.2,1.4,3.7,0.3,9.4,11.6,11.1,11.3,36.6,0.7,1.4,2.0,1.4,
Rui Hachimura,WAS,24,42,16,26,22.5,1.4,0.9,1.4,4.6,7.7,5.2,5.2,21.9,0.2,0.4,1.3,1.4,
Thomas Bryant,WAS,24,27,8,19,16.3,0.7,0.9,0.7,4.1,4.8,4.6,3.7,17.0,0.8,0.3,1.6,1.4,
Dewayne Dedmon,MIA,32,67,43,24,15.9,0.7,1.5,0.2,4.1,6.0,4.5,3.7,13.7,0.6,0.3,2.6,1.4,
Chimezie Metu,SAC,25,60,23,37,21.3,1.5,0.7,0.8,4.2,8.6,6.9,5.9,22.0,0.5,0.5,1.6,1.4,
Shake Milton,PHI,25,55,34,21,21.4,1.4,0.8,1.0,4.1,7.2,5.9,7.3,19.6,0.3,0.4,1.8,1.4,
Lance Stephenson,IND,31,46,11,35,17.7,1.3,0.5,0.7,3.5,6.6,4.7,5.5,18.7,0.1,0.4,2.1,1.4,
Obi Toppin,NYK,24,72,32,40,17.1,1.7,1.4,1.7,5.4,5.3,4.3,2.9,14.1,0.5,0.4,1.4,1.4,
Alex Len,SAC,28,39,17,22,15.9,0.7,1.3,0.4,4.4,5.1,5.6,4.9,17.2,0.6,0.3,2.6,1.4,
Dennis Smith Jr.,POR,24,37,15,22,17.3,0.8,0.5,0.8,3.4,5.5,4.2,3.5,14.8,0.3,0.5,1.4,1.4,
Deni Avdija,WAS,21,82,35,47,24.2,1.1,0.6,0.9,3.9,7.7,6.1,4.3,22.5,0.5,0.5,2.3,1.4,
Coby White,CHI,22,61,32,29,27.5,1.8,1.0,1.7,3.8,8.4,7.4,6.6,29.4,0.2,0.4,2.2,1.4,
Amir Coffey,LAC,24,69,33,36,22.7,1.5,0.9,1.6,3.0,7.5,7.6,6.9,24.1,0.2,0.4,1.3,1.4,
Josh Christopher,HOU,20,74,18,56,18.0,1.9,0.8,1.5,4.3,8.4,5.7,5.8,21.6,0.2,0.5,1.3,1.4,
Ben McLemore,POR,29,64,20,44,20.1,2.1,1.1,1.7,1.3,7.8,6.0,6.9,19.6,0.2,0.3,1.6,1.4,
De'Anthony Melton,MEM,23,73,49,24,22.7,1.9,1.2,2.7,3.4,7.5,6.3,5.5,22.5,0.5,0.5,1.8,1.4,
Duane Washington Jr.,IND,22,48,12,36,20.2,0.9,0.8,1.5,3.0,7.9,5.4,6.0,21.5,0.1,0.6,1.4,1.4,
Josh Richardson,SAS,28,65,38,27,24.6,1.9,1.0,0.9,2.7,8.3,6.6,5.2,22.9,0.4,0.4,1.8,1.4,
Joshua Primo,SAS,19,50,22,28,19.3,0.8,0.8,0.7,2.1,6.8,6.6,5.5,19.5,0.5,0.2,1.6,1.3,
Grant Williams,BOS,23,77,49,28,24.4,1.1,0.8,0.8,2.5,8.5,6.1,6.1,22.7,0.7,0.2,2.4,1.3,
Cassius Stanley,DET,22,9,3,6,17.2,0.9,0.4,0.3,3.3,5.6,4.8,4.2,18.9,0.2,0.2,1.9,1.3,
Cheick Diallo,DET,25,3,0,3,10.2,1.3,1.3,0.0,2.0,6.7,2.0,4.3,14.0,0.0,0.3,2.0,1.3,
Derrick Walton Jr.,DET,27,3,1,2,36.1,2.3,0.0,0.7,1.3,11.0,9.3,8.0,37.3,1.3,0.3,2.7,1.3,
Micah Potter,DET,24,3,2,1,10.3,0.0,3.0,0.0,2.7,9.3,3.7,5.7,11.3,0.3,0.0,1.3,1.3,
Wes Iwundu,ATL,27,3,2,1,27.4,1.7,0.7,1.0,1.3,5.7,6.0,7.3,35.3,0.0,1.3,2.7,1.3,
Bones Hyland,DEN,21,69,41,28,19.0,1.4,0.7,1.3,2.2,6.4,4.7,5.2,19.5,0.3,0.6,2.2,1.3,
Devin Vassell,SAS,21,71,29,42,27.3,2.0,1.5,1.8,3.5,9.1,7.7,6.5,28.0,0.6,0.4,2.0,1.3,
Chris Silva,MIA,25,10,7,3,9.1,0.6,0.7,0.0,1.6,3.9,1.8,2.4,6.4,0.1,0.3,2.0,1.3,
Lonnie Walker IV,SAS,23,70,27,43,23.0,2.0,1.0,1.6,3.9,7.3,7.5,5.4,25.5,0.3,0.4,1.4,1.3,
P.J. Tucker,MIA,37,71,45,26,27.9,1.2,1.3,0.3,3.3,9.5,7.1,7.4,23.4,0.2,0.3,2.3,1.3,
Stanley Johnson,LAL,25,48,16,32,22.8,0.8,0.6,0.9,3.1,7.8,6.6,7.2,25.7,0.3,0.4,2.3,1.3,
Greg Monroe,MIN,31,14,7,7,13.9,1.1,1.9,0.6,4.6,4.4,4.6,3.5,13.9,0.7,0.7,1.7,1.3,
Javonte Green,CHI,28,65,38,27,23.4,1.3,1.2,1.7,4.3,7.4,6.5,5.9,24.1,0.5,0.3,2.0,1.3,
Derrick Jones Jr.,CHI,25,51,28,23,17.6,0.8,1.4,0.8,3.3,5.3,5.1,4.2,18.5,0.6,0.4,2.1,1.3,
Naji Marshall,NOP,24,55,23,32,13.4,1.1,0.7,1.3,3.1,4.9,3.5,3.9,13.1,0.1,0.3,1.3,1.3,
Olivier Sarr,OKC,23,22,6,16,19.1,0.9,1.5,0.6,3.6,7.5,5.2,4.4,17.1,0.7,0.5,2.4,1.3,
Wenyen Gabriel,LAL,25,26,8,18,13.8,0.4,1.3,0.4,3.5,4.4,3.8,3.3,14.4,0.4,0.6,2.6,1.3,
Zeke Nnaji,DEN,21,41,24,17,17.0,1.3,1.7,0.6,2.7,5.9,3.8,4.3,16.7,0.3,0.5,1.9,1.3,
Gabe Vincent,MIA,25,68,47,21,23.4,1.5,0.7,0.5,2.1,7.7,6.4,6.0,19.6,0.2,0.3,2.3,1.3,
Brad Wanamaker,WAS,32,23,10,13,13.9,0.7,0.2,0.5,1.4,5.1,4.0,4.6,13.3,0.3,0.5,2.0,1.3,
Aaron Wiggins,OKC,23,50,13,37,24.2,1.2,1.2,1.3,4.4,7.5,7.2,5.8,23.5,0.2,0.4,1.9,1.3,
Patty Mills,BKN,33,81,44,37,29.0,1.4,1.2,1.4,1.2,10.3,8.4,8.7,29.2,0.2,0.3,1.4,1.3,
CJ Elleby,POR,21,58,17,41,20.2,1.3,0.9,1.0,2.7,7.8,5.9,6.3,20.1,0.3,0.2,2.0,1.3,
Kevon Looney,GSW,26,82,53,29,21.1,0.8,1.6,0.3,4.8,7.5,5.6,5.8,19.9,0.6,0.4,2.6,1.3,
Damion Lee,GSW,29,63,41,22,19.9,1.3,0.8,0.9,2.9,6.9,5.2,5.2,18.3,0.1,0.2,1.5,1.3,
Furkan Korkmaz,PHI,24,67,44,23,21.1,1.2,0.6,0.9,2.7,6.7,6.7,6.2,20.4,0.1,0.3,0.9,1.3,
D.J. Wilson,TOR,26,4,2,2,13.5,2.0,0.5,1.5,4.0,6.3,6.3,4.3,14.5,0.3,0.3,1.5,1.3,
Klay Thompson,GSW,32,32,17,15,29.4,3.1,2.4,3.0,4.4,10.3,7.9,8.6,28.4,0.5,0.4,1.7,1.3,
Keon Johnson,POR,20,37,8,29,18.8,0.9,0.9,0.8,3.2,7.0,6.9,6.2,19.6,0.3,0.6,1.9,1.2,
Killian Hayes,DET,20,66,21,45,25.0,1.3,0.7,0.9,3.4,8.9,6.8,5.9,24.8,0.5,0.5,2.8,1.2,
Tre Mann,OKC,21,60,17,43,22.8,1.6,1.1,0.6,3.6,8.4,7.3,4.8,25.0,0.2,0.6,1.7,1.2,
Evan Fournier,NYK,29,80,36,44,29.5,1.6,1.0,1.4,2.8,9.8,7.9,8.3,28.4,0.3,0.4,2.3,1.2,
Moses Brown,CLE,22,40,19,21,8.6,0.6,0.8,0.4,3.2,3.0,2.1,2.5,7.4,0.4,0.2,1.3,1.2,
Cam Thomas,BKN,20,67,32,35,17.6,1.1,0.8,1.1,3.0,6.1,5.0,4.9,17.8,0.1,0.4,1.0,1.2,
Jae Crowder,PHX,31,67,54,13,28.1,1.5,0.7,0.9,1.5,7.2,8.1,6.4,26.5,0.4,0.1,2.6,1.2,
Jalen McDaniels,CHA,24,55,34,21,16.3,0.9,0.7,0.8,2.8,5.0,5.6,4.8,15.1,0.4,0.1,1.7,1.2,
Al Horford,BOS,35,69,46,23,29.1,1.5,1.5,0.6,4.5,8.1,6.8,6.4,23.8,1.3,0.2,1.9,1.2,
Nathan Knight,MIN,24,37,22,15,7.2,0.4,0.4,0.4,2.2,2.4,2.1,1.3,6.4,0.2,0.3,1.1,1.2,
Jaden McDaniels,MIN,21,70,40,30,25.8,1.7,1.2,1.2,4.5,8.7,7.7,7.0,23.4,0.8,0.4,3.2,1.2,
Lou Williams,ATL,35,56,33,23,14.3,0.5,0.4,0.4,1.8,3.8,3.9,3.3,14.0,0.1,0.2,0.9,1.2,
Robert Williams III,BOS,24,61,40,21,29.6,1.7,2.8,0.6,8.8,9.2,7.7,7.7,25.2,2.2,0.2,2.2,1.2,
Terry Taylor,IND,22,33,7,26,21.6,1.3,2.9,0.8,7.2,8.8,6.2,6.7,24.1,0.2,0.4,1.8,1.2,
Taurean Prince,MIN,28,69,40,29,17.1,1.5,0.6,1.3,2.2,6.0,5.3,5.2,16.5,0.3,0.2,1.7,1.2,
Kenyon Martin Jr.,HOU,21,79,20,59,21.0,1.5,1.6,1.4,5.5,9.6,6.9,6.7,24.3,0.5,0.6,1.4,1.2,
Brandon Knight,DAL,30,5,2,3,12.9,1.4,0.4,1.2,2.4,5.6,5.2,4.2,12.4,0.0,0.4,1.0,1.2,
Reggie Perry,POR,22,10,0,10,18.7,2.3,1.6,1.2,6.4,7.5,7.9,6.6,19.0,0.6,0.3,3.3,1.2,
Gary Harris,ORL,27,61,16,45,28.4,2.0,1.0,1.8,3.3,9.8,7.7,7.3,26.9,0.1,0.5,1.8,1.2,
JaMychal Green,DEN,31,67,36,31,16.2,1.4,1.5,0.8,3.4,6.0,3.8,4.3,16.2,0.4,0.5,2.4,1.2,
Braxton Key,DET,25,11,5,6,17.9,1.0,1.2,1.4,4.9,4.5,4.3,3.1,18.7,1.0,0.4,2.4,1.2,
Aaron Holiday,PHX,25,63,34,29,16.2,1.2,0.5,0.7,3.1,5.0,4.2,3.8,15.1,0.1,0.3,1.5,1.2,
David Nwaba,HOU,29,46,6,40,13.2,1.0,1.1,1.0,3.0,5.8,3.7,4.6,14.1,0.4,0.5,1.2,1.2,
Kyle Anderson,MEM,28,69,46,23,21.5,1.5,1.1,1.0,4.6,6.9,5.8,5.8,22.6,0.7,0.4,1.6,1.2,
Andre Iguodala,GSW,38,31,20,11,19.4,0.7,0.3,0.5,1.7,5.6,5.5,4.5,16.3,0.7,0.1,1.1,1.2,
George Hill,MIL,36,54,36,18,23.2,1.2,0.6,1.0,2.5,6.6,6.0,5.1,20.0,0.1,0.3,1.3,1.1,
Monte Morris,DEN,26,75,44,31,29.9,1.7,0.9,1.7,4.2,10.4,6.8,7.5,32.0,0.2,0.5,1.2,1.1,
Greg Brown III,POR,20,48,14,34,13.3,0.9,0.9,0.7,2.5,5.8,4.0,4.8,12.5,0.5,0.4,1.9,1.1,
Khem Birch,TOR,29,55,34,21,18.0,0.9,1.3,0.3,3.4,5.7,4.6,4.7,16.2,0.5,0.2,1.9,1.1,
Josh Okogie,MIN,23,49,23,26,10.5,0.7,0.5,0.2,1.1,3.7,2.8,2.7,9.0,0.2,0.2,1.1,1.1,
Vernon Carey Jr.,WAS,21,7,3,4,6.3,0.6,1.6,0.0,1.7,2.7,3.1,3.1,6.9,0.1,0.0,0.6,1.1,
Wesley Matthews,MIL,35,49,33,16,20.5,0.5,0.9,0.7,1.4,5.9,5.6,4.4,18.4,0.2,0.2,1.8,1.1,
Brandon Boston Jr.,LAC,20,51,26,25,14.9,1.1,0.5,1.0,2.5,5.5,5.2,4.1,15.9,0.3,0.5,0.8,1.1,
Buddy Hield,IND,29,81,26,55,30.8,3.0,2.2,2.9,3.3,12.0,9.8,8.3,33.8,0.3,0.7,2.3,1.1,
Terence Davis,SAC,24,30,11,19,17.9,1.8,1.0,2.0,3.8,6.1,5.8,3.8,17.5,0.4,0.5,2.3,1.1,
Otto Porter Jr.,GSW,28,63,41,22,22.2,1.3,1.3,1.0,2.8,7.4,5.3,5.6,19.7,0.5,0.1,1.3,1.1,
Ty Jerome,OKC,24,48,15,33,16.7,0.9,0.5,0.7,2.6,5.5,3.9,3.4,15.2,0.1,0.4,1.5,1.1,
Danuel House Jr.,UTA,28,42,18,24,17.3,1.4,0.7,1.1,1.4,6.3,4.6,4.5,16.5,0.4,0.3,1.2,1.1,
Lonzo Ball,CHI,24,35,22,13,34.6,1.9,1.6,2.5,2.6,11.4,9.2,8.6,32.9,0.9,0.5,2.4,1.1,
Jaylen Nowell,MIN,22,62,37,25,15.7,1.4,0.5,1.6,3.6,5.2,4.7,4.0,14.3,0.2,0.3,1.2,1.1,
Michael Porter Jr.,DEN,23,9,5,4,29.4,2.0,0.9,2.3,3.8,10.3,6.3,7.2,31.6,0.2,0.4,1.8,1.1,
Tomas Satoransky,WAS,30,55,21,34,16.5,0.5,0.5,0.3,1.8,5.9,4.2,4.0,16.2,0.1,0.2,1.3,1.1,
P.J. Washington,CHA,23,65,33,32,27.2,1.6,1.2,1.2,4.2,9.0,7.8,7.5,26.7,0.9,0.4,2.3,1.1,
Justin Holiday,SAC,33,74,25,49,27.8,1.5,0.8,1.1,1.5,9.4,7.4,7.9,28.5,0.4,0.2,2.1,1.1,
Mike Muscala,OKC,30,43,15,28,13.8,0.9,0.9,0.4,1.6,4.5,3.5,3.0,12.7,0.6,0.2,1.3,1.1,
Rudy Gay,UTA,35,55,34,21,18.9,1.1,1.4,0.6,2.3,6.4,4.5,4.3,16.8,0.3,0.3,1.7,1.1,
Justise Winslow,POR,26,48,24,24,16.1,1.1,1.2,0.8,3.8,5.6,4.8,4.8,15.6,0.5,0.5,1.4,1.1,
Mamadi Diakite,OKC,25,13,4,9,14.4,0.5,0.5,0.0,3.7,5.1,4.4,3.2,13.7,0.7,0.4,2.5,1.1,
Vlatko Cancar,DEN,25,15,7,8,11.8,0.6,0.3,0.7,2.1,3.4,2.5,2.7,10.9,0.2,0.2,1.2,1.1,
Day'Ron Sharpe,BKN,20,32,12,20,12.2,1.0,2.2,0.4,5.2,4.0,2.7,3.4,12.4,0.5,0.4,1.9,1.1,
Mo Bamba,ORL,23,71,19,52,25.7,1.1,2.4,0.7,4.8,9.2,7.4,7.1,21.2,1.7,0.4,2.6,1.1,
P.J. Dozier,DEN,25,18,9,9,18.9,0.6,0.6,0.4,1.6,7.4,4.2,5.2,18.1,0.3,0.3,1.8,1.1,
Isaiah Thomas,CHA,33,22,12,10,15.2,1.1,0.6,0.9,2.2,5.5,5.0,4.5,13.9,0.2,0.4,1.5,1.0,
Derrick Rose,NYK,33,26,11,15,24.5,1.3,0.9,1.6,5.7,7.1,6.5,4.3,19.8,0.5,0.7,0.6,1.0,
Duncan Robinson,MIA,28,79,52,27,25.9,1.5,0.9,1.0,1.3,8.4,6.3,6.6,21.6,0.2,0.2,2.5,1.0,
Eric Paschall,UTA,25,58,36,22,12.7,0.5,0.7,0.3,2.4,4.7,3.8,3.5,12.9,0.1,0.4,0.9,1.0,
Max Strus,MIA,26,68,46,22,23.3,1.6,1.2,1.1,1.9,8.3,5.8,6.0,19.4,0.2,0.2,1.7,1.0,
Jeremiah Robinson-Earl,OKC,21,49,15,34,22.2,1.1,1.3,0.6,2.8,7.7,6.6,5.0,21.8,0.3,0.5,1.5,1.0,
Nemanja Bjelica,GSW,34,71,48,23,16.1,0.9,1.0,0.4,2.8,5.5,4.4,3.9,14.5,0.4,0.3,1.8,1.0,
Abdel Nader,PHX,28,14,11,3,10.4,0.3,0.4,0.5,1.1,4.0,2.6,2.5,9.9,0.3,0.1,1.4,1.0,
Brandon Goodwin,CLE,26,36,19,17,13.9,0.4,0.3,0.4,2.3,5.1,3.8,3.1,13.1,0.0,0.4,1.1,1.0,
Cameron Oliver,ATL,25,2,1,1,21.7,1.5,4.5,0.5,8.0,5.0,2.0,7.0,28.0,0.5,0.0,2.5,1.0,
Cat Barber,ATL,27,3,0,3,4.3,0.0,0.0,0.0,0.0,2.0,0.0,1.3,4.0,0.0,0.3,0.3,1.0,
Daniel Oturu,TOR,22,3,1,2,9.1,0.7,0.7,0.0,2.0,6.0,2.0,1.0,6.0,0.7,0.7,0.3,1.0,
Emmanuel Mudiay,SAC,26,2,0,2,5.5,0.0,0.0,0.0,0.0,2.0,1.0,1.5,8.0,0.0,0.0,0.5,1.0,
Hassani Gravett,ORL,25,8,2,6,21.4,1.4,0.0,0.4,1.3,5.9,5.8,4.1,16.8,0.1,0.4,1.6,1.0,
Mac McClung,LAL,23,2,2,0,12.2,0.0,0.0,1.0,1.0,5.5,0.0,4.5,15.0,0.5,0.5,2.5,1.0,
Malik Newman,CLE,25,1,0,1,7.7,0.0,0.0,0.0,2.0,0.0,5.0,0.0,4.0,0.0,0.0,0.0,1.0,
Rayjon Tucker,MIL,24,5,2,3,14.2,0.0,0.4,0.0,0.8,5.8,4.2,5.2,18.0,0.0,0.0,1.0,1.0,
Robert Covington,LAC,31,71,34,37,27.3,1.4,1.2,1.1,2.1,8.7,7.3,6.9,25.9,1.3,0.4,2.7,1.0,
Royce O'Neale,UTA,28,77,46,31,31.2,1.4,0.8,1.6,2.2,10.6,8.6,7.7,30.1,0.4,0.2,2.4,1.0,
Tim Frazier,CLE,31,12,1,11,17.3,0.6,0.2,0.2,0.8,7.8,5.3,3.5,17.5,0.1,0.2,2.3,1.0,
Tyler Johnson,SAS,30,6,2,4,15.2,0.0,1.0,0.5,0.0,3.8,6.2,4.3,15.0,0.5,0.2,1.2,1.0,
Tyus Jones,MEM,26,73,51,22,21.2,1.3,1.2,1.2,3.7,6.0,6.3,5.3,20.6,0.0,0.2,0.4,1.0,
Xavier Tillman,MEM,23,53,35,18,13.2,1.0,1.0,0.8,3.2,4.0,3.1,3.8,12.3,0.3,0.3,1.2,1.0,
Landry Shamet,PHX,25,69,53,16,20.8,1.6,0.8,0.9,1.4,6.7,5.7,4.9,19.6,0.1,0.4,1.3,1.0,
Grayson Allen,MIL,26,66,43,23,27.3,1.9,0.8,1.7,2.6,8.7,7.1,6.2,24.0,0.3,0.4,1.5,1.0,
Aleksej Pokusevski,OKC,20,61,19,42,20.2,1.4,1.2,1.3,3.8,6.8,5.3,4.0,18.0,0.6,0.4,1.4,1.0,
Thaddeus Young,TOR,33,52,27,25,16.3,0.6,1.7,0.5,4.6,5.2,4.2,4.3,15.2,0.3,0.4,1.6,1.0,
Anthony Gill,WAS,29,44,15,29,10.5,0.6,0.7,0.2,2.2,3.1,2.7,2.5,9.5,0.3,0.3,1.3,1.0,
Chuma Okeke,ORL,23,70,21,49,25.0,1.2,0.9,0.9,2.5,8.5,6.3,5.9,24.0,0.6,0.2,1.4,1.0,
Marquese Chriss,DAL,24,34,24,10,10.2,0.8,0.7,0.4,3.1,4.1,2.9,3.0,10.6,0.4,0.6,1.9,1.0,
Jose Alvarado,NOP,24,54,25,29,15.4,1.0,0.8,0.7,3.2,4.9,3.7,3.2,13.8,0.1,0.4,1.4,1.0,
Delon Wright,ATL,30,77,42,35,18.9,0.9,0.5,0.5,1.8,5.9,5.1,4.2,18.3,0.2,0.2,0.7,1.0,
Yuta Watanabe,TOR,27,38,21,17,11.7,0.6,0.7,0.6,1.2,3.9,4.5,2.9,11.3,0.4,0.2,1.0,0.9,
Justin Anderson,IND,28,16,3,13,19.7,0.9,0.4,0.6,1.9,6.8,5.8,5.9,21.3,0.4,0.3,1.4,0.9,
Omer Yurtseven,MIA,23,56,39,17,12.6,0.7,1.2,0.3,4.4,4.7,3.6,3.2,10.6,0.4,0.3,1.5,0.9,
Pat Connaughton,MIL,29,65,41,24,26.0,1.4,1.0,1.1,2.3,8.3,6.7,5.8,23.4,0.2,0.2,1.3,0.9,
Taj Gibson,NYK,36,52,24,28,18.2,0.6,1.1,0.1,2.3,5.1,5.3,3.9,15.0,0.8,0.2,2.6,0.9,
Boban Marjanovic,DAL,33,23,15,8,5.6,0.4,0.7,0.0,3.0,2.3,0.8,1.3,4.0,0.1,0.2,1.0,0.9,
Dorian Finney-Smith,DAL,29,80,51,29,33.0,1.5,1.1,1.6,3.7,9.3,8.7,8.1,32.2,0.5,0.3,2.3,0.9,
Ayo Dosunmu,CHI,22,77,42,35,27.4,1.8,0.5,2.2,4.3,9.6,7.1,7.2,29.3,0.4,0.5,2.4,0.9,
Louis King,SAC,23,10,2,8,10.4,0.7,0.3,0.5,0.6,3.8,3.6,3.0,11.0,0.1,0.1,1.4,0.9,
DeAndre Jordan,PHI,33,48,26,22,13.0,0.4,1.1,0.3,3.8,5.4,3.9,5.4,12.9,0.7,0.1,1.5,0.9,
Garrett Temple,NOP,36,59,23,36,18.6,0.9,0.7,1.0,1.5,6.9,5.5,4.6,17.7,0.4,0.2,1.4,0.9,
Daishen Nix,HOU,20,24,3,21,10.9,0.3,0.2,0.4,1.7,5.5,3.1,3.3,12.8,0.0,0.3,0.9,0.9,
Lamar Stevens,CLE,24,63,35,28,16.1,1.0,0.6,0.9,3.7,5.9,4.1,4.0,15.3,0.3,0.4,1.7,0.9,
David Duke Jr.,BKN,22,22,10,12,15.5,0.8,1.4,0.9,2.5,4.2,4.3,3.9,15.0,0.3,0.5,1.6,0.9,
Doug McDermott,SAS,30,51,21,30,24.0,1.2,1.2,1.8,3.5,7.8,7.8,6.7,26.6,0.1,0.5,1.5,0.9,
James Ennis III,DEN,31,7,3,4,7.9,1.0,0.3,0.6,2.3,2.7,2.3,1.6,8.6,0.3,0.1,0.7,0.9,
Jock Landale,SAS,26,54,24,30,10.9,0.5,1.0,0.3,2.5,4.1,4.1,3.0,10.9,0.3,0.2,1.0,0.9,
Santi Aldama,MEM,21,32,20,12,11.2,0.4,1.3,0.8,2.9,3.3,3.0,3.7,11.8,0.3,0.2,1.1,0.8,
Bryn Forbes,DEN,28,75,36,39,17.1,1.2,0.7,1.0,1.5,6.0,4.5,3.8,16.5,0.1,0.4,1.3,0.8,
Jordan McLaughlin,MIN,26,62,36,26,14.5,0.8,0.3,0.9,1.8,4.8,4.4,3.5,14.2,0.2,0.2,0.9,0.8,
Sam Merrill,MEM,25,6,2,4,9.6,1.0,0.0,0.0,0.3,1.8,3.3,4.7,10.0,0.0,0.0,0.5,0.8,
Tyrone Wallace,NOP,27,6,4,2,12.5,0.7,0.0,0.0,1.7,4.8,3.2,2.5,15.3,0.2,0.2,1.2,0.8,
Ziaire Williams,MEM,20,62,41,21,21.7,1.5,1.3,2.2,2.9,6.7,6.0,6.3,23.6,0.2,0.3,1.8,0.8,
Juan Toscano-Anderson,GSW,29,73,51,22,13.6,0.6,0.4,0.5,2.4,5.3,4.1,3.3,11.6,0.2,0.3,1.6,0.8,
Rajon Rondo,CLE,36,39,16,23,17.9,0.4,0.2,0.4,1.7,6.7,5.1,5.8,17.4,0.2,0.3,1.4,0.8,
Keita Bates-Diop,SAS,26,59,23,36,16.2,0.8,1.3,0.8,3.8,5.8,5.2,3.8,16.5,0.2,0.4,1.0,0.8,
Ignas Brazdeikis,ORL,23,42,9,33,12.8,0.6,0.5,0.4,2.4,4.6,4.1,3.4,12.8,0.1,0.3,1.1,0.8,
Jericho Sims,NYK,23,41,19,22,13.5,0.6,0.5,0.0,1.9,4.3,3.2,2.8,12.5,0.5,0.0,1.6,0.8,
Georges Niang,PHI,28,76,48,28,22.8,1.1,1.0,0.8,2.2,7.8,5.9,7.2,20.8,0.2,0.4,2.5,0.8,
Chaundee Brown Jr.,ATL,23,5,1,4,20.7,0.6,0.8,0.4,1.2,7.0,3.8,7.2,22.4,0.0,0.6,1.4,0.8,
Justin Robinson,DET,24,25,13,12,12.1,0.6,0.2,0.6,0.6,5.2,3.5,3.8,13.3,0.0,0.0,1.1,0.8,
Neemias Queta,SAC,22,15,4,11,8.0,0.6,0.7,0.3,2.3,3.4,2.0,1.3,7.2,0.5,0.2,1.2,0.8,
Trevor Ariza,LAL,36,24,8,16,19.3,0.3,0.6,0.5,1.1,6.8,5.0,7.1,21.3,0.3,0.1,0.8,0.8,
James Johnson,BKN,35,62,30,32,19.2,0.6,0.7,0.4,3.8,6.8,5.9,4.9,17.6,0.5,0.3,2.6,0.8,
Kyle Guy,MIA,24,19,15,4,9.8,0.6,0.2,0.2,0.7,4.6,2.5,3.2,9.2,0.1,0.2,0.6,0.8,
Kevin Huerter,ATL,23,74,40,34,29.6,1.9,1.1,1.6,3.7,9.4,7.8,8.0,30.4,0.4,0.3,2.5,0.8,
Marko Simonovic,CHI,22,9,4,5,3.9,0.4,0.3,0.2,0.7,1.3,1.9,1.6,3.8,0.1,0.3,0.7,0.8,
Josh Green,DAL,21,67,44,23,15.5,0.8,0.5,1.1,2.8,5.4,4.1,3.6,15.7,0.2,0.3,1.7,0.8,
Enes Freedom,BOS,29,35,20,15,11.8,0.4,1.8,0.1,2.6,3.5,3.3,2.7,9.9,0.4,0.5,1.2,0.8,
Romeo Langford,SAS,22,48,24,24,16.1,0.6,0.7,0.3,2.0,5.1,4.5,3.7,14.3,0.3,0.3,1.0,0.8,
Thanasis Antetokounmpo,MIL,29,48,26,22,9.9,0.5,0.9,0.4,2.8,3.6,3.3,3.6,10.6,0.3,0.3,1.4,0.8,
Semi Ojeleye,LAC,27,30,14,16,13.5,0.6,0.8,0.2,0.9,5.6,4.0,3.9,14.1,0.2,0.3,1.0,0.8,
Markieff Morris,MIA,32,17,10,7,17.5,1.1,0.6,0.6,3.1,6.1,3.7,5.0,16.0,0.1,0.1,1.9,0.8,
Paul Millsap,PHI,37,33,22,11,11.4,0.5,1.1,0.1,2.1,3.9,3.2,4.2,11.3,0.4,0.2,2.0,0.8,
Gabriel Lundberg,PHX,27,4,1,3,11.1,0.5,0.0,0.0,0.0,5.0,2.0,1.0,9.0,0.0,0.5,1.8,0.8,
Jordan Schakel,WAS,23,4,1,3,7.6,0.0,0.0,0.0,0.0,3.8,1.5,2.3,5.5,0.0,0.5,0.0,0.8,
Nicolas Batum,LAC,33,59,31,28,24.8,1.4,0.6,1.0,1.6,8.4,7.6,6.4,26.1,0.7,0.1,1.4,0.7,
Luke Kennard,LAC,25,70,35,35,27.4,1.6,1.2,1.2,1.7,9.2,8.1,7.4,28.4,0.1,0.2,1.4,0.7,
Matisse Thybulle,PHI,25,66,43,23,25.5,1.2,0.5,1.2,3.2,7.3,6.9,7.3,26.2,1.1,0.1,2.4,0.7,
James Bouknight,CHA,21,31,15,16,9.8,0.6,0.7,0.8,1.9,3.6,3.7,3.0,9.5,0.0,0.5,0.9,0.7,
Trent Forrest,UTA,23,60,36,24,12.8,0.4,0.3,0.2,2.2,4.4,3.1,3.1,11.7,0.1,0.2,0.7,0.7,
Gary Payton II,GSW,29,71,47,24,17.6,1.6,1.0,1.5,4.7,5.9,4.8,4.0,16.1,0.3,0.1,1.8,0.7,
Jarrett Culver,MEM,23,37,28,9,9.1,0.9,0.6,0.6,1.6,2.9,2.4,3.0,10.3,0.1,0.2,1.1,0.7,
Tacko Fall,CLE,26,11,4,7,5.3,0.1,0.3,0.2,0.9,1.2,1.9,1.3,3.1,0.5,0.1,0.3,0.7,
Joe Harris,BKN,30,14,10,4,30.2,1.4,0.6,1.6,1.9,13.9,8.3,11.5,29.0,0.1,0.4,2.2,0.7,
Trey Burke,DAL,29,42,24,18,10.5,0.9,0.2,0.6,1.6,3.9,2.6,2.6,9.8,0.0,0.1,0.9,0.7,
Jordan Nwora,MIL,23,62,34,28,19.1,1.6,1.0,1.0,2.7,6.7,5.7,5.9,19.1,0.3,0.3,1.3,0.7,
Trey Murphy III,NOP,21,62,31,31,13.9,1.0,1.2,0.9,1.2,4.9,3.5,3.7,12.8,0.1,0.2,1.0,0.7,
Ish Smith,WAS,33,65,27,38,17.3,0.9,0.5,0.4,2.6,5.9,5.2,4.9,16.3,0.4,0.3,1.2,0.7,
Malachi Flynn,TOR,24,44,25,19,12.2,0.6,0.6,0.5,1.3,3.4,4.3,2.9,11.9,0.1,0.2,1.0,0.7,
Nick Richards,CHA,24,50,25,25,7.3,0.4,0.6,0.4,2.3,3.0,2.3,2.3,6.1,0.4,0.2,1.0,0.7,
Davis Bertans,DAL,29,56,32,24,14.4,0.8,0.3,0.5,0.7,4.3,4.4,1.9,14.5,0.2,0.1,1.5,0.7,
Timothe Luwawu-Cabarrot,ATL,27,52,30,22,13.2,0.8,0.4,0.5,1.1,5.1,2.8,3.9,12.5,0.1,0.2,1.5,0.7,
Torrey Craig,PHX,31,78,36,42,20.5,1.1,1.1,1.4,2.9,7.1,5.5,5.7,20.7,0.5,0.2,1.9,0.7,
Serge Ibaka,MIL,32,54,30,24,16.3,0.6,1.2,0.4,3.4,5.7,4.1,4.1,15.7,0.6,0.2,1.9,0.7,
DeAndre' Bembry,MIL,27,56,31,25,18.3,1.2,0.5,1.0,3.9,6.2,5.4,5.3,18.8,0.4,0.4,2.0,0.7,
Austin Rivers,DEN,29,67,41,26,22.1,0.7,0.4,0.6,2.0,8.3,5.6,5.6,22.1,0.1,0.2,1.8,0.7,
Bruno Fernando,HOU,23,30,15,15,5.1,0.3,1.0,0.1,2.2,2.3,1.5,1.5,4.7,0.4,0.2,0.8,0.7,
Cameron McGriff,POR,24,3,0,3,15.3,0.0,2.3,0.7,2.0,4.3,5.3,2.0,12.0,0.3,0.0,2.3,0.7,
Derrick Favors,OKC,30,39,15,24,16.7,0.6,0.9,0.1,3.5,5.1,3.7,3.4,13.9,0.3,0.2,1.6,0.7,
Jaylen Morris,SAS,26,3,0,3,5.3,0.0,0.0,0.0,0.0,1.3,0.7,1.7,5.3,0.0,0.3,0.7,0.7,
Tremont Waters,WAS,24,3,0,3,16.8,0.7,0.0,0.0,0.7,10.0,6.3,2.7,12.7,0.0,0.0,1.3,0.7,
Vit Krejci,OKC,21,30,8,22,23.0,1.1,0.3,0.8,2.2,8.3,7.2,5.2,24.0,0.3,0.3,2.2,0.7,
Wayne Selden,NYK,27,3,2,1,6.4,0.3,0.0,0.0,0.0,1.7,1.7,3.0,7.3,0.0,0.3,0.3,0.7,
Gorgui Dieng,ATL,32,44,23,21,8.4,0.3,0.4,0.1,0.6,3.3,2.0,2.2,8.1,0.3,0.1,1.2,0.7,
John Konchar,MEM,26,72,48,24,17.9,0.8,1.3,1.0,2.2,5.1,5.0,4.8,17.1,0.3,0.1,1.3,0.6,
Devon Dotson,CHI,22,11,5,6,7.7,0.5,0.2,0.7,1.6,2.7,1.8,1.6,6.7,0.0,0.2,1.0,0.6,
Moses Moody,GSW,19,52,35,17,11.7,0.5,0.5,0.3,1.3,4.7,3.2,4.2,10.8,0.2,0.1,0.8,0.6,
Isaiah Livers,DET,23,19,8,11,20.2,1.2,0.6,0.8,1.1,6.9,4.9,4.8,22.7,0.4,0.2,1.9,0.6,
Dalano Banton,TOR,22,64,37,27,10.9,0.6,0.6,0.5,1.9,3.4,2.9,2.4,8.8,0.2,0.3,1.1,0.6,
Joe Ingles,POR,34,45,28,17,24.9,0.9,0.4,0.8,1.6,8.6,6.3,6.2,24.3,0.1,0.2,1.8,0.6,
Frank Ntilikina,DAL,23,58,34,24,11.8,0.7,0.5,0.3,1.1,3.5,3.3,3.2,11.1,0.1,0.2,1.1,0.6,
D.J. Augustin,LAL,34,55,15,40,16.1,0.8,0.3,0.7,0.9,6.7,4.9,5.5,17.6,0.0,0.2,0.7,0.6,
Tony Bradley,CHI,24,55,28,27,10.0,0.5,0.7,0.2,2.4,3.3,2.9,2.5,9.7,0.6,0.3,1.1,0.6,
Kent Bazemore,LAL,32,39,16,23,14.0,0.7,0.2,0.7,0.7,4.7,4.7,3.7,13.6,0.2,0.0,1.8,0.6,
Corey Kispert,WAS,23,77,31,46,23.4,1.2,1.1,1.0,2.9,6.8,5.8,5.0,23.5,0.3,0.3,1.2,0.6,
Charles Bassey,PHI,21,23,11,12,7.3,0.1,1.1,0.1,2.5,3.0,2.1,2.6,5.9,0.7,0.1,1.4,0.6,
Dean Wade,CLE,25,51,27,24,19.2,0.8,0.5,0.5,1.6,6.6,4.3,4.7,17.7,0.1,0.1,1.7,0.6,
Aleem Ford,ORL,24,5,2,3,14.7,0.4,0.0,0.4,1.6,6.4,7.8,2.0,16.0,0.0,0.2,1.4,0.6,
Devin Cannady,ORL,25,5,2,3,28.9,1.8,1.4,1.2,0.0,8.8,8.2,6.8,26.8,0.6,0.6,1.8,0.6,
Isaiah Joe,PHI,22,55,35,20,11.1,0.6,0.5,0.2,0.4,3.9,3.2,2.9,9.8,0.1,0.1,0.9,0.6,
Jared Harper,NOP,24,5,2,3,8.6,1.6,2.0,1.0,2.0,1.4,4.4,1.2,8.4,0.2,0.2,1.0,0.6,
Udoka Azubuike,UTA,22,17,11,6,11.5,0.4,0.6,0.0,4.4,3.2,3.9,2.8,9.2,0.6,0.1,1.5,0.6,
Kira Lewis Jr.,NOP,21,24,6,18,14.2,1.0,0.5,1.3,3.5,5.6,4.0,3.7,13.8,0.0,0.3,0.7,0.6,
Malcolm Hill,CHI,26,19,8,11,11.2,0.5,0.5,0.7,0.8,4.2,2.0,4.2,12.6,0.2,0.1,1.3,0.6,
Maurice Harkless,SAC,28,47,15,32,18.4,0.6,0.7,0.4,2.2,7.0,4.9,5.3,19.3,0.5,0.2,1.6,0.6,
Cassius Winston,WAS,24,7,1,6,5.6,0.0,0.0,0.0,0.3,2.0,1.7,1.6,5.7,0.0,0.1,1.3,0.6,
Elfrid Payton,PHX,28,50,39,11,11.0,0.3,0.4,0.1,2.4,4.0,2.9,2.8,9.4,0.1,0.6,0.8,0.6,
Elijah Hughes,POR,24,36,15,21,12.1,0.7,0.3,0.6,0.9,5.6,4.1,4.4,13.1,0.2,0.1,1.1,0.6,
Admiral Schofield,ORL,25,38,10,28,12.3,0.5,0.2,0.3,1.3,4.6,3.7,3.0,11.9,0.1,0.1,1.5,0.6,
Markus Howard,DEN,23,31,17,14,5.7,0.9,0.3,0.8,0.5,1.4,1.3,1.7,6.0,0.0,0.3,0.5,0.5,
Aaron Nesmith,BOS,22,52,32,20,11.0,0.6,0.4,0.5,1.3,4.2,3.1,2.8,9.8,0.1,0.0,1.3,0.5,
Keifer Sykes,IND,28,32,6,26,17.7,1.4,0.3,1.0,1.9,6.5,4.7,4.3,18.9,0.1,0.2,1.6,0.5,
Juancho Hernangomez,UTA,26,40,20,20,11.1,0.5,0.9,0.4,1.0,4.2,4.2,3.3,10.8,0.3,0.2,0.6,0.5,
KZ Okpala,MIA,23,21,14,7,11.6,0.5,0.2,0.3,1.9,4.0,3.1,3.0,8.9,0.3,0.1,1.2,0.5,
Alize Johnson,NOP,26,23,14,9,7.3,0.3,0.9,0.4,1.5,2.7,2.5,1.8,8.5,0.0,0.3,0.8,0.5,
Quentin Grimes,NYK,22,46,21,25,17.1,1.4,0.7,0.9,0.7,5.2,4.2,3.3,13.8,0.2,0.0,1.6,0.5,
Avery Bradley,LAL,31,62,27,35,22.7,1.2,0.8,0.8,1.5,8.4,6.0,6.9,24.5,0.1,0.3,1.9,0.5,
JT Thor,CHA,19,33,18,15,7.9,0.2,0.4,0.2,0.9,2.8,2.2,2.8,8.5,0.3,0.1,0.8,0.5,
Rodney McGruder,DET,30,51,13,38,14.8,0.8,0.7,0.7,1.3,5.1,3.5,3.9,14.8,0.1,0.3,1.1,0.5,
Anthony Lamb,HOU,24,2,0,2,3.8,0.0,0.0,0.0,0.0,0.0,0.0,1.0,5.0,0.0,0.5,0.0,0.5,
Carsen Edwards,DET,24,4,1,3,19.8,0.8,0.0,0.5,1.0,8.3,6.5,7.3,27.5,0.0,1.3,1.0,0.5,
Eugene Omoruyi,DAL,25,4,1,3,4.5,0.5,0.3,0.0,0.5,3.5,0.0,1.0,3.0,0.0,0.0,0.5,0.5,
Kessler Edwards,BKN,21,48,22,26,20.6,0.9,0.9,0.8,2.0,7.8,5.3,6.1,20.9,0.5,0.4,1.8,0.5,
Kevin Knox II,ATL,22,30,18,12,7.4,0.6,0.4,0.6,1.0,2.7,2.5,1.5,7.1,0.1,0.1,0.6,0.5,
Moses Wright,DAL,23,4,4,0,3.7,0.8,0.0,0.0,0.5,2.5,0.5,1.3,2.5,0.3,0.0,0.0,0.5,
Nik Stauskas,BOS,28,8,7,1,4.8,0.6,0.5,0.5,0.0,1.0,1.1,1.0,4.0,0.0,0.0,0.1,0.5,
Paris Bass,PHX,26,2,2,0,3.7,1.0,2.0,0.0,2.0,3.0,0.0,3.0,5.0,0.0,1.0,1.0,0.5,
Ryan Arcidiacono,NYK,28,10,8,2,7.6,0.0,0.0,0.0,0.4,3.2,1.1,1.8,5.8,0.0,0.0,0.5,0.5,
Scottie Lewis,CHA,22,2,1,1,3.3,0.0,0.0,0.0,0.0,1.0,2.5,1.0,4.0,0.0,0.0,0.0,0.5,
Shaquille Harrison,BKN,28,2,1,1,11.3,1.0,0.0,1.0,2.0,6.0,1.5,0.0,13.0,0.5,0.5,1.5,0.5,
Trevelin Queen,HOU,25,10,1,9,7.4,1.2,0.8,1.2,1.2,3.5,0.9,2.1,7.8,0.1,0.0,0.6,0.5,
Xavier Moon,LAC,27,10,7,3,13.7,0.9,0.4,0.6,0.8,5.3,6.6,2.9,16.0,0.3,0.3,0.9,0.5,
Sandro Mamukelashvili,MIL,22,41,22,19,9.9,0.3,0.7,0.1,1.7,4.0,3.3,4.0,10.8,0.2,0.2,0.7,0.5,
Leandro Bolmaro,MIN,21,35,19,16,6.9,0.1,0.2,0.3,0.7,2.4,1.3,1.5,5.8,0.0,0.0,0.7,0.5,
Svi Mykhailiuk,TOR,24,56,29,27,12.8,1.0,0.7,1.0,1.5,4.1,4.4,3.0,11.6,0.1,0.2,1.0,0.5,
Malik Beasley,MIN,25,79,46,33,25.0,2.2,1.6,2.0,1.7,8.4,7.2,7.4,23.7,0.2,0.4,1.1,0.5,
Jahmi'us Ramsey,SAC,20,19,2,17,7.0,0.6,0.8,0.5,1.5,2.7,2.4,2.3,7.6,0.1,0.2,0.5,0.5,
Devontae Cacok,SAS,25,15,5,10,8.1,0.9,0.4,0.3,2.8,2.0,1.7,0.9,7.5,0.5,0.1,1.1,0.5,
Udonis Haslem,MIA,41,13,10,3,6.4,0.3,0.3,0.0,1.4,1.5,1.2,1.9,4.3,0.1,0.2,1.2,0.5,
Quinndary Weatherspoon,GSW,25,11,8,3,6.7,0.4,0.4,0.5,2.0,2.4,1.6,2.0,5.5,0.1,0.0,1.4,0.5,
Jay Scrubb,LAC,21,18,8,10,6.7,0.3,0.2,0.5,1.0,3.0,2.3,2.2,7.3,0.2,0.0,0.5,0.4,
Chris Chiozza,GSW,26,34,21,13,10.9,0.5,0.4,0.2,0.3,4.5,2.7,2.6,9.8,0.0,0.2,0.9,0.4,
Langston Galloway,MIL,30,7,4,3,15.2,0.6,0.0,0.3,0.9,5.4,4.6,3.6,16.3,0.0,0.1,1.0,0.4,
RJ Nembhard Jr.,CLE,23,14,6,8,4.5,0.0,0.1,0.0,0.9,1.6,1.1,0.5,4.4,0.0,0.2,0.1,0.4,
Armoni Brooks,TOR,23,54,20,34,15.6,0.8,0.6,0.4,0.8,5.6,4.4,4.5,15.7,0.2,0.1,1.4,0.4,
Troy Brown Jr.,CHI,22,66,37,29,16.0,0.6,0.5,0.6,1.7,5.6,4.0,4.5,17.0,0.1,0.4,0.9,0.4,
Ish Wainright,PHX,27,45,36,9,8.0,0.2,0.6,0.2,1.0,3.0,1.6,1.4,6.5,0.1,0.2,1.1,0.4,
Theo Pinson,DAL,26,19,14,5,7.8,0.5,0.2,0.1,0.2,3.0,1.6,2.3,8.4,0.1,0.0,0.6,0.4,
Jabari Parker,BOS,27,12,4,8,9.4,0.4,0.8,0.8,1.3,3.0,2.9,2.3,10.3,0.1,0.2,1.1,0.4,
Kevin Pangos,CLE,29,24,16,8,6.9,0.2,0.0,0.0,0.7,2.1,2.0,1.8,6.9,0.0,0.0,0.5,0.4,
Marcus Garrett,MIA,23,12,11,1,10.7,0.5,0.2,0.3,0.5,3.8,3.4,2.4,8.5,0.3,0.3,1.3,0.4,
Alfonzo McKinnie,CHI,29,17,8,9,12.1,0.8,0.6,0.8,1.5,3.5,3.2,2.8,15.1,0.2,0.2,1.5,0.4,
Danny Green,PHI,34,62,37,25,21.8,0.8,0.7,1.0,0.6,7.6,5.4,7.3,20.3,0.6,0.2,1.7,0.4,
Lindy Waters III,OKC,24,25,6,19,18.6,2.0,0.7,2.4,1.3,6.4,5.4,4.1,17.7,0.3,0.1,1.2,0.4,
Matt Thomas,CHI,27,40,23,17,11.5,0.5,0.3,0.2,0.1,3.3,2.5,3.1,12.8,0.1,0.1,0.5,0.4,
Wayne Ellington,LAL,34,43,15,28,18.8,0.9,0.3,0.7,0.7,6.5,5.3,5.8,19.7,0.1,0.1,1.0,0.4,
Skylar Mays,ATL,24,28,17,11,7.9,0.3,0.1,0.1,1.5,3.1,2.5,2.0,8.0,0.0,0.2,0.3,0.4,
Rodney Hood,LAC,29,52,30,22,13.6,0.4,0.4,0.4,0.7,4.3,4.1,3.3,12.8,0.1,0.0,0.6,0.4,
Payton Pritchard,BOS,24,71,46,25,14.1,1.1,0.4,0.8,1.0,4.9,4.1,3.8,13.0,0.1,0.2,0.9,0.4,
Charlie Brown Jr.,PHI,25,22,16,6,8.1,0.4,0.3,0.4,0.8,2.7,2.5,2.5,7.5,0.2,0.2,0.8,0.4,
Dylan Windler,CLE,25,50,28,22,9.2,0.3,0.3,0.2,0.6,3.4,2.7,2.1,8.9,0.1,0.1,0.9,0.4,
Ed Davis,CLE,32,31,15,16,6.5,0.1,0.4,0.0,0.7,2.5,1.4,1.6,4.8,0.3,0.0,1.1,0.4,
Jake Layman,MIN,28,34,20,14,6.8,0.4,0.4,0.6,1.2,2.3,2.1,1.6,6.1,0.1,0.1,0.4,0.4,
Javonte Smart,MIA,22,17,11,6,11.8,0.6,0.8,0.5,1.2,3.2,3.2,3.4,9.2,0.2,0.5,0.7,0.4,
Paul Reed,PHI,22,38,21,17,8.0,0.6,0.8,0.3,2.7,2.8,2.5,2.4,7.3,0.4,0.2,1.5,0.3,
Reggie Bullock,DAL,31,68,44,24,28.0,1.5,1.4,1.3,1.3,7.5,7.8,6.5,27.7,0.2,0.2,1.6,0.3,
Brodric Thomas,BOS,25,12,8,4,5.0,0.2,0.0,0.2,1.0,2.8,2.1,1.7,4.0,0.1,0.1,0.6,0.3,
Darren Collison,LAL,34,3,1,2,12.4,0.7,0.0,1.3,1.3,7.0,3.3,5.7,18.0,0.0,0.0,1.7,0.3,
Deividas Sirvydis,DET,21,3,1,2,8.9,0.0,0.0,0.0,0.0,1.3,3.0,2.7,10.7,0.3,0.3,1.3,0.3,
Emanuel Terry,PHX,25,3,2,1,6.1,0.0,0.0,0.0,0.0,6.0,1.7,2.0,9.3,0.0,0.0,1.3,0.3,
Isaac Bonga,TOR,22,15,9,6,4.6,0.2,0.1,0.1,0.3,1.1,1.8,0.7,3.9,0.1,0.1,0.7,0.3,
Isaiah Todd,WAS,20,12,1,11,6.2,0.3,0.0,0.4,0.3,1.8,1.7,2.4,6.2,0.2,0.3,0.3,0.3,
Jeff Dowtin,ORL,25,9,4,5,12.0,0.9,0.8,0.4,0.9,4.4,3.0,3.1,11.6,0.1,0.0,0.6,0.3,
Kai Jones,CHA,21,21,14,7,3.0,0.2,0.2,0.2,0.8,1.5,1.6,0.8,2.9,0.1,0.0,0.4,0.3,
Killian Tillie,MEM,24,36,27,9,12.8,0.5,0.9,0.3,0.7,3.8,2.6,3.9,12.1,0.4,0.3,1.6,0.3,
Luke Kornet,BOS,26,15,11,4,6.9,0.2,0.7,0.0,1.7,2.6,1.8,2.6,6.3,0.2,0.1,0.6,0.3,
Norvel Pelle,UTA,29,3,0,3,6.3,0.0,1.3,0.7,2.0,3.3,2.0,2.7,6.7,0.3,0.0,0.3,0.3,
Usman Garuba,HOU,20,24,2,22,10.0,0.2,0.6,0.2,1.2,3.4,2.8,2.3,10.8,0.5,0.3,1.2,0.3,
Miles McBride,NYK,21,40,19,21,9.3,0.5,0.1,0.3,0.6,2.4,2.1,1.1,7.6,0.0,0.1,1.1,0.3,
Jevon Carter,MIL,26,66,39,27,13.7,0.6,0.4,0.7,0.4,4.1,3.7,3.4,13.2,0.2,0.1,1.0,0.3,
Justin Champagnie,TOR,20,36,21,15,7.8,0.5,0.8,0.3,1.2,2.4,2.1,2.0,6.9,0.1,0.1,0.9,0.3,
Kelan Martin,BOS,26,30,14,16,15.0,0.6,0.7,0.8,2.2,5.0,4.4,3.8,15.9,0.3,0.3,1.2,0.3,
Mychal Mulder,MIA,27,17,3,14,14.1,1.0,0.6,0.2,0.7,3.5,4.1,2.5,11.8,0.1,0.4,0.8,0.3,
Davon Reed,DEN,26,48,29,19,13.9,0.6,0.4,0.4,1.3,4.9,3.3,3.5,13.7,0.2,0.1,1.3,0.3,
Jared Butler,UTA,21,42,31,11,8.6,0.6,0.2,0.4,1.1,3.5,3.0,1.9,8.9,0.2,0.1,1.1,0.3,
George King,DAL,28,4,2,2,4.8,0.0,0.0,0.0,0.0,4.3,3.3,2.5,7.0,0.0,0.3,1.0,0.3,
Jay Huff,LAL,24,4,0,4,5.1,0.0,0.0,0.0,0.0,0.8,0.8,0.5,1.0,0.3,0.0,0.3,0.3,
Robert Woodard II,SAS,22,12,0,12,3.5,0.0,0.0,0.2,0.2,1.1,1.0,0.9,2.5,0.1,0.2,0.3,0.3,
Yves Pons,MEM,23,12,9,3,5.9,0.0,0.3,0.2,0.3,2.5,2.5,1.8,6.5,0.3,0.1,0.5,0.3,
Sterling Brown,DAL,27,49,31,18,12.8,0.6,0.5,0.4,1.1,4.6,3.0,3.6,12.7,0.1,0.3,1.1,0.2,
Joe Wieskamp,SAS,22,29,11,18,7.1,0.3,0.4,0.2,0.3,1.8,1.8,1.3,6.4,0.1,0.1,0.5,0.2,
Gary Clark,NOP,27,38,20,18,10.0,0.1,0.1,0.3,0.3,3.4,3.5,1.6,9.1,0.2,0.2,0.5,0.2,
Petr Cornelie,DEN,26,13,3,10,2.9,0.3,0.2,0.0,0.6,0.9,0.8,1.0,3.1,0.1,0.1,0.5,0.2,
Jalen Johnson,ATL,20,22,14,8,5.5,0.5,0.2,0.4,1.7,1.6,1.8,1.4,5.4,0.1,0.1,0.4,0.2,
Didi Louzada,POR,22,9,0,9,14.4,1.7,0.2,0.7,0.2,6.4,6.2,5.2,15.8,0.2,0.3,1.4,0.2,
Haywood Highsmith,MIA,25,19,13,6,8.6,0.0,0.5,0.3,0.6,3.3,2.8,1.4,8.1,0.2,0.2,0.7,0.2,
Carlik Jones,DEN,24,5,3,2,4.7,0.0,0.4,0.0,0.4,2.8,2.2,0.8,5.2,0.0,0.0,0.0,0.2,
Willie Cauley-Stein,PHI,28,20,12,8,9.1,0.4,0.2,0.0,1.5,2.3,2.7,2.2,9.5,0.2,0.3,1.0,0.2,
Myles Powell,PHI,24,11,8,3,4.7,0.2,0.2,0.3,0.7,1.2,1.5,1.1,4.4,0.0,0.1,0.7,0.2,
Tony Snell,NOP,30,53,19,34,15.5,0.5,0.6,0.2,0.8,4.6,4.2,4.1,15.2,0.2,0.1,1.3,0.2,
Chandler Hutchison,PHX,26,6,4,2,3.7,0.0,0.0,0.0,0.3,1.3,1.0,1.0,4.0,0.0,0.0,0.2,0.2,
Keljin Blevins,POR,26,31,4,27,11.3,0.5,0.5,0.5,0.7,4.6,4.8,3.4,12.0,0.0,0.2,0.9,0.2,
Jamorko Pickett,DET,24,13,4,9,13.6,0.2,0.6,0.5,0.8,5.4,3.9,3.6,15.8,0.5,0.1,0.9,0.2,
Solomon Hill,ATL,31,13,7,6,10.7,0.0,0.2,0.0,0.2,3.2,1.5,1.8,9.2,0.2,0.1,1.2,0.2,
Bol Bol,ORL,22,14,5,9,5.8,0.6,0.1,0.7,1.7,2.6,1.0,1.9,4.3,0.1,0.1,0.3,0.1,
Joel Ayayi,WAS,22,7,1,6,2.9,0.0,0.0,0.0,0.3,0.6,0.9,0.6,2.0,0.0,0.3,0.0,0.1,
Justin Jackson,PHX,27,7,6,1,5.2,0.9,0.0,0.0,0.6,1.3,1.0,1.6,2.9,0.0,0.0,0.4,0.1,
Paul Watson,OKC,27,9,2,7,17.4,1.1,0.2,0.3,1.3,6.1,6.8,5.8,19.3,0.3,0.1,1.1,0.1,
Denzel Valentine,UTA,28,24,14,10,9.2,0.4,0.2,0.2,0.5,3.1,2.5,2.6,8.8,0.0,0.0,0.8,0.1,
Sharife Cooper,ATL,20,13,8,5,3.0,0.2,0.0,0.0,0.3,1.2,0.4,0.8,2.9,0.0,0.2,0.1,0.1,
Miye Oni,UTA,24,16,15,1,2.8,0.1,0.0,0.1,0.1,1.3,0.9,0.8,2.6,0.0,0.0,0.4,0.1,
Sam Hauser,BOS,24,26,20,6,6.1,0.2,0.2,0.2,0.3,2.1,2.0,2.0,5.9,0.1,0.0,0.3,0.0,
Aaron Henry,PHI,22,6,6,0,2.8,0.0,0.0,0.0,0.3,1.7,1.5,1.2,3.0,0.3,0.3,0.3,0.0,
Ade Murkey,SAC,24,1,0,1,1.5,0.0,0.0,0.0,0.0,0.0,0.0,0.0,2.0,0.0,0.0,0.0,0.0,
Ahmad Caver,IND,25,1,0,1,0.8,2.0,0.0,0.0,2.0,0.0,0.0,0.0,0.0,0.0,0.0,0.0,0.0,
Arnoldas Kulboka,CHA,24,2,2,0,2.7,0.0,0.0,0.0,0.0,1.0,2.5,0.0,5.0,0.0,0.0,0.5,0.0,
BJ Johnson,ORL,26,4,2,2,16.1,0.0,0.8,0.0,1.0,3.8,5.3,3.3,13.0,0.3,0.5,1.0,0.0,
CJ Miles,BOS,35,1,1,0,2.0,0.0,0.0,0.0,0.0,1.0,0.0,0.0,2.0,0.0,0.0,1.0,0.0,
Craig Sword,WAS,28,3,1,2,6.3,0.7,0.0,1.3,2.0,4.0,1.0,0.0,2.0,0.0,0.0,2.3,0.0,
DaQuan Jeffries,MEM,24,3,3,0,2.9,0.0,0.0,0.0,0.7,1.0,0.0,2.0,3.3,0.0,0.0,0.3,0.0,
Dakota Mathias,MEM,26,6,5,1,2.7,0.0,0.0,0.0,0.0,0.8,0.3,1.3,3.7,0.0,0.0,0.2,0.0,
Damyean Dotson,NYK,28,2,1,1,10.3,1.0,1.0,0.0,1.0,3.5,2.0,2.5,12.0,0.0,0.5,0.0,0.0,
David Johnson,TOR,21,2,2,0,1.0,0.0,0.0,0.0,0.0,0.0,0.0,1.5,0.0,0.0,0.0,0.0,0.0,
DeJon Jarreau,IND,24,1,0,1,0.9,0.0,0.0,0.0,0.0,0.0,0.0,0.0,2.0,0.0,0.0,0.0,0.0,
Feron Hunt,NYK,22,2,2,0,4.2,0.0,0.0,0.0,0.0,1.0,2.5,2.0,5.0,0.0,0.0,0.5,0.0,
Gabriel Deck,OKC,27,7,2,5,7.9,0.6,0.3,0.6,1.4,4.6,3.3,3.9,8.6,0.0,0.0,0.3,0.0,
JaQuori McLaughlin,DAL,24,4,2,2,2.7,0.0,0.0,0.0,0.0,2.0,0.0,1.0,4.0,0.0,0.0,0.3,0.0,
Jaden Springer,PHI,19,2,2,0,2.8,0.0,1.0,0.0,1.0,1.5,1.0,2.5,5.0,1.0,0.0,0.0,0.0,
Jaime Echenique,WAS,25,1,1,0,3.1,0.0,0.0,0.0,0.0,0.0,0.0,0.0,0.0,0.0,0.0,0.0,0.0,
Jarron Cumberland,POR,24,3,0,3,4.1,0.7,0.0,0.7,0.7,2.0,0.7,0.0,2.0,0.0,0.0,0.7,0.0,
Javin DeLaurier,MIL,24,1,1,0,2.8,0.0,0.0,0.0,0.0,0.0,4.0,0.0,4.0,0.0,0.0,1.0,0.0,
Jaysean Paige,DET,27,1,1,0,6.6,0.0,0.0,0.0,0.0,4.0,7.0,4.0,8.0,0.0,0.0,2.0,0.0,
Jemerrio Jones,LAL,27,2,0,2,7.4,2.0,1.0,0.0,2.0,3.0,5.0,0.0,5.0,0.0,0.0,1.0,0.0,
Joe Johnson,BOS,40,1,1,0,2.0,0.0,0.0,0.0,0.0,1.0,0.0,0.0,2.0,0.0,0.0,0.0,0.0,
Jon Teske,MEM,25,3,3,0,2.6,0.0,0.0,0.0,0.0,1.0,0.0,2.0,3.3,0.0,0.0,0.3,0.0,
Jordan Bell,CHI,27,1,1,0,2.0,0.0,0.0,0.0,0.0,0.0,0.0,0.0,4.0,0.0,0.0,2.0,0.0,
Jordan Goodwin,WAS,23,2,1,1,3.0,0.0,0.0,0.0,0.0,1.0,1.0,0.0,1.0,0.0,0.0,0.5,0.0,
Juwan Morgan,BOS,25,2,1,1,15.5,0.0,0.0,0.0,1.0,9.5,6.0,1.0,15.0,0.0,0.0,1.5,0.0,
MJ Walker,PHX,24,2,1,1,4.2,0.0,0.0,0.0,0.0,3.0,0.0,3.0,6.0,0.0,0.5,0.5,0.0,
Malik Fitts,BOS,24,15,13,2,4.2,0.2,0.4,0.3,0.4,1.7,1.7,1.7,3.2,0.0,0.1,0.3,0.0,
Matt Mooney,NYK,27,1,1,0,1.9,0.0,0.0,0.0,0.0,2.0,2.0,0.0,4.0,0.0,0.0,0.0,0.0,
Matt Ryan,BOS,25,1,1,0,5.3,0.0,3.0,0.0,0.0,3.0,0.0,5.0,4.0,0.0,0.0,0.0,0.0,
McKinley Wright IV,MIN,23,5,3,2,3.8,0.0,0.0,0.0,0.4,1.0,0.8,0.8,5.2,0.0,0.0,0.2,0.0,
Nate Hinton,IND,22,2,0,2,1.2,0.0,0.0,0.0,0.0,0.0,0.0,0.0,0.0,0.0,0.0,0.0,0.0,
Rob Edwards,OKC,25,2,0,2,5.4,0.0,0.0,0.0,0.0,3.0,1.0,1.0,8.0,0.0,0.0,0.0,0.0,
Sam Dekker,TOR,28,1,1,0,0.9,0.0,0.0,0.0,0.0,0.0,2.0,3.0,2.0,0.0,0.0,0.0,0.0,
Scotty Hopson,OKC,32,1,0,1,17.7,0.0,0.0,0.0,0.0,5.0,6.0,2.0,16.0,0.0,0.0,1.0,0.0,
Shaq Buchanan,MEM,25,2,2,0,4.9,1.0,1.0,0.0,1.0,1.0,1.0,2.0,6.0,0.0,0.5,0.5,0.0,
Trayvon Palmer,DET,27,1,0,1,16.8,0.0,0.0,0.0,0.0,13.0,3.0,9.0,14.0,0.0,0.0,2.0,0.0,
Trevon Scott,CLE,25,2,1,1,5.7,1.0,1.0,0.0,3.0,2.0,2.0,1.0,5.0,0.5,0.0,1.0,0.0,
Tyler Hall,NYK,25,1,1,0,1.9,0.0,0.0,0.0,0.0,2.0,2.0,0.0,4.0,0.0,0.0,0.0,0.0,
Tyrell Terry,MEM,21,2,2,0,1.5,0.0,1.0,0.0,0.0,0.0,1.0,0.0,2.0,0.0,0.0,0.5,0.0,
Xavier Sneed,UTA,24,9,7,2,4.3,0.0,0.0,0.2,0.2,1.2,0.7,0.6,4.9,0.0,0.0,0.2,0.0,
Zylan Cheatham,UTA,26,1,0,1,5.2,0.0,0.0,0.0,0.0,2.0,0.0,6.0,6.0,0.0,0.0,0.0,0.0,