PLAYER,TEAM,MATCH UP,GAME DATE,W/L,MIN,PTS,FGM,FGA,FG%,3PM,3PA,3P%,FTM,FTA,FT%,OREB,DREB,REB,AST,STL,BLK,TOV,PF,+/-,FP
Draymond Green,GSW,GSW @ LAL,05/12/2023,L,24,9,4,8,50.0,1,3,33.3,0,0,-,4,5,9,3,0,1,2,5,-26,25.3
Kevin Love,MIA,MIA vs. NYK,05/12/2023,W,16,3,1,1,100,1,1,100,0,0,-,0,3,3,1,0,0,0,2,-4,8.1
Cody Zeller,MIA,MIA vs. NYK,05/12/2023,W,9,0,0,0,-,0,0,-,0,0,-,0,2,2,1,0,0,1,2,10,2.9
Julius Randle,NYK,NYK @ MIA,05/12/2023,L,36,15,3,14,21.4,1,7,14.3,8,9,88.9,2,9,11,3,0,2,3,2,3,35.7
Mitchell Robinson,NYK,NYK @ MIA,05/12/2023,L,29,2,0,2,0.0,0,0,-,2,2,100,5,6,11,1,0,1,0,2,-2,19.7
Gabe Vincent,MIA,MIA vs. NYK,05/12/2023,W,31,7,3,8,37.5,1,5,20.0,0,0,-,1,2,3,5,1,0,2,4,11,19.1
Max Strus,MIA,MIA vs. NYK,05/12/2023,W,34,14,4,11,36.4,1,6,16.7,5,6,83.3,0,6,6,3,0,0,0,1,1,25.7
Quentin Grimes,NYK,NYK @ MIA,05/12/2023,L,32,3,1,6,16.7,1,6,16.7,0,0,-,0,2,2,3,0,0,1,1,3,8.9
Miles McBride,NYK,NYK @ MIA,05/12/2023,L,3,0,0,0,-,0,0,-,0,0,-,0,0,0,0,0,1,0,0,-7,3.0
Kyle Lowry,MIA,MIA vs. NYK,05/12/2023,W,31,11,4,6,66.7,1,2,50.0,2,2,100,2,2,4,9,3,1,1,4,0,40.3
Jimmy Butler,MIA,MIA vs. NYK,05/12/2023,W,41,24,7,22,31.8,0,3,0.0,10,11,90.9,1,7,8,4,0,0,0,2,0,39.6
Bam Adebayo,MIA,MIA vs. NYK,05/12/2023,W,39,23,9,20,45.0,0,0,-,5,5,100,3,6,9,1,2,1,2,3,-6,42.3
Isaiah Hartenstein,NYK,NYK @ MIA,05/12/2023,L,18,2,1,2,50.0,0,0,-,0,0,-,0,1,1,0,1,4,0,3,-4,18.2
Josh Hart,NYK,NYK @ MIA,05/12/2023,L,33,11,5,10,50.0,1,4,25.0,0,0,-,1,6,7,1,1,1,2,5,-4,24.9
Jalen Brunson,NYK,NYK @ MIA,05/12/2023,L,45,41,14,22,63.6,5,10,50.0,8,9,88.9,0,4,4,3,0,0,3,4,3,47.3
Caleb Martin,MIA,MIA vs. NYK,05/12/2023,W,24,8,3,7,42.9,1,3,33.3,1,1,100,0,5,5,1,1,0,1,3,5,17.5
Duncan Robinson,MIA,MIA vs. NYK,05/12/2023,W,14,6,2,7,28.6,2,7,28.6,0,0,-,0,0,0,0,1,0,0,1,3,9.0
RJ Barrett,NYK,NYK @ MIA,05/12/2023,L,32,11,1,10,10.0,0,3,0.0,9,10,90.0,0,2,2,1,0,0,3,5,-5,11.9
Obi Toppin,NYK,NYK @ MIA,05/12/2023,L,12,7,2,5,40.0,2,5,40.0,1,2,50.0,0,3,3,1,0,0,0,0,-7,12.1
Stephen Curry,GSW,GSW @ LAL,05/12/2023,L,39,32,11,28,39.3,4,14,28.6,6,6,100,1,5,6,5,1,1,4,3,-21,48.7
Tristan Thompson,LAL,LAL vs. GSW,05/12/2023,W,4,0,0,0,-,0,0,-,0,0,-,0,2,2,0,0,0,0,0,-1,2.4
Dennis Schroder,LAL,LAL vs. GSW,05/12/2023,W,25,3,1,6,16.7,1,2,50.0,0,0,-,0,2,2,5,0,1,0,4,16,15.9
Kevon Looney,GSW,GSW @ LAL,05/12/2023,L,26,9,4,7,57.1,0,0,-,1,1,100,8,10,18,2,0,0,1,3,4,32.6
Moses Moody,GSW,GSW @ LAL,05/12/2023,L,15,6,2,5,40.0,2,3,66.7,0,0,-,1,4,5,1,0,0,0,1,10,13.5
Jordan Poole,GSW,GSW @ LAL,05/12/2023,L,23,7,3,10,30.0,0,3,0.0,1,1,100,0,0,0,4,0,0,1,4,1,12.0
Rui Hachimura,LAL,LAL vs. GSW,05/12/2023,W,16,9,2,5,40.0,0,1,0.0,5,6,83.3,1,2,3,0,0,2,0,0,-2,18.6
Lonnie Walker IV,LAL,LAL vs. GSW,05/12/2023,W,14,13,4,8,50.0,3,5,60.0,2,4,50.0,0,0,0,0,0,0,0,5,-10,13.0
D'Angelo Russell,LAL,LAL vs. GSW,05/12/2023,W,41,19,7,15,46.7,2,7,28.6,3,4,75.0,0,2,2,1,1,0,2,1,26,23.9
Andrew Wiggins,GSW,GSW @ LAL,05/12/2023,L,28,6,2,8,25.0,0,3,0.0,2,4,50.0,2,0,2,2,1,0,0,5,-26,14.4
Anthony Davis,LAL,LAL vs. GSW,05/12/2023,W,40,17,5,9,55.6,0,0,-,7,10,70.0,3,17,20,3,2,2,0,3,31,57.5
Klay Thompson,GSW,GSW @ LAL,05/12/2023,L,38,8,3,19,15.8,2,12,16.7,0,0,-,0,3,3,5,0,0,0,2,-33,19.1
LeBron James,LAL,LAL vs. GSW,05/12/2023,W,43,30,10,14,71.4,2,3,66.7,8,11,72.7,0,9,9,9,2,1,2,2,21,61.3
Patrick Baldwin Jr.,GSW,GSW @ LAL,05/12/2023,L,4,0,0,1,0.0,0,1,0.0,0,0,-,0,2,2,1,0,0,0,0,1,3.9
Max Christie,LAL,LAL vs. GSW,05/12/2023,W,2,0,0,1,0.0,0,1,0.0,0,0,-,0,0,0,0,0,0,0,0,1,0.0
Austin Reaves,LAL,LAL vs. GSW,05/12/2023,W,39,23,7,12,58.3,4,5,80.0,5,5,100,1,4,5,6,0,0,2,2,24,36.0
Anthony Lamb,GSW,GSW @ LAL,05/12/2023,L,4,2,1,1,100,0,0,-,0,0,-,1,1,2,0,0,0,0,1,1,4.4
Jonathan Kuminga,GSW,GSW @ LAL,05/12/2023,L,4,2,1,1,100,0,0,-,0,0,-,0,0,0,1,0,0,0,0,1,3.5
Jarred Vanderbilt,LAL,LAL vs. GSW,05/12/2023,W,4,2,1,1,100,0,0,-,0,0,-,0,0,0,0,1,0,0,0,2,5.0
Donte DiVincenzo,GSW,GSW @ LAL,05/12/2023,L,26,16,6,12,50.0,4,8,50.0,0,2,0.0,1,3,4,0,1,0,2,4,1,21.8
Troy Brown Jr.,LAL,LAL vs. GSW,05/12/2023,W,4,2,1,2,50.0,0,1,0.0,0,0,-,1,2,3,0,0,0,0,0,-1,5.6
Shaquille Harrison,LAL,LAL vs. GSW,05/12/2023,W,4,1,0,1,0.0,0,0,-,1,2,50.0,0,0,0,1,0,0,0,0,-1,2.5
Gary Payton II,GSW,GSW @ LAL,05/12/2023,L,10,4,2,3,66.7,0,1,0.0,0,0,-,2,0,2,1,0,0,0,2,-18,7.9
Malik Beasley,LAL,LAL vs. GSW,05/12/2023,W,4,3,1,1,100,1,1,100,0,0,-,0,0,0,0,0,0,0,0,-1,3.0
Jeff Green,DEN,DEN @ PHX,05/11/2023,W,18,4,0,1,0.0,0,0,-,4,4,100,0,2,2,0,0,0,1,3,13,5.4
Paul Reed,PHI,PHI vs. BOS,05/11/2023,L,6,0,0,1,0.0,0,0,-,0,0,-,0,1,1,0,1,0,1,1,-7,3.2
Robert Williams III,BOS,BOS @ PHI,05/11/2023,W,28,10,4,7,57.1,0,0,-,2,2,100,2,7,9,1,0,2,1,2,18,27.3
De'Anthony Melton,PHI,PHI vs. BOS,05/11/2023,L,24,0,0,5,0.0,0,4,0.0,0,0,-,2,3,5,1,1,1,0,0,-3,13.5
Derrick White,BOS,BOS @ PHI,05/11/2023,W,19,9,3,6,50.0,3,5,60.0,0,0,-,0,2,2,1,1,1,1,0,-7,17.9
Jayson Tatum,BOS,BOS @ PHI,05/11/2023,W,43,19,5,21,23.8,4,11,36.4,5,5,100,1,8,9,6,2,2,4,1,2,46.8
Danuel House Jr.,PHI,PHI vs. BOS,05/11/2023,L,8,3,1,3,33.3,1,2,50.0,0,0,-,0,2,2,0,0,0,1,0,-9,4.4
Marcus Smart,BOS,BOS @ PHI,05/11/2023,W,42,22,8,15,53.3,3,8,37.5,3,4,75.0,2,5,7,7,2,0,3,2,18,43.9
Tobias Harris,PHI,PHI vs. BOS,05/11/2023,L,42,2,1,7,14.3,0,1,0.0,0,0,-,1,5,6,3,2,2,0,2,-10,25.7
James Harden,PHI,PHI vs. BOS,05/11/2023,L,43,13,4,16,25.0,0,6,0.0,5,5,100,2,5,7,9,3,1,5,3,-10,41.9
Jaden Springer,PHI,PHI vs. BOS,05/11/2023,L,1,2,1,1,100,0,0,-,0,0,-,0,0,0,0,0,0,0,0,2,2.0
Tyrese Maxey,PHI,PHI vs. BOS,05/11/2023,L,40,26,9,20,45.0,3,9,33.3,5,6,83.3,0,5,5,3,3,0,0,0,1,45.5
Jalen McDaniels,PHI,PHI vs. BOS,05/11/2023,L,1,0,0,0,-,0,0,-,0,0,-,0,0,0,0,0,0,0,0,2,0.0
Shake Milton,PHI,PHI vs. BOS,05/11/2023,L,1,0,0,0,-,0,0,-,0,0,-,0,0,0,0,0,0,0,0,2,0.0
Georges Niang,PHI,PHI vs. BOS,05/11/2023,L,15,6,2,3,66.7,2,3,66.7,0,0,-,0,0,0,0,0,0,0,2,-2,6.0
Malcolm Brogdon,BOS,BOS @ PHI,05/11/2023,W,30,16,6,11,54.5,4,6,66.7,0,0,-,0,6,6,2,1,0,4,2,6,25.2
Jaylen Brown,BOS,BOS @ PHI,05/11/2023,W,39,17,6,13,46.2,1,3,33.3,4,5,80.0,0,6,6,4,0,0,4,4,8,26.2
Joel Embiid,PHI,PHI vs. BOS,05/11/2023,L,41,26,9,19,47.4,0,2,0.0,8,8,100,0,10,10,1,1,3,4,3,-4,47.5
Al Horford,BOS,BOS @ PHI,05/11/2023,W,39,2,1,5,20.0,0,2,0.0,0,0,-,1,10,11,1,1,1,0,3,0,22.7
P.J. Tucker,PHI,PHI vs. BOS,05/11/2023,L,20,8,3,8,37.5,2,7,28.6,0,0,-,1,1,2,1,3,0,0,2,-7,20.9
Ish Smith,DEN,DEN @ PHX,05/11/2023,W,2,2,1,1,100,0,0,-,0,0,-,0,0,0,0,0,0,0,0,0,2.0
Bismack Biyombo,PHX,PHX vs. DEN,05/11/2023,L,8,2,1,1,100,0,0,-,0,2,0.0,1,1,2,0,0,1,0,2,-26,7.4
Jock Landale,PHX,PHX vs. DEN,05/11/2023,L,31,13,5,6,83.3,0,0,-,3,4,75.0,0,5,5,1,0,1,1,4,7,22.5
Landry Shamet,PHX,PHX vs. DEN,05/11/2023,L,37,9,3,11,27.3,3,9,33.3,0,0,-,1,5,6,4,0,0,2,3,-1,20.2
Bruce Brown,DEN,DEN @ PHX,05/11/2023,W,31,13,6,13,46.2,1,4,25.0,0,0,-,1,4,5,1,1,1,2,4,26,24.5
Cameron Payne,PHX,PHX vs. DEN,05/11/2023,L,42,31,12,16,75.0,7,9,77.8,0,3,0.0,0,6,6,2,0,1,4,3,-10,40.2
Nikola Jokic,DEN,DEN @ PHX,05/11/2023,W,38,32,13,18,72.2,0,1,0.0,6,6,100,3,7,10,12,3,1,2,4,28,72.0
T.J. Warren,PHX,PHX vs. DEN,05/11/2023,L,16,0,0,1,0.0,0,1,0.0,0,0,-,0,2,2,0,0,0,0,1,-14,2.4
Kentavious Caldwell-Pope,DEN,DEN @ PHX,05/11/2023,W,36,21,7,11,63.6,2,5,40.0,5,5,100,0,5,5,3,2,1,0,3,21,40.5
Kevin Durant,PHX,PHX vs. DEN,05/11/2023,L,37,23,8,19,42.1,0,0,-,7,7,100,0,5,5,5,0,1,4,2,-13,35.5
Peyton Watson,DEN,DEN @ PHX,05/11/2023,W,2,2,1,2,50.0,0,0,-,0,0,-,0,1,1,0,0,0,0,1,0,3.2
Christian Braun,DEN,DEN @ PHX,05/11/2023,W,14,4,1,2,50.0,0,0,-,2,2,100,0,2,2,0,0,0,0,1,15,6.4
Ish Wainright,PHX,PHX vs. DEN,05/11/2023,L,2,0,0,0,-,0,0,-,0,0,-,0,0,0,0,0,0,0,0,0,0.0
Zeke Nnaji,DEN,DEN @ PHX,05/11/2023,W,2,0,0,0,-,0,0,-,0,0,-,0,1,1,0,0,0,0,0,0,1.2
Michael Porter Jr.,DEN,DEN @ PHX,05/11/2023,W,24,10,4,10,40.0,0,4,0.0,2,2,100,2,3,5,0,0,0,0,2,11,16.0
Torrey Craig,PHX,PHX vs. DEN,05/11/2023,L,13,4,2,3,66.7,0,1,0.0,0,0,-,0,0,0,0,1,0,0,2,-17,7.0
Vlatko Cancar,DEN,DEN @ PHX,05/11/2023,W,2,0,0,0,-,0,0,-,0,0,-,0,0,0,1,0,0,0,0,0,1.5
Damion Lee,PHX,PHX vs. DEN,05/11/2023,L,12,6,3,4,75.0,0,1,0.0,0,0,-,0,1,1,0,1,0,0,0,3,10.2
Jamal Murray,DEN,DEN @ PHX,05/11/2023,W,35,26,7,16,43.8,4,7,57.1,8,8,100,0,4,4,4,4,0,3,1,6,45.8
Devin Booker,PHX,PHX vs. DEN,05/11/2023,L,36,12,4,13,30.8,1,3,33.3,3,4,75.0,0,1,1,8,1,1,2,4,-27,29.2
Aaron Gordon,DEN,DEN @ PHX,05/11/2023,W,35,8,3,7,42.9,0,0,-,2,4,50.0,1,5,6,3,0,0,2,3,2,17.7
Terrence Ross,PHX,PHX vs. DEN,05/11/2023,L,9,0,0,5,0.0,0,4,0.0,0,0,-,0,1,1,0,0,0,1,1,-27,0.2
Reggie Jackson,DEN,DEN @ PHX,05/11/2023,W,3,3,1,1,100,1,1,100,0,0,-,0,0,0,0,0,0,0,0,3,3.0
Klay Thompson,GSW,GSW vs. LAL,05/10/2023,W,37,10,3,12,25.0,2,6,33.3,2,2,100,0,6,6,2,1,2,2,1,16,27.2
Jalen Brunson,NYK,NYK vs. MIA,05/10/2023,W,48,38,12,22,54.5,4,10,40.0,10,12,83.3,1,8,9,7,1,0,1,2,9,61.3
Mitchell Robinson,NYK,NYK vs. MIA,05/10/2023,W,26,8,2,5,40.0,0,0,-,4,8,50.0,5,6,11,2,1,0,2,3,12,25.2
Obi Toppin,NYK,NYK vs. MIA,05/10/2023,W,12,2,1,3,33.3,0,2,0.0,0,0,-,1,5,6,0,0,0,1,0,9,8.2
Quentin Grimes,NYK,NYK vs. MIA,05/10/2023,W,48,8,3,8,37.5,2,6,33.3,0,0,-,0,4,4,5,2,2,4,3,9,28.3
Duncan Robinson,MIA,MIA @ NYK,05/10/2023,L,22,17,6,13,46.2,5,10,50.0,0,0,-,0,1,1,1,2,0,0,2,3,25.7
Caleb Martin,MIA,MIA @ NYK,05/10/2023,L,28,11,4,7,57.1,2,4,50.0,1,1,100,1,2,3,3,1,0,2,3,9,20.1
Josh Hart,NYK,NYK vs. MIA,05/10/2023,W,9,2,1,2,50.0,0,1,0.0,0,0,-,1,1,2,1,0,0,2,4,-11,3.9
Isaiah Hartenstein,NYK,NYK vs. MIA,05/10/2023,W,22,4,1,1,100,0,0,-,2,2,100,4,2,6,1,1,1,0,4,-3,18.7
Cody Zeller,MIA,MIA @ NYK,05/10/2023,L,9,5,2,3,66.7,0,0,-,1,2,50.0,1,1,2,1,0,0,1,3,2,7.9
Jimmy Butler,MIA,MIA @ NYK,05/10/2023,L,43,19,5,12,41.7,0,0,-,9,11,81.8,2,5,7,9,4,2,1,3,0,57.9
Kyle Lowry,MIA,MIA @ NYK,05/10/2023,L,31,9,3,11,27.3,2,8,25.0,1,1,100,0,1,1,5,2,1,2,5,-5,24.7
Miles McBride,NYK,NYK vs. MIA,05/10/2023,W,1,0,0,0,-,0,0,-,0,0,-,0,0,0,0,0,0,0,0,3,0.0
RJ Barrett,NYK,NYK vs. MIA,05/10/2023,W,38,26,8,17,47.1,3,8,37.5,7,8,87.5,0,7,7,2,0,1,4,2,17,36.4
Max Strus,MIA,MIA @ NYK,05/10/2023,L,26,14,5,11,45.5,4,10,40.0,0,0,-,1,2,3,0,0,0,0,1,-15,17.6
Haywood Highsmith,MIA,MIA @ NYK,05/10/2023,L,3,0,0,0,-,0,0,-,0,0,-,0,0,0,0,0,0,0,1,-13,0.0
Gabe Vincent,MIA,MIA @ NYK,05/10/2023,L,23,6,3,10,30.0,0,3,0.0,0,0,-,0,4,4,4,1,0,3,4,-3,16.8
Bam Adebayo,MIA,MIA @ NYK,05/10/2023,L,39,18,7,11,63.6,0,1,0.0,4,4,100,5,3,8,2,1,1,2,5,-11,34.6
Julius Randle,NYK,NYK vs. MIA,05/10/2023,W,36,24,7,13,53.8,4,7,57.1,6,10,60.0,2,3,5,5,1,0,4,1,0,36.5
Kevin Love,MIA,MIA @ NYK,05/10/2023,L,16,4,2,10,20.0,0,7,0.0,0,0,-,1,4,5,2,0,0,1,3,-12,12.0
Anthony Davis,LAL,LAL @ GSW,05/10/2023,L,32,23,10,18,55.6,0,0,-,3,5,60.0,0,9,9,3,0,0,3,4,-22,35.3
D'Angelo Russell,LAL,LAL @ GSW,05/10/2023,L,30,15,6,10,60.0,1,2,50.0,2,2,100,1,3,4,2,1,1,2,3,-9,26.8
Shaquille Harrison,LAL,LAL @ GSW,05/10/2023,L,3,0,0,0,-,0,0,-,0,0,-,0,1,1,2,0,0,0,0,-1,4.2
Troy Brown Jr.,LAL,LAL @ GSW,05/10/2023,L,3,2,1,3,33.3,0,0,-,0,0,-,0,0,0,0,0,0,0,0,-1,2.0
Jarred Vanderbilt,LAL,LAL @ GSW,05/10/2023,L,11,0,0,2,0.0,0,2,0.0,0,0,-,0,1,1,0,1,1,0,3,-16,7.2
Rui Hachimura,LAL,LAL @ GSW,05/10/2023,L,21,4,2,3,66.7,0,1,0.0,0,0,-,0,2,2,1,1,0,1,0,7,9.9
Wenyen Gabriel,LAL,LAL @ GSW,05/10/2023,L,3,1,0,2,0.0,0,0,-,1,2,50.0,3,0,3,0,0,1,0,0,-1,7.6
Jordan Poole,GSW,GSW vs. LAL,05/10/2023,W,23,11,5,14,35.7,1,6,16.7,0,0,-,0,1,1,4,0,0,0,3,-1,18.2
Jonathan Kuminga,GSW,GSW vs. LAL,05/10/2023,W,2,5,2,2,100,1,1,100,0,0,-,0,1,1,1,0,0,0,0,1,7.7
Anthony Lamb,GSW,GSW vs. LAL,05/10/2023,W,2,0,0,0,-,0,0,-,0,0,-,0,0,0,0,0,0,0,1,1,0.0
Moses Moody,GSW,GSW vs. LAL,05/10/2023,W,10,6,2,3,66.7,2,2,100,0,0,-,0,4,4,0,0,0,0,0,1,10.8
Austin Reaves,LAL,LAL @ GSW,05/10/2023,L,36,15,5,12,41.7,3,6,50.0,2,2,100,2,5,7,5,1,0,1,0,-21,32.9
Max Christie,LAL,LAL @ GSW,05/10/2023,L,3,0,0,1,0.0,0,0,-,0,0,-,0,0,0,0,0,0,0,0,-1,0.0
LeBron James,LAL,LAL @ GSW,05/10/2023,L,39,25,9,17,52.9,3,7,42.9,4,4,100,1,8,9,3,2,1,4,3,-16,45.3
Stephen Curry,GSW,GSW vs. LAL,05/10/2023,W,39,27,12,24,50.0,3,11,27.3,0,0,-,0,3,3,8,0,1,2,0,12,43.6
Draymond Green,GSW,GSW vs. LAL,05/10/2023,W,30,20,7,11,63.6,1,2,50.0,5,5,100,1,9,10,4,2,1,5,3,13,42.0
Dennis Schroder,LAL,LAL @ GSW,05/10/2023,L,29,14,6,11,54.5,2,5,40.0,0,0,-,0,2,2,4,0,0,2,3,14,20.4
Andrew Wiggins,GSW,GSW vs. LAL,05/10/2023,W,36,25,10,18,55.6,2,5,40.0,3,3,100,1,6,7,5,1,0,1,2,16,42.9
Gary Payton II,GSW,GSW vs. LAL,05/10/2023,W,27,13,4,5,80.0,1,2,50.0,4,5,80.0,3,3,6,1,1,0,2,4,25,22.7
Donte DiVincenzo,GSW,GSW vs. LAL,05/10/2023,W,13,0,0,1,0.0,0,0,-,0,0,-,0,2,2,2,1,0,2,1,-2,6.4
Lonnie Walker IV,LAL,LAL @ GSW,05/10/2023,L,28,4,2,6,33.3,0,2,0.0,0,0,-,0,0,0,4,0,0,1,1,-7,9.0
Malik Beasley,LAL,LAL @ GSW,05/10/2023,L,3,3,1,2,50.0,1,2,50.0,0,0,-,0,0,0,0,0,0,0,0,-1,3.0
Kevon Looney,GSW,GSW vs. LAL,05/10/2023,W,20,4,2,2,100,0,0,-,0,0,-,4,4,8,2,2,1,0,3,-7,25.6
P.J. Tucker,PHI,PHI @ BOS,05/09/2023,W,34,3,1,4,25.0,1,3,33.3,0,0,-,1,6,7,1,0,0,0,4,11,12.9
Al Horford,BOS,BOS vs. PHI,05/09/2023,L,25,0,0,7,0.0,0,7,0.0,0,0,-,2,3,5,4,2,1,1,2,-18,20.0
Tobias Harris,PHI,PHI @ BOS,05/09/2023,W,31,16,7,10,70.0,1,3,33.3,1,2,50.0,2,9,11,1,0,0,1,5,12,29.7
Mike Muscala,BOS,BOS vs. PHI,05/09/2023,L,4,0,0,0,-,0,0,-,0,0,-,0,1,1,0,0,0,0,0,9,1.2
Marcus Smart,BOS,BOS vs. PHI,05/09/2023,L,34,14,2,7,28.6,2,5,40.0,8,10,80.0,1,2,3,4,0,0,2,1,-17,21.6
Joel Embiid,PHI,PHI @ BOS,05/09/2023,W,37,33,10,23,43.5,3,7,42.9,10,11,90.9,3,4,7,3,0,4,4,3,21,53.9
Jayson Tatum,BOS,BOS vs. PHI,05/09/2023,L,40,36,11,27,40.7,3,11,27.3,11,13,84.6,3,7,10,5,2,0,2,2,-26,59.5
Derrick White,BOS,BOS vs. PHI,05/09/2023,L,34,7,2,6,33.3,0,2,0.0,3,3,100,2,3,5,0,0,0,0,1,-15,13.0
Luke Kornet,BOS,BOS vs. PHI,05/09/2023,L,4,0,0,0,-,0,0,-,0,0,-,0,0,0,0,0,0,0,1,9,0.0
Shake Milton,PHI,PHI @ BOS,05/09/2023,W,1,0,0,0,-,0,0,-,0,0,-,0,0,0,0,0,0,1,0,-3,-1.0
Grant Williams,BOS,BOS vs. PHI,05/09/2023,L,8,0,0,1,0.0,0,1,0.0,0,0,-,0,0,0,1,0,0,0,2,-2,1.5
Tyrese Maxey,PHI,PHI @ BOS,05/09/2023,W,42,30,10,21,47.6,6,12,50.0,4,4,100,1,6,7,3,0,0,1,2,15,41.9
Sam Hauser,BOS,BOS vs. PHI,05/09/2023,L,4,3,1,2,50.0,1,2,50.0,0,0,-,0,0,0,0,0,0,0,0,9,3.0
James Harden,PHI,PHI @ BOS,05/09/2023,W,39,17,4,8,50.0,1,2,50.0,8,10,80.0,0,8,8,10,2,0,2,2,10,45.6
Jaylen Brown,BOS,BOS vs. PHI,05/09/2023,L,34,24,9,16,56.3,3,6,50.0,3,8,37.5,0,6,6,2,0,0,3,5,-15,31.2
Bruce Brown,DEN,DEN vs. PHX,05/09/2023,W,27,25,7,11,63.6,2,4,50.0,9,10,90.0,1,4,5,1,1,0,1,1,-2,34.5
Jock Landale,PHX,PHX @ DEN,05/09/2023,L,16,5,2,4,50.0,0,0,-,1,2,50.0,0,4,4,0,0,0,0,1,5,9.8
Christian Braun,DEN,DEN vs. PHX,05/09/2023,W,20,5,2,3,66.7,0,0,-,1,2,50.0,0,2,2,0,1,0,2,2,-5,8.4
Jamal Murray,DEN,DEN vs. PHX,05/09/2023,W,37,19,7,15,46.7,2,4,50.0,3,3,100,0,5,5,6,1,0,2,1,23,35.0
Cameron Payne,PHX,PHX @ DEN,05/09/2023,L,31,7,3,5,60.0,1,3,33.3,0,0,-,0,2,2,4,1,0,2,2,-10,16.4
Devin Booker,PHX,PHX @ DEN,05/09/2023,L,41,28,8,19,42.1,4,7,57.1,8,9,88.9,0,6,6,4,0,0,2,4,-19,39.2
Aaron Gordon,DEN,DEN vs. PHX,05/09/2023,W,36,10,4,13,30.8,1,2,50.0,1,4,25.0,3,3,6,6,0,2,0,1,27,32.2
Terrence Ross,PHX,PHX @ DEN,05/09/2023,L,20,9,3,4,75.0,3,4,75.0,0,0,-,0,3,3,1,1,1,0,2,0,20.1
Jeff Green,DEN,DEN vs. PHX,05/09/2023,W,16,4,2,4,50.0,0,2,0.0,0,0,-,0,2,2,2,0,0,0,3,-3,9.4
Kevin Durant,PHX,PHX @ DEN,05/09/2023,L,42,26,10,24,41.7,0,3,0.0,6,9,66.7,2,9,11,7,0,1,5,4,-19,47.7
Peyton Watson,DEN,DEN vs. PHX,05/09/2023,W,4,0,0,1,0.0,0,0,-,0,0,-,0,0,0,0,0,0,1,1,-4,-1.0
Ish Wainright,PHX,PHX @ DEN,05/09/2023,L,4,0,0,1,0.0,0,1,0.0,0,0,-,0,0,0,0,0,0,0,0,4,0.0
Zeke Nnaji,DEN,DEN vs. PHX,05/09/2023,W,2,0,0,0,-,0,0,-,0,0,-,0,0,0,0,0,0,0,0,-4,0.0
Deandre Ayton,PHX,PHX @ DEN,05/09/2023,L,32,14,7,12,58.3,0,0,-,0,0,-,4,5,9,1,2,1,1,3,-21,34.3
Landry Shamet,PHX,PHX @ DEN,05/09/2023,L,23,6,2,6,33.3,1,3,33.3,1,2,50.0,0,5,5,3,0,1,0,4,-11,19.5
Michael Porter Jr.,DEN,DEN vs. PHX,05/09/2023,W,28,19,7,11,63.6,5,8,62.5,0,0,-,0,8,8,2,1,0,0,2,24,34.6
Josh Okogie,PHX,PHX @ DEN,05/09/2023,L,8,1,0,3,0.0,0,2,0.0,1,2,50.0,0,0,0,1,0,0,0,1,-14,2.5
Torrey Craig,PHX,PHX @ DEN,05/09/2023,L,4,2,1,2,50.0,0,1,0.0,0,0,-,0,0,0,0,1,1,0,1,4,8.0
Vlatko Cancar,DEN,DEN vs. PHX,05/09/2023,W,2,0,0,1,0.0,0,1,0.0,0,0,-,0,1,1,0,0,0,0,0,-4,1.2
Damion Lee,PHX,PHX @ DEN,05/09/2023,L,4,0,0,1,0.0,0,1,0.0,0,0,-,1,0,1,1,0,0,0,0,4,2.7
Nikola Jokic,DEN,DEN vs. PHX,05/09/2023,W,38,29,12,20,60.0,2,3,66.7,3,5,60.0,4,9,13,12,1,2,4,3,18,67.6
T.J. Warren,PHX,PHX @ DEN,05/09/2023,L,15,4,2,7,28.6,0,2,0.0,0,0,-,1,0,1,0,1,2,0,0,-3,14.2
Kentavious Caldwell-Pope,DEN,DEN vs. PHX,05/09/2023,W,27,7,1,6,16.7,1,3,33.3,4,4,100,2,5,7,3,1,2,0,2,18,28.9
Reggie Jackson,DEN,DEN vs. PHX,05/09/2023,W,4,0,0,0,-,0,0,-,0,0,-,0,1,1,0,0,0,0,0,-4,1.2
Ish Smith,DEN,DEN vs. PHX,05/09/2023,W,2,0,0,0,-,0,0,-,0,0,-,0,0,0,0,0,0,0,1,-4,0.0
Payton Pritchard,BOS,BOS vs. PHI,05/09/2023,L,9,8,3,5,60.0,2,2,100,0,0,-,0,1,1,1,0,0,0,0,14,10.7
Paul Reed,PHI,PHI @ BOS,05/09/2023,W,7,2,1,1,100,0,0,-,0,0,-,0,0,0,0,1,0,0,1,0,5.0
Robert Williams III,BOS,BOS vs. PHI,05/09/2023,L,19,4,2,3,66.7,0,0,-,0,0,-,1,1,2,0,0,0,0,2,-3,6.4
De'Anthony Melton,PHI,PHI @ BOS,05/09/2023,W,23,4,2,4,50.0,0,1,0.0,0,0,-,2,2,4,1,1,1,0,3,1,16.3
Danuel House Jr.,PHI,PHI @ BOS,05/09/2023,W,15,10,5,7,71.4,0,2,0.0,0,0,-,0,5,5,1,0,0,0,3,-8,17.5
Georges Niang,PHI,PHI @ BOS,05/09/2023,W,12,0,0,1,0.0,0,0,-,0,0,-,0,0,0,0,0,0,0,1,1,0.0
Malcolm Brogdon,BOS,BOS vs. PHI,05/09/2023,L,26,7,3,9,33.3,1,2,50.0,0,0,-,0,3,3,4,0,0,0,0,-5,16.6
Jimmy Butler,MIA,MIA vs. NYK,05/08/2023,W,42,27,9,17,52.9,1,3,33.3,8,9,88.9,3,3,6,10,2,2,3,2,4,58.2
Kevon Looney,GSW,GSW @ LAL,05/08/2023,L,11,4,2,2,100,0,0,-,0,2,0.0,1,2,3,0,0,0,0,2,7,7.6
LeBron James,LAL,LAL vs. GSW,05/08/2023,W,43,27,10,25,40.0,2,9,22.2,5,5,100,2,7,9,6,0,1,3,3,-8,46.8
Austin Reaves,LAL,LAL vs. GSW,05/08/2023,W,34,21,7,15,46.7,3,6,50.0,4,4,100,0,2,2,4,1,0,2,2,5,30.4
Moses Moody,GSW,GSW @ LAL,05/08/2023,L,19,7,3,3,100,1,1,100,0,0,-,0,1,1,0,2,1,1,4,2,16.2
Klay Thompson,GSW,GSW @ LAL,05/08/2023,L,41,9,3,11,27.3,3,9,33.3,0,0,-,0,5,5,2,1,0,1,2,2,20.0
Anthony Davis,LAL,LAL vs. GSW,05/08/2023,W,43,23,10,16,62.5,0,0,-,3,3,100,3,12,15,2,3,0,3,3,5,50.0
Draymond Green,GSW,GSW @ LAL,05/08/2023,L,37,8,3,5,60.0,0,1,0.0,2,2,100,3,7,10,7,1,1,5,3,-10,31.5
Jordan Poole,GSW,GSW @ LAL,05/08/2023,L,10,0,0,4,0.0,0,2,0.0,0,0,-,0,3,3,2,0,0,2,1,-6,4.6
Dennis Schroder,LAL,LAL vs. GSW,05/08/2023,W,35,10,5,9,55.6,0,2,0.0,0,0,-,0,3,3,3,1,0,2,2,14,19.1
Andrew Wiggins,GSW,GSW @ LAL,05/08/2023,L,39,17,6,14,42.9,2,6,33.3,3,4,75.0,1,3,4,1,2,0,3,4,-7,26.3
D'Angelo Russell,LAL,LAL vs. GSW,05/08/2023,W,31,4,1,10,10.0,0,4,0.0,2,2,100,1,3,4,3,0,0,0,2,-3,13.3
Gary Payton II,GSW,GSW @ LAL,05/08/2023,L,23,15,7,9,77.8,1,2,50.0,0,0,-,1,2,3,2,0,0,1,1,3,20.6
Lonnie Walker IV,LAL,LAL vs. GSW,05/08/2023,W,27,15,6,9,66.7,1,3,33.3,2,2,100,0,3,3,2,2,0,1,1,8,26.6
Wenyen Gabriel,LAL,LAL vs. GSW,05/08/2023,W,2,0,0,0,-,0,0,-,0,0,-,0,0,0,0,0,0,0,0,-3,0.0
Rui Hachimura,LAL,LAL vs. GSW,05/08/2023,W,14,2,0,1,0.0,0,0,-,2,2,100,0,3,3,0,0,0,1,1,4,4.6
Jarred Vanderbilt,LAL,LAL vs. GSW,05/08/2023,W,11,2,0,1,0.0,0,1,0.0,2,2,100,2,1,3,1,1,0,2,1,-7,8.1
Donte DiVincenzo,GSW,GSW @ LAL,05/08/2023,L,15,10,4,6,66.7,2,4,50.0,0,0,-,0,1,1,1,0,0,1,0,-1,11.7
Stephen Curry,GSW,GSW @ LAL,05/08/2023,L,42,31,12,30,40.0,3,14,21.4,4,4,100,3,7,10,14,3,0,2,5,1,71.0
JaMychal Green,GSW,GSW @ LAL,05/08/2023,L,2,0,0,2,0.0,0,2,0.0,0,0,-,0,0,0,0,0,0,0,0,-6,0.0
RJ Barrett,NYK,NYK @ MIA,05/08/2023,L,35,24,9,16,56.3,3,5,60.0,3,3,100,0,4,4,3,1,0,3,0,-7,33.3
Haywood Highsmith,MIA,MIA vs. NYK,05/08/2023,W,6,2,1,1,100,0,0,-,0,0,-,1,1,2,0,0,0,0,1,4,4.4
Duncan Robinson,MIA,MIA vs. NYK,05/08/2023,W,11,3,1,8,12.5,1,7,14.3,0,0,-,0,1,1,1,0,0,2,0,0,3.7
Caleb Martin,MIA,MIA vs. NYK,05/08/2023,W,26,10,4,8,50.0,2,5,40.0,0,0,-,3,2,5,2,0,1,0,2,2,22.0
Jalen Brunson,NYK,NYK @ MIA,05/08/2023,L,44,32,10,21,47.6,2,7,28.6,10,11,90.9,0,4,4,11,1,0,1,5,-5,55.3
Josh Hart,NYK,NYK @ MIA,05/08/2023,L,22,4,2,6,33.3,0,2,0.0,0,1,0.0,0,2,2,0,0,0,2,6,-7,4.4
Julius Randle,NYK,NYK @ MIA,05/08/2023,L,39,20,8,13,61.5,1,4,25.0,3,5,60.0,1,8,9,3,0,0,6,6,-1,29.3
Kevin Love,MIA,MIA vs. NYK,05/08/2023,W,23,8,3,6,50.0,2,5,40.0,0,0,-,0,5,5,2,0,0,0,2,4,17.0
Kyle Lowry,MIA,MIA vs. NYK,05/08/2023,W,26,15,4,6,66.7,2,4,50.0,5,6,83.3,2,3,5,4,1,0,0,1,5,30.0
Miles McBride,NYK,NYK @ MIA,05/08/2023,L,4,0,0,2,0.0,0,1,0.0,0,0,-,0,0,0,1,0,0,0,1,-2,1.5
Obi Toppin,NYK,NYK @ MIA,05/08/2023,L,6,4,2,4,50.0,0,2,0.0,0,0,-,1,0,1,0,0,0,0,1,-6,5.2
Quentin Grimes,NYK,NYK @ MIA,05/08/2023,L,42,9,3,8,37.5,3,7,42.9,0,0,-,0,5,5,2,2,0,2,2,-4,22.0
Max Strus,MIA,MIA vs. NYK,05/08/2023,W,37,16,6,13,46.2,4,10,40.0,0,0,-,1,5,6,2,1,1,2,4,8,30.2
Gabe Vincent,MIA,MIA vs. NYK,05/08/2023,W,22,3,1,7,14.3,1,5,20.0,0,0,-,0,0,0,5,2,0,0,3,3,16.5
Mitchell Robinson,NYK,NYK @ MIA,05/08/2023,L,33,6,3,5,60.0,0,0,-,0,2,0.0,4,3,7,1,1,2,2,2,1,22.9
Isaiah Hartenstein,NYK,NYK @ MIA,05/08/2023,L,15,2,0,1,0.0,0,0,-,2,2,100,2,1,3,0,0,2,0,0,-9,11.6
Bam Adebayo,MIA,MIA vs. NYK,05/08/2023,W,38,23,10,17,58.8,0,0,-,3,5,60.0,3,10,13,2,1,0,4,2,7,40.6
Cody Zeller,MIA,MIA vs. NYK,05/08/2023,W,8,2,1,2,50.0,0,0,-,0,2,0.0,0,1,1,0,0,0,1,4,3,2.2
Paul Reed,PHI,PHI vs. BOS,05/07/2023,W,6,2,1,2,50.0,0,0,-,0,0,-,0,3,3,0,0,0,0,0,1,5.6
P.J. Tucker,PHI,PHI vs. BOS,05/07/2023,W,31,6,2,5,40.0,1,4,25.0,1,1,100,2,1,3,1,0,0,0,4,1,11.1
Al Horford,BOS,BOS @ PHI,05/07/2023,L,38,10,3,9,33.3,2,7,28.6,2,2,100,2,5,7,4,2,5,0,3,0,45.4
Michael Porter Jr.,DEN,DEN @ PHX,05/07/2023,L,39,11,4,13,30.8,2,9,22.2,1,2,50.0,1,9,10,4,1,1,0,5,0,35.0
James Harden,PHI,PHI vs. BOS,05/07/2023,W,47,42,16,23,69.6,6,9,66.7,4,4,100,0,8,8,9,4,1,1,2,-6,79.1
Tobias Harris,PHI,PHI vs. BOS,05/07/2023,W,45,9,3,10,30.0,1,5,20.0,2,2,100,2,5,7,2,1,0,2,4,14,21.4
Marcus Smart,BOS,BOS @ PHI,05/07/2023,L,42,21,6,15,40.0,4,10,40.0,5,5,100,0,3,3,7,0,0,3,3,-7,32.1
Joel Embiid,PHI,PHI vs. BOS,05/07/2023,W,46,34,11,26,42.3,0,3,0.0,12,15,80.0,3,10,13,4,1,0,2,3,0,56.6
Jaylen Brown,BOS,BOS @ PHI,05/07/2023,L,44,23,10,16,62.5,3,8,37.5,0,2,0.0,1,2,3,5,0,0,1,3,5,33.1
Devin Booker,PHX,PHX vs. DEN,05/07/2023,W,40,36,14,18,77.8,3,4,75.0,5,6,83.3,3,3,6,12,1,0,5,5,-1,59.2
Nikola Jokic,DEN,DEN @ PHX,05/07/2023,L,39,53,20,30,66.7,2,4,50.0,11,13,84.6,1,3,4,11,0,1,6,2,2,71.3
T.J. Warren,PHX,PHX vs. DEN,05/07/2023,W,19,5,1,3,33.3,0,2,0.0,3,4,75.0,0,1,1,2,0,0,0,2,8,9.2
Kentavious Caldwell-Pope,DEN,DEN @ PHX,05/07/2023,L,34,10,5,7,71.4,0,2,0.0,0,0,-,0,1,1,1,1,0,0,0,-4,15.7
Kevin Durant,PHX,PHX vs. DEN,05/07/2023,W,44,36,11,19,57.9,2,4,50.0,12,13,92.3,0,11,11,6,2,1,5,2,0,62.2
Tyrese Maxey,PHI,PHI vs. BOS,05/07/2023,W,45,14,6,17,35.3,2,6,33.3,0,0,-,5,3,8,1,2,1,1,1,0,33.1
Grant Williams,BOS,BOS @ PHI,05/07/2023,L,12,2,1,2,50.0,0,1,0.0,0,0,-,1,0,1,0,0,1,1,1,-7,5.2
Robert Williams III,BOS,BOS @ PHI,05/07/2023,L,14,4,1,1,100,0,0,-,2,4,50.0,1,1,2,1,0,1,1,2,5,9.9
De'Anthony Melton,PHI,PHI vs. BOS,05/07/2023,W,25,0,0,2,0.0,0,1,0.0,0,0,-,0,2,2,2,1,0,1,4,-3,7.4
Derrick White,BOS,BOS @ PHI,05/07/2023,L,31,12,5,11,45.5,2,4,50.0,0,0,-,1,1,2,0,0,1,0,1,-8,17.4
Georges Niang,PHI,PHI vs. BOS,05/07/2023,W,19,9,3,6,50.0,3,6,50.0,0,0,-,0,0,0,0,0,1,0,5,-2,12.0
Malcolm Brogdon,BOS,BOS @ PHI,05/07/2023,L,36,19,6,13,46.2,5,8,62.5,2,2,100,3,5,8,2,0,0,2,5,5,29.6
Cameron Payne,PHX,PHX vs. DEN,05/07/2023,W,25,5,2,8,25.0,1,4,25.0,0,0,-,0,2,2,4,1,0,2,3,-1,14.4
Torrey Craig,PHX,PHX vs. DEN,05/07/2023,W,0,0,0,0,-,0,0,-,0,0,-,0,0,0,0,0,0,0,0,0,0.0
Josh Okogie,PHX,PHX vs. DEN,05/07/2023,W,17,4,2,5,40.0,0,1,0.0,0,0,-,2,0,2,3,0,1,1,0,-8,12.9
Christian Braun,DEN,DEN @ PHX,05/07/2023,L,8,1,0,0,-,0,0,-,1,2,50.0,1,1,2,0,0,0,0,0,-10,3.4
Deandre Ayton,PHX,PHX vs. DEN,05/07/2023,W,27,8,3,6,50.0,0,0,-,2,4,50.0,4,4,8,0,1,1,0,4,-13,23.6
Jeff Green,DEN,DEN @ PHX,05/07/2023,L,20,5,1,2,50.0,1,2,50.0,2,2,100,0,1,1,0,0,0,0,2,-16,6.2
Terrence Ross,PHX,PHX vs. DEN,05/07/2023,W,17,8,3,7,42.9,2,6,33.3,0,0,-,0,2,2,0,0,0,0,3,9,10.4
Aaron Gordon,DEN,DEN @ PHX,05/07/2023,L,36,11,5,10,50.0,1,2,50.0,0,0,-,3,3,6,3,1,0,1,5,7,24.7
Jamal Murray,DEN,DEN @ PHX,05/07/2023,L,42,28,13,25,52.0,1,3,33.3,1,2,50.0,3,2,5,7,1,0,0,2,5,47.5
Landry Shamet,PHX,PHX vs. DEN,05/07/2023,W,30,19,6,9,66.7,5,8,62.5,2,2,100,0,0,0,0,0,0,0,1,15,19.0
Jock Landale,PHX,PHX vs. DEN,05/07/2023,W,21,8,4,6,66.7,0,0,-,0,0,-,3,2,5,1,1,1,0,4,16,21.5
Bruce Brown,DEN,DEN @ PHX,05/07/2023,L,22,5,2,2,100,0,0,-,1,2,50.0,1,2,3,2,2,0,1,3,-9,16.6
Jayson Tatum,BOS,BOS @ PHI,05/07/2023,L,47,24,9,20,45.0,1,6,16.7,5,7,71.4,4,14,18,6,1,4,2,3,2,67.6
Austin Reaves,LAL,LAL vs. GSW,05/06/2023,W,30,10,2,8,25.0,1,4,25.0,5,7,71.4,1,1,2,2,2,0,0,3,31,21.4
Moses Moody,GSW,GSW @ LAL,05/06/2023,L,20,5,1,3,33.3,1,2,50.0,2,2,100,2,2,4,1,0,0,0,3,-15,11.3
Rui Hachimura,LAL,LAL vs. GSW,05/06/2023,W,16,5,2,3,66.7,1,1,100,0,0,-,1,0,1,1,1,0,1,2,2,9.7
Lonnie Walker IV,LAL,LAL vs. GSW,05/06/2023,W,24,12,4,6,66.7,2,4,50.0,2,2,100,0,4,4,0,2,1,1,3,10,24.8
Dennis Schroder,LAL,LAL vs. GSW,05/06/2023,W,20,12,4,9,44.4,3,6,50.0,1,4,25.0,0,0,0,1,1,0,1,2,13,15.5
Draymond Green,GSW,GSW @ LAL,05/06/2023,L,23,2,1,4,25.0,0,1,0.0,0,0,-,1,1,2,4,1,1,0,5,-27,16.4
Anthony Davis,LAL,LAL vs. GSW,05/06/2023,W,33,25,7,10,70.0,0,0,-,11,12,91.7,0,13,13,3,3,4,3,2,28,63.1
Klay Thompson,GSW,GSW @ LAL,05/06/2023,L,33,15,5,14,35.7,3,9,33.3,2,2,100,1,6,7,0,1,1,6,3,-23,23.4
Stephen Curry,GSW,GSW @ LAL,05/06/2023,L,32,23,9,21,42.9,4,10,40.0,1,3,33.3,2,2,4,3,1,1,3,2,-26,35.3
Jonathan Kuminga,GSW,GSW @ LAL,05/06/2023,L,9,10,3,4,75.0,1,1,100,3,4,75.0,0,1,1,0,0,0,1,0,-4,10.2
Patrick Baldwin Jr.,GSW,GSW @ LAL,05/06/2023,L,5,0,0,2,0.0,0,2,0.0,0,0,-,0,0,0,0,0,0,0,0,0,0.0
Max Christie,LAL,LAL vs. GSW,05/06/2023,W,6,6,3,3,100,0,0,-,0,0,-,0,2,2,2,0,0,0,0,4,11.4
Anthony Lamb,GSW,GSW @ LAL,05/06/2023,L,6,3,1,2,50.0,1,2,50.0,0,0,-,0,0,0,0,0,0,0,0,-4,3.0
Wenyen Gabriel,LAL,LAL vs. GSW,05/06/2023,W,5,0,0,0,-,0,0,-,0,0,-,0,0,0,0,0,0,0,2,2,0.0
Jarred Vanderbilt,LAL,LAL vs. GSW,05/06/2023,W,15,2,0,5,0.0,0,3,0.0,2,4,50.0,1,4,5,0,0,0,0,1,4,8.0
Donte DiVincenzo,GSW,GSW @ LAL,05/06/2023,L,22,5,2,8,25.0,1,5,20.0,0,0,-,2,3,5,4,0,1,1,2,-8,19.0
Troy Brown Jr.,LAL,LAL vs. GSW,05/06/2023,W,9,2,1,2,50.0,0,0,-,0,0,-,0,2,2,1,0,0,0,1,4,5.9
Shaquille Harrison,LAL,LAL vs. GSW,05/06/2023,W,9,9,4,5,80.0,1,1,100,0,0,-,0,0,0,4,0,0,0,2,4,15.0
Malik Beasley,LAL,LAL vs. GSW,05/06/2023,W,6,0,0,2,0.0,0,0,-,0,0,-,0,1,1,0,0,0,0,0,4,1.2
Kevon Looney,GSW,GSW @ LAL,05/06/2023,L,16,3,1,1,100,0,0,-,1,2,50.0,1,3,4,4,1,0,3,1,1,13.8
D'Angelo Russell,LAL,LAL vs. GSW,05/06/2023,W,29,21,8,13,61.5,5,8,62.5,0,0,-,0,3,3,5,1,0,5,3,14,30.1
Andrew Wiggins,GSW,GSW @ LAL,05/06/2023,L,28,16,6,11,54.5,2,4,50.0,2,2,100,3,6,9,4,0,1,0,2,-16,35.8
JaMychal Green,GSW,GSW @ LAL,05/06/2023,L,11,2,1,5,20.0,0,3,0.0,0,0,-,0,0,0,0,0,0,1,2,-10,1.0
Tristan Thompson,LAL,LAL vs. GSW,05/06/2023,W,6,2,1,3,33.3,0,0,-,0,0,-,2,1,3,0,0,0,1,0,4,4.6
LeBron James,LAL,LAL vs. GSW,05/06/2023,W,32,21,6,11,54.5,2,4,50.0,7,8,87.5,1,7,8,8,0,1,0,0,26,45.6
Jordan Poole,GSW,GSW @ LAL,05/06/2023,L,22,5,2,9,22.2,0,4,0.0,1,2,50.0,0,3,3,6,0,0,4,1,-3,13.6
Gary Payton II,GSW,GSW @ LAL,05/06/2023,L,13,8,4,7,57.1,0,1,0.0,0,0,-,2,1,3,0,1,1,0,1,-15,17.6
Kyle Lowry,MIA,MIA vs. NYK,05/06/2023,W,25,14,4,9,44.4,2,4,50.0,4,4,100,0,3,3,4,0,1,0,0,8,26.6
Miles McBride,NYK,NYK @ MIA,05/06/2023,L,1,0,0,1,0.0,0,1,0.0,0,0,-,0,0,0,0,0,0,0,0,0,0.0
Isaiah Hartenstein,NYK,NYK @ MIA,05/06/2023,L,26,0,0,0,-,0,0,-,0,0,-,1,2,3,1,0,2,0,2,-18,11.1
Cody Zeller,MIA,MIA vs. NYK,05/06/2023,W,12,6,3,6,50.0,0,0,-,0,0,-,0,6,6,1,0,0,2,4,6,12.7
Jalen Brunson,NYK,NYK @ MIA,05/06/2023,L,38,20,7,20,35.0,0,5,0.0,6,6,100,1,5,6,8,0,0,0,3,-6,39.2
Immanuel Quickley,NYK,NYK @ MIA,05/06/2023,L,20,12,4,12,33.3,2,8,25.0,2,2,100,1,0,1,0,1,0,1,0,-8,15.2
Obi Toppin,NYK,NYK @ MIA,05/06/2023,L,17,5,2,6,33.3,1,4,25.0,0,0,-,1,2,3,1,1,1,3,2,-10,13.1
Quentin Grimes,NYK,NYK @ MIA,05/06/2023,L,22,8,3,7,42.9,1,4,25.0,1,1,100,1,0,1,0,1,0,1,2,-5,11.2
RJ Barrett,NYK,NYK @ MIA,05/06/2023,L,25,14,5,16,31.3,2,7,28.6,2,3,66.7,0,3,3,1,0,0,1,3,-32,18.1
Haywood Highsmith,MIA,MIA vs. NYK,05/06/2023,W,12,5,2,4,50.0,1,1,100,0,0,-,3,3,6,0,0,0,0,2,5,12.2
Duncan Robinson,MIA,MIA vs. NYK,05/06/2023,W,13,4,1,6,16.7,1,5,20.0,1,1,100,0,1,1,1,0,0,1,1,7,5.7
Caleb Martin,MIA,MIA vs. NYK,05/06/2023,W,23,3,0,3,0.0,0,3,0.0,3,4,75.0,2,3,5,0,0,0,2,4,13,7.0
Nikola Jovic,MIA,MIA vs. NYK,05/06/2023,W,1,0,0,0,-,0,0,-,0,0,-,0,0,0,0,0,0,0,0,0,0.0
Omer Yurtseven,MIA,MIA vs. NYK,05/06/2023,W,1,0,0,0,-,0,0,-,0,0,-,0,1,1,0,0,0,1,0,0,0.2
Max Strus,MIA,MIA vs. NYK,05/06/2023,W,30,19,7,14,50.0,3,10,30.0,2,2,100,0,3,3,0,1,1,0,2,10,28.6
DaQuan Jeffries,NYK,NYK @ MIA,05/06/2023,L,1,0,0,0,-,0,0,-,0,0,-,0,0,0,0,0,0,0,0,0,0.0
Gabe Vincent,MIA,MIA vs. NYK,05/06/2023,W,30,5,1,8,12.5,0,4,0.0,3,3,100,0,0,0,4,2,0,2,4,14,15.0
Mitchell Robinson,NYK,NYK @ MIA,05/06/2023,L,14,2,1,2,50.0,0,0,-,0,0,-,4,1,5,0,0,0,1,4,-4,7.0
Josh Hart,NYK,NYK @ MIA,05/06/2023,L,38,15,5,12,41.7,2,6,33.3,3,5,60.0,1,11,12,2,1,0,2,2,-6,33.4
Bam Adebayo,MIA,MIA vs. NYK,05/06/2023,W,36,17,7,14,50.0,0,0,-,3,4,75.0,4,8,12,0,0,1,1,4,11,33.4
Julius Randle,NYK,NYK @ MIA,05/06/2023,L,38,10,4,15,26.7,0,5,0.0,2,5,40.0,4,10,14,2,0,0,4,4,-6,25.8
Jimmy Butler,MIA,MIA vs. NYK,05/06/2023,W,36,28,9,21,42.9,0,2,0.0,10,11,90.9,2,2,4,3,0,2,2,1,9,41.3
Kevin Love,MIA,MIA vs. NYK,05/06/2023,W,23,4,1,5,20.0,0,3,0.0,2,2,100,2,7,9,4,0,0,2,3,12,18.8
Jamal Murray,DEN,DEN @ PHX,05/05/2023,L,41,32,13,29,44.8,1,6,16.7,5,6,83.3,1,5,6,5,1,1,2,3,5,50.7
Nikola Jokic,DEN,DEN @ PHX,05/05/2023,L,42,30,11,19,57.9,1,2,50.0,7,8,87.5,6,11,17,17,0,1,6,3,5,72.9
Aaron Gordon,DEN,DEN @ PHX,05/05/2023,L,39,9,3,13,23.1,0,3,0.0,3,4,75.0,6,1,7,1,0,2,0,3,1,24.9
Jock Landale,PHX,PHX vs. DEN,05/05/2023,W,22,6,3,3,100,0,0,-,0,0,-,2,7,9,0,1,0,1,4,10,18.8
Bruce Brown,DEN,DEN @ PHX,05/05/2023,L,23,11,4,11,36.4,1,3,33.3,2,2,100,0,3,3,3,1,0,1,3,-14,21.1
Cameron Payne,PHX,PHX vs. DEN,05/05/2023,W,30,7,3,9,33.3,1,5,20.0,0,0,-,0,0,0,6,1,0,1,3,3,18.0
Devin Booker,PHX,PHX vs. DEN,05/05/2023,W,42,47,20,25,80.0,5,8,62.5,2,2,100,0,6,6,9,3,1,3,5,7,76.7
T.J. Warren,PHX,PHX vs. DEN,05/05/2023,W,26,7,3,7,42.9,1,2,50.0,0,0,-,1,2,3,1,0,1,1,0,20,14.1
P.J. Tucker,PHI,PHI vs. BOS,05/05/2023,L,25,9,3,4,75.0,3,4,75.0,0,0,-,1,0,1,2,1,0,2,2,-11,14.2
Al Horford,BOS,BOS @ PHI,05/05/2023,W,31,17,6,8,75.0,5,7,71.4,0,0,-,0,7,7,2,2,0,0,3,13,34.4
Tobias Harris,PHI,PHI vs. BOS,05/05/2023,L,25,7,3,6,50.0,0,1,0.0,1,2,50.0,1,3,4,1,0,1,2,5,-18,14.3
Joel Embiid,PHI,PHI vs. BOS,05/05/2023,L,39,30,9,19,47.4,1,2,50.0,11,12,91.7,5,8,13,3,1,4,3,3,-8,62.1
Jaylen Brown,BOS,BOS @ PHI,05/05/2023,W,34,23,8,18,44.4,0,4,0.0,7,7,100,2,5,7,5,1,1,4,5,11,40.9
Danuel House Jr.,PHI,PHI vs. BOS,05/05/2023,L,0,0,0,0,-,0,0,-,0,0,-,0,0,0,0,0,0,0,0,0,0.0
Grant Williams,BOS,BOS @ PHI,05/05/2023,W,23,0,0,3,0.0,0,3,0.0,0,0,-,0,4,4,1,0,2,0,3,1,12.3
Tyrese Maxey,PHI,PHI vs. BOS,05/05/2023,L,40,13,4,16,25.0,3,9,33.3,2,2,100,0,6,6,2,0,2,0,2,-9,29.2
James Harden,PHI,PHI vs. BOS,05/05/2023,L,41,16,3,14,21.4,2,7,28.6,8,9,88.9,0,6,6,11,1,0,5,4,-12,37.7
Marcus Smart,BOS,BOS @ PHI,05/05/2023,W,35,15,5,15,33.3,3,9,33.3,2,2,100,1,2,3,4,3,0,2,4,18,31.6
Malcolm Brogdon,BOS,BOS @ PHI,05/05/2023,W,26,15,4,12,33.3,3,6,50.0,4,4,100,1,2,3,6,0,0,1,0,0,26.6
Georges Niang,PHI,PHI vs. BOS,05/05/2023,L,19,10,4,7,57.1,2,5,40.0,0,0,-,0,0,0,0,0,0,0,1,-9,10.0
Jayson Tatum,BOS,BOS @ PHI,05/05/2023,W,43,27,10,20,50.0,3,11,27.3,4,5,80.0,2,8,10,5,2,1,4,3,13,51.5
Derrick White,BOS,BOS @ PHI,05/05/2023,W,32,13,4,9,44.4,2,5,40.0,3,3,100,1,5,6,2,0,0,1,1,5,22.2
De'Anthony Melton,PHI,PHI vs. BOS,05/05/2023,L,30,14,4,10,40.0,4,7,57.1,2,2,100,0,8,8,1,4,1,1,2,1,39.1
Robert Williams III,BOS,BOS @ PHI,05/05/2023,W,16,4,1,1,100,0,0,-,2,2,100,2,3,5,0,1,3,0,4,-1,22.0
Jalen McDaniels,PHI,PHI vs. BOS,05/05/2023,L,11,3,1,2,50.0,1,2,50.0,0,0,-,1,2,3,1,0,0,0,1,10,8.1
Paul Reed,PHI,PHI vs. BOS,05/05/2023,L,9,0,0,0,-,0,0,-,0,0,-,1,0,1,0,0,0,0,0,-4,1.2
Terrence Ross,PHX,PHX vs. DEN,05/05/2023,W,14,5,2,7,28.6,1,6,16.7,0,0,-,0,0,0,0,0,1,0,0,8,8.0
Torrey Craig,PHX,PHX vs. DEN,05/05/2023,W,3,0,0,1,0.0,0,1,0.0,0,0,-,1,1,2,0,0,0,1,0,-2,1.4
Josh Okogie,PHX,PHX vs. DEN,05/05/2023,W,10,2,1,2,50.0,0,0,-,0,0,-,1,0,1,0,0,0,0,1,-8,3.2
Michael Porter Jr.,DEN,DEN @ PHX,05/05/2023,L,37,21,7,14,50.0,6,10,60.0,1,1,100,1,11,12,0,0,1,2,1,3,36.4
Landry Shamet,PHX,PHX vs. DEN,05/05/2023,W,25,4,2,4,50.0,0,1,0.0,0,0,-,1,1,2,0,0,0,1,3,-10,5.4
Deandre Ayton,PHX,PHX vs. DEN,05/05/2023,W,26,4,2,6,33.3,0,0,-,0,0,-,1,8,9,0,0,1,1,4,-4,16.8
Christian Braun,DEN,DEN @ PHX,05/05/2023,L,10,2,1,2,50.0,0,1,0.0,0,0,-,1,2,3,0,1,0,1,5,-3,7.6
Kevin Durant,PHX,PHX vs. DEN,05/05/2023,W,43,39,12,31,38.7,1,5,20.0,14,16,87.5,0,9,9,8,0,2,0,4,11,67.8
Jeff Green,DEN,DEN @ PHX,05/05/2023,L,14,7,3,5,60.0,1,3,33.3,0,0,-,1,0,1,0,1,0,0,1,-20,11.2
Kentavious Caldwell-Pope,DEN,DEN @ PHX,05/05/2023,L,34,2,1,4,25.0,0,2,0.0,0,0,-,0,2,2,1,2,0,0,2,-12,11.9
Lonnie Walker IV,LAL,LAL @ GSW,05/04/2023,L,12,9,4,8,50.0,1,4,25.0,0,0,-,0,0,0,1,1,0,0,0,3,13.5
Moses Moody,GSW,GSW vs. LAL,05/04/2023,W,26,10,3,9,33.3,2,3,66.7,2,3,66.7,1,6,7,2,0,1,0,2,4,24.4
Donte DiVincenzo,GSW,GSW vs. LAL,05/04/2023,W,28,8,3,9,33.3,2,8,25.0,0,0,-,0,4,4,4,0,1,4,0,8,17.8
Malik Beasley,LAL,LAL @ GSW,05/04/2023,L,12,2,1,4,25.0,0,3,0.0,0,0,-,0,1,1,0,1,0,0,1,3,6.2
Andrew Wiggins,GSW,GSW vs. LAL,05/04/2023,W,30,11,3,8,37.5,2,4,50.0,3,4,75.0,2,2,4,4,0,1,2,2,35,22.8
Draymond Green,GSW,GSW vs. LAL,05/04/2023,W,28,11,5,10,50.0,0,1,0.0,1,4,25.0,2,9,11,9,1,0,2,3,15,38.7
Tristan Thompson,LAL,LAL @ GSW,05/04/2023,L,12,5,2,4,50.0,0,0,-,1,4,25.0,1,3,4,2,0,0,0,1,3,12.8
Stephen Curry,GSW,GSW vs. LAL,05/04/2023,W,30,20,7,12,58.3,3,5,60.0,3,3,100,0,4,4,12,1,0,3,3,24,42.8
LeBron James,LAL,LAL @ GSW,05/04/2023,L,28,23,10,18,55.6,3,8,37.5,0,0,-,0,7,7,3,1,0,0,3,-27,38.9
Max Christie,LAL,LAL @ GSW,05/04/2023,L,9,2,0,1,0.0,0,1,0.0,2,4,50.0,0,1,1,0,0,0,0,0,3,3.2
Austin Reaves,LAL,LAL @ GSW,05/04/2023,L,25,7,3,11,27.3,1,5,20.0,0,0,-,0,4,4,2,0,0,2,1,-22,12.8
Anthony Lamb,GSW,GSW vs. LAL,05/04/2023,W,9,0,0,1,0.0,0,1,0.0,0,0,-,0,2,2,0,0,0,0,1,1,2.4
Jonathan Kuminga,GSW,GSW vs. LAL,05/04/2023,W,10,3,1,4,25.0,1,1,100,0,0,-,1,1,2,1,0,0,0,1,-5,6.9
Jordan Poole,GSW,GSW vs. LAL,05/04/2023,W,16,6,3,6,50.0,0,2,0.0,0,0,-,1,3,4,3,0,0,1,5,8,14.3
Wenyen Gabriel,LAL,LAL @ GSW,05/04/2023,L,3,0,0,0,-,0,0,-,0,0,-,0,0,0,0,0,0,0,0,-8,0.0
Jarred Vanderbilt,LAL,LAL @ GSW,05/04/2023,L,20,6,2,7,28.6,1,2,50.0,1,2,50.0,4,2,6,1,0,0,1,0,-10,13.7
Troy Brown Jr.,LAL,LAL @ GSW,05/04/2023,L,8,0,0,1,0.0,0,1,0.0,0,0,-,0,0,0,3,0,0,0,0,-3,4.5
Shaquille Harrison,LAL,LAL @ GSW,05/04/2023,L,9,0,0,0,-,0,0,-,0,0,-,0,1,1,1,1,0,0,1,-1,5.7
Gary Payton II,GSW,GSW vs. LAL,05/04/2023,W,9,7,3,3,100,0,0,-,1,2,50.0,3,2,5,0,0,0,1,1,1,12.0
Kevon Looney,GSW,GSW vs. LAL,05/04/2023,W,12,6,3,6,50.0,0,0,-,0,0,-,3,5,8,0,0,0,0,0,11,15.6
D'Angelo Russell,LAL,LAL @ GSW,05/04/2023,L,28,10,5,12,41.7,0,3,0.0,0,0,-,1,0,1,8,1,0,0,1,-19,26.2
Dennis Schroder,LAL,LAL @ GSW,05/04/2023,L,19,4,0,3,0.0,0,1,0.0,4,4,100,1,2,3,2,2,0,1,3,-18,15.6
JaMychal Green,GSW,GSW vs. LAL,05/04/2023,W,13,15,6,9,66.7,3,6,50.0,0,0,-,0,1,1,2,0,0,1,3,5,18.2
Anthony Davis,LAL,LAL @ GSW,05/04/2023,L,33,11,5,11,45.5,0,0,-,1,1,100,1,6,7,4,1,3,4,3,-22,33.4
Klay Thompson,GSW,GSW vs. LAL,05/04/2023,W,31,30,11,18,61.1,8,11,72.7,0,0,-,0,3,3,1,0,0,1,2,28,34.1
Rui Hachimura,LAL,LAL @ GSW,05/04/2023,L,22,21,8,14,57.1,4,6,66.7,1,2,50.0,1,4,5,0,1,0,1,1,-17,29.0
James Harden,PHI,PHI @ BOS,05/03/2023,L,32,12,2,14,14.3,0,6,0.0,8,10,80.0,1,9,10,4,0,0,0,2,-21,30.0
P.J. Tucker,PHI,PHI @ BOS,05/03/2023,L,21,5,2,3,66.7,1,1,100,0,0,-,0,4,4,0,0,1,1,3,-19,11.8
Al Horford,BOS,BOS vs. PHI,05/03/2023,W,24,5,2,10,20.0,1,8,12.5,0,0,-,1,6,7,2,1,2,0,2,19,25.4
Tobias Harris,PHI,PHI @ BOS,05/03/2023,L,33,16,7,12,58.3,2,5,40.0,0,0,-,2,5,7,0,0,0,0,0,-21,24.4
Dewayne Dedmon,PHI,PHI @ BOS,05/03/2023,L,5,0,0,1,0.0,0,1,0.0,0,0,-,0,1,1,0,0,0,1,1,-4,0.2
Mike Muscala,BOS,BOS vs. PHI,05/03/2023,W,5,3,1,1,100,1,1,100,0,0,-,0,0,0,1,0,0,0,1,4,4.5
Joel Embiid,PHI,PHI @ BOS,05/03/2023,L,27,15,4,9,44.4,0,2,0.0,7,8,87.5,0,3,3,0,0,5,3,2,-23,30.6
Jaylen Brown,BOS,BOS vs. PHI,05/03/2023,W,30,25,9,17,52.9,3,6,50.0,4,4,100,0,3,3,4,2,0,1,1,18,39.6
Furkan Korkmaz,PHI,PHI @ BOS,05/03/2023,L,5,2,0,1,0.0,0,1,0.0,2,2,100,0,0,0,0,0,0,1,0,-4,1.0
Danuel House Jr.,PHI,PHI @ BOS,05/03/2023,L,8,3,1,5,20.0,0,3,0.0,1,1,100,0,1,1,0,0,0,0,0,-5,4.2
Jayson Tatum,BOS,BOS vs. PHI,05/03/2023,W,19,7,1,7,14.3,0,3,0.0,5,5,100,0,7,7,3,0,1,2,4,24,20.9
Derrick White,BOS,BOS vs. PHI,05/03/2023,W,30,15,5,9,55.6,3,6,50.0,2,2,100,1,0,1,1,0,0,0,1,23,17.7
Luke Kornet,BOS,BOS vs. PHI,05/03/2023,W,5,6,3,3,100,0,0,-,0,0,-,1,3,4,0,0,0,0,0,4,10.8
Shake Milton,PHI,PHI @ BOS,05/03/2023,L,9,4,2,2,100,0,0,-,0,0,-,0,1,1,2,1,0,0,0,-5,11.2
Justin Champagnie,BOS,BOS vs. PHI,05/03/2023,W,5,0,0,2,0.0,0,2,0.0,0,0,-,0,0,0,0,0,0,0,1,4,0.0
Marcus Smart,BOS,BOS vs. PHI,05/03/2023,W,27,15,7,14,50.0,1,4,25.0,0,0,-,1,4,5,2,0,1,1,0,17,26.0
Malcolm Brogdon,BOS,BOS vs. PHI,05/03/2023,W,24,23,7,15,46.7,6,10,60.0,3,4,75.0,0,6,6,2,0,1,0,2,11,36.2
Georges Niang,PHI,PHI @ BOS,05/03/2023,L,13,3,1,4,25.0,1,2,50.0,0,0,-,0,0,0,0,0,0,1,1,-11,2.0
De'Anthony Melton,PHI,PHI @ BOS,05/03/2023,L,18,2,1,5,20.0,0,2,0.0,0,0,-,0,2,2,2,1,0,1,1,-12,9.4
Robert Williams III,BOS,BOS vs. PHI,05/03/2023,W,22,2,1,1,100,0,0,-,0,0,-,3,4,7,4,0,3,0,1,12,25.4
Jalen McDaniels,PHI,PHI @ BOS,05/03/2023,L,13,3,1,4,25.0,1,3,33.3,0,0,-,0,1,1,0,0,0,0,1,-11,4.2
Grant Williams,BOS,BOS vs. PHI,05/03/2023,W,29,12,4,8,50.0,4,8,50.0,0,0,-,1,3,4,4,1,0,0,2,22,25.8
Tyrese Maxey,PHI,PHI @ BOS,05/03/2023,L,30,13,6,14,42.9,1,4,25.0,0,0,-,0,3,3,3,0,1,1,3,-25,23.1
Paul Reed,PHI,PHI @ BOS,05/03/2023,L,16,6,3,4,75.0,0,0,-,0,0,-,3,5,8,2,0,1,1,2,-7,20.6
Sam Hauser,BOS,BOS vs. PHI,05/03/2023,W,8,0,0,2,0.0,0,2,0.0,0,0,-,0,0,0,0,1,0,0,1,5,3.0
Payton Pritchard,BOS,BOS vs. PHI,05/03/2023,W,12,8,3,3,100,1,1,100,1,1,100,0,2,2,3,1,0,2,1,7,15.9
Jaden Springer,PHI,PHI @ BOS,05/03/2023,L,10,3,1,1,100,0,0,-,1,2,50.0,0,0,0,0,0,0,1,1,-2,2.0
Obi Toppin,NYK,NYK vs. MIA,05/02/2023,W,10,0,0,2,0.0,0,2,0.0,0,0,-,0,1,1,0,0,0,0,1,-8,1.2
Immanuel Quickley,NYK,NYK vs. MIA,05/02/2023,W,9,6,3,7,42.9,0,4,0.0,0,0,-,0,1,1,0,0,0,2,2,-6,5.2
Klay Thompson,GSW,GSW vs. LAL,05/02/2023,L,37,25,9,25,36.0,6,16,37.5,1,2,50.0,0,3,3,4,0,0,0,3,1,34.6
Draymond Green,GSW,GSW vs. LAL,05/02/2023,L,34,6,3,9,33.3,0,1,0.0,0,0,-,1,3,4,7,1,3,0,4,-8,33.3
JaMychal Green,GSW,GSW vs. LAL,05/02/2023,L,8,6,2,4,50.0,2,4,50.0,0,0,-,0,0,0,0,0,0,0,1,-5,6.0
Andrew Wiggins,GSW,GSW vs. LAL,05/02/2023,L,34,15,6,14,42.9,1,5,20.0,2,2,100,3,3,6,0,0,0,2,3,-2,20.2
D'Angelo Russell,LAL,LAL @ GSW,05/02/2023,W,33,19,9,19,47.4,1,5,20.0,0,1,0.0,0,3,3,6,1,1,1,1,1,36.6
Gary Payton II,GSW,GSW vs. LAL,05/02/2023,L,12,2,1,3,33.3,0,2,0.0,0,0,-,2,1,3,2,0,0,0,1,-6,8.6
Troy Brown Jr.,LAL,LAL @ GSW,05/02/2023,W,12,3,1,2,50.0,1,1,100,0,0,-,0,0,0,0,0,0,0,1,4,3.0
Donte DiVincenzo,GSW,GSW vs. LAL,05/02/2023,L,12,0,0,1,0.0,0,1,0.0,0,0,-,0,3,3,2,2,0,0,1,-7,12.6
Jarred Vanderbilt,LAL,LAL @ GSW,05/02/2023,W,26,8,2,7,28.6,1,3,33.3,3,4,75.0,3,3,6,2,2,2,1,4,8,29.2
Rui Hachimura,LAL,LAL @ GSW,05/02/2023,W,11,6,2,2,100,0,0,-,2,2,100,1,0,1,1,0,0,1,0,2,7.7
Wenyen Gabriel,LAL,LAL @ GSW,05/02/2023,W,4,0,0,0,-,0,0,-,0,0,-,1,1,2,0,0,0,0,0,4,2.4
Moses Moody,GSW,GSW vs. LAL,05/02/2023,L,6,0,0,0,-,0,0,-,0,0,-,1,0,1,1,0,0,0,0,-2,2.7
LeBron James,LAL,LAL @ GSW,05/02/2023,W,40,22,9,24,37.5,1,8,12.5,3,4,75.0,2,9,11,4,0,3,4,0,1,46.2
Stephen Curry,GSW,GSW vs. LAL,05/02/2023,L,38,27,10,24,41.7,6,13,46.2,1,1,100,0,6,6,3,1,0,5,3,-1,36.7
Anthony Davis,LAL,LAL @ GSW,05/02/2023,W,44,30,11,19,57.9,0,2,0.0,8,8,100,4,19,23,5,0,4,1,2,1,76.1
Dennis Schroder,LAL,LAL @ GSW,05/02/2023,W,31,19,5,10,50.0,0,1,0.0,9,10,90.0,0,2,2,3,1,0,0,2,1,28.9
Kevon Looney,GSW,GSW vs. LAL,05/02/2023,L,29,10,5,11,45.5,0,0,-,0,0,-,7,16,23,5,0,0,1,3,-2,44.1
Jordan Poole,GSW,GSW vs. LAL,05/02/2023,L,30,21,7,15,46.7,6,11,54.5,1,1,100,0,0,0,6,1,0,0,5,7,33.0
Austin Reaves,LAL,LAL @ GSW,05/02/2023,W,39,10,4,9,44.4,2,5,40.0,0,0,-,2,3,5,3,0,0,0,2,3,20.5
Kevin Love,MIA,MIA @ NYK,05/02/2023,L,24,8,2,9,22.2,2,8,25.0,2,4,50.0,2,4,6,1,0,0,2,1,-3,14.7
Julius Randle,NYK,NYK vs. MIA,05/02/2023,W,38,25,8,18,44.4,3,9,33.3,6,6,100,1,11,12,8,0,0,3,1,14,48.4
RJ Barrett,NYK,NYK vs. MIA,05/02/2023,W,38,24,8,17,47.1,5,9,55.6,3,5,60.0,1,2,3,3,0,0,3,1,-5,29.1
Bam Adebayo,MIA,MIA @ NYK,05/02/2023,L,38,15,5,10,50.0,0,0,-,5,7,71.4,2,6,8,6,0,1,1,5,-9,35.6
Josh Hart,NYK,NYK vs. MIA,05/02/2023,W,33,14,4,11,36.4,2,4,50.0,4,7,57.1,1,10,11,9,1,0,1,3,16,42.7
Jalen Brunson,NYK,NYK vs. MIA,05/02/2023,W,39,30,10,19,52.6,6,10,60.0,4,4,100,1,4,5,2,2,0,1,1,12,44.0
Mitchell Robinson,NYK,NYK vs. MIA,05/02/2023,W,21,6,2,3,66.7,0,0,-,2,6,33.3,3,2,5,0,0,0,0,4,4,12.0
Haywood Highsmith,MIA,MIA @ NYK,05/02/2023,L,15,5,2,3,66.7,1,2,50.0,0,1,0.0,2,1,3,2,0,0,1,2,-3,10.6
Max Strus,MIA,MIA @ NYK,05/02/2023,L,25,17,7,12,58.3,3,7,42.9,0,0,-,0,1,1,1,0,0,0,5,-5,19.7
Kyle Lowry,MIA,MIA @ NYK,05/02/2023,L,31,6,3,9,33.3,0,4,0.0,0,0,-,0,4,4,6,1,1,1,2,-7,24.8
Cody Zeller,MIA,MIA @ NYK,05/02/2023,L,7,2,1,1,100,0,0,-,0,0,-,0,1,1,0,0,0,1,2,4,2.2
Isaiah Hartenstein,NYK,NYK vs. MIA,05/02/2023,W,26,3,1,2,50.0,0,0,-,1,1,100,4,5,9,1,1,1,0,5,0,21.3
Caleb Martin,MIA,MIA @ NYK,05/02/2023,L,38,22,8,15,53.3,4,8,50.0,2,2,100,2,6,8,1,0,0,0,2,-14,33.1
Duncan Robinson,MIA,MIA @ NYK,05/02/2023,L,21,9,3,9,33.3,3,8,37.5,0,0,-,0,1,1,2,0,0,0,2,7,13.2
Gabe Vincent,MIA,MIA @ NYK,05/02/2023,L,41,21,7,17,41.2,4,12,33.3,3,3,100,0,2,2,5,0,0,0,3,0,30.9
Quentin Grimes,NYK,NYK vs. MIA,05/02/2023,W,26,3,1,3,33.3,0,2,0.0,1,1,100,0,3,3,0,0,1,0,2,3,9.6
Devin Booker,PHX,PHX @ DEN,05/01/2023,L,45,35,14,29,48.3,4,8,50.0,3,3,100,0,5,5,6,0,0,2,4,-7,48.0
James Harden,PHI,PHI @ BOS,05/01/2023,W,39,45,17,30,56.7,7,14,50.0,4,4,100,0,1,1,6,2,0,3,4,8,58.2
Georges Niang,PHI,PHI @ BOS,05/01/2023,W,13,3,1,3,33.3,1,3,33.3,0,0,-,0,1,1,1,0,0,1,0,2,4.7
Jalen McDaniels,PHI,PHI @ BOS,05/01/2023,W,11,0,0,2,0.0,0,1,0.0,0,0,-,1,0,1,0,0,0,0,0,-8,1.2
Grant Williams,BOS,BOS vs. PHI,05/01/2023,L,4,0,0,0,-,0,0,-,0,0,-,0,0,0,0,0,0,0,0,2,0.0
Paul Reed,PHI,PHI @ BOS,05/01/2023,W,37,10,3,4,75.0,0,0,-,4,4,100,4,9,13,2,1,1,0,4,8,34.6
Sam Hauser,BOS,BOS vs. PHI,05/01/2023,L,5,0,0,1,0.0,0,1,0.0,0,0,-,0,0,0,1,0,0,0,0,3,1.5
Al Horford,BOS,BOS vs. PHI,05/01/2023,L,30,11,5,8,62.5,1,4,25.0,0,0,-,3,3,6,3,0,3,2,0,-17,29.7
Marcus Smart,BOS,BOS vs. PHI,05/01/2023,L,35,12,4,7,57.1,0,2,0.0,4,4,100,1,2,3,7,0,0,6,3,-7,20.1
P.J. Tucker,PHI,PHI @ BOS,05/01/2023,W,37,0,0,0,-,0,0,-,0,0,-,2,3,5,1,2,0,1,4,6,12.5
Tobias Harris,PHI,PHI @ BOS,05/01/2023,W,42,18,8,16,50.0,2,5,40.0,0,0,-,0,5,5,3,1,1,0,1,0,34.5
Jaylen Brown,BOS,BOS vs. PHI,05/01/2023,L,42,23,8,10,80.0,3,4,75.0,4,4,100,1,5,6,4,1,0,4,1,-2,35.2
Christian Braun,DEN,DEN vs. PHX,05/01/2023,W,16,2,1,2,50.0,0,0,-,0,0,-,0,3,3,0,0,0,0,3,15,5.6
Jock Landale,PHX,PHX @ DEN,05/01/2023,L,5,0,0,0,-,0,0,-,0,0,-,1,0,1,0,1,0,0,0,-9,4.2
Torrey Craig,PHX,PHX @ DEN,05/01/2023,L,11,0,0,2,0.0,0,2,0.0,0,0,-,1,0,1,0,0,0,0,0,-10,1.2
Jamal Murray,DEN,DEN vs. PHX,05/01/2023,W,39,10,3,15,20.0,0,9,0.0,4,4,100,0,4,4,8,0,0,3,0,14,23.8
Cameron Payne,PHX,PHX @ DEN,05/01/2023,L,17,2,1,7,14.3,0,4,0.0,0,0,-,0,1,1,1,0,1,0,4,-16,7.7
Aaron Gordon,DEN,DEN vs. PHX,05/01/2023,W,39,16,5,8,62.5,1,3,33.3,5,6,83.3,0,1,1,1,2,1,2,2,11,25.7
Kentavious Caldwell-Pope,DEN,DEN vs. PHX,05/01/2023,W,41,14,5,6,83.3,4,4,100,0,0,-,2,3,5,2,1,0,1,2,1,25.0
Jeff Green,DEN,DEN vs. PHX,05/01/2023,W,16,2,1,3,33.3,0,2,0.0,0,0,-,0,4,4,1,0,2,1,3,7,13.3
Ish Wainright,PHX,PHX @ DEN,05/01/2023,L,2,0,0,0,-,0,0,-,0,0,-,0,0,0,0,0,0,0,1,-6,0.0
Deandre Ayton,PHX,PHX @ DEN,05/01/2023,L,33,14,7,10,70.0,0,0,-,0,0,-,4,4,8,4,0,1,4,5,0,28.6
Michael Porter Jr.,DEN,DEN vs. PHX,05/01/2023,W,23,5,2,7,28.6,0,2,0.0,1,1,100,0,4,4,1,0,1,0,0,-12,14.3
Josh Okogie,PHX,PHX @ DEN,05/01/2023,L,22,2,1,3,33.3,0,2,0.0,0,0,-,0,0,0,1,0,0,0,3,0,3.5
Bruce Brown,DEN,DEN vs. PHX,05/01/2023,W,25,9,2,5,40.0,0,1,0.0,5,6,83.3,0,4,4,1,0,1,0,4,12,18.3
Damion Lee,PHX,PHX @ DEN,05/01/2023,L,26,0,0,5,0.0,0,3,0.0,0,0,-,3,3,6,2,0,0,0,1,-5,10.2
Nikola Jokic,DEN,DEN vs. PHX,05/01/2023,W,41,39,17,30,56.7,2,6,33.3,3,4,75.0,3,13,16,5,2,1,3,2,2,71.7
Bismack Biyombo,PHX,PHX @ DEN,05/01/2023,L,10,2,1,2,50.0,0,0,-,0,0,-,0,4,4,0,0,0,1,3,-1,5.8
Kevin Durant,PHX,PHX @ DEN,05/01/2023,L,44,24,10,27,37.0,2,12,16.7,2,2,100,1,7,8,3,1,2,2,4,-4,45.1
Chris Paul,PHX,PHX @ DEN,05/01/2023,L,25,8,4,10,40.0,0,0,-,0,0,-,1,4,5,6,0,0,0,0,8,23.0
Tyrese Maxey,PHI,PHI @ BOS,05/01/2023,W,36,26,10,24,41.7,2,9,22.2,4,4,100,0,1,1,2,4,0,0,5,12,42.2
Robert Williams III,BOS,BOS vs. PHI,05/01/2023,L,20,6,3,3,100,0,0,-,0,0,-,0,7,7,0,0,0,0,1,8,14.4
De'Anthony Melton,PHI,PHI @ BOS,05/01/2023,W,25,17,6,10,60.0,5,6,83.3,0,0,-,1,0,1,2,0,2,1,2,-8,26.2
Derrick White,BOS,BOS vs. PHI,05/01/2023,L,27,4,1,5,20.0,0,4,0.0,2,2,100,0,2,2,3,1,0,2,2,-15,11.9
Jayson Tatum,BOS,BOS vs. PHI,05/01/2023,L,44,39,14,25,56.0,4,5,80.0,7,8,87.5,2,9,11,5,1,1,1,2,-6,64.7
Malcolm Brogdon,BOS,BOS vs. PHI,05/01/2023,L,34,20,9,16,56.3,2,6,33.3,0,0,-,1,2,3,3,0,0,1,1,14,27.1
Kevin Huerter,SAC,SAC vs. GSW,04/30/2023,L,28,7,2,9,22.2,1,6,16.7,2,2,100,1,8,9,0,1,2,0,3,-20,26.8
Gabe Vincent,MIA,MIA @ NYK,04/30/2023,W,33,20,6,16,37.5,5,12,41.7,3,3,100,1,1,2,5,1,0,1,3,11,31.9
Malik Monk,SAC,SAC vs. GSW,04/30/2023,L,31,14,4,14,28.6,2,8,25.0,4,5,80.0,2,7,9,4,0,0,1,2,-5,29.8
De'Aaron Fox,SAC,SAC vs. GSW,04/30/2023,L,37,16,5,19,26.3,3,10,30.0,3,4,75.0,2,1,3,6,0,1,5,5,-20,26.6
Mitchell Robinson,NYK,NYK vs. MIA,04/30/2023,L,34,7,3,3,100,0,0,-,1,4,25.0,5,9,14,0,0,2,2,3,-13,27.8
Isaiah Hartenstein,NYK,NYK vs. MIA,04/30/2023,L,14,2,1,1,100,0,0,-,0,0,-,2,0,2,1,1,1,0,1,6,11.9
Cody Zeller,MIA,MIA @ NYK,04/30/2023,W,8,1,0,0,-,0,0,-,1,2,50.0,0,1,1,0,1,0,0,0,9,5.2
Kevin Love,MIA,MIA @ NYK,04/30/2023,W,16,9,3,7,42.9,2,5,40.0,1,1,100,0,5,5,4,0,0,0,1,3,21.0
Haywood Highsmith,MIA,MIA @ NYK,04/30/2023,W,5,2,1,2,50.0,0,0,-,0,0,-,0,0,0,0,0,0,0,0,-1,2.0
Max Strus,MIA,MIA @ NYK,04/30/2023,W,23,8,3,6,50.0,2,5,40.0,0,0,-,1,1,2,3,1,0,0,2,1,17.9
Quentin Grimes,NYK,NYK vs. MIA,04/30/2023,L,10,4,1,3,33.3,1,3,33.3,1,2,50.0,0,0,0,0,1,0,0,2,1,7.0
Kyle Lowry,MIA,MIA @ NYK,04/30/2023,W,30,18,5,12,41.7,3,6,50.0,5,6,83.3,0,5,5,6,1,4,2,3,2,46.0
Jimmy Butler,MIA,MIA @ NYK,04/30/2023,W,43,25,8,16,50.0,0,1,0.0,9,11,81.8,4,7,11,4,2,0,2,3,9,48.2
Josh Hart,NYK,NYK vs. MIA,04/30/2023,L,43,10,5,12,41.7,0,4,0.0,0,0,-,2,6,8,4,0,1,1,5,-8,27.6
Caleb Martin,MIA,MIA @ NYK,04/30/2023,W,31,9,3,8,37.5,1,5,20.0,2,4,50.0,1,4,5,1,2,1,1,0,4,24.5
Duncan Robinson,MIA,MIA @ NYK,04/30/2023,W,13,0,0,5,0.0,0,5,0.0,0,0,-,0,0,0,1,0,0,0,1,-6,1.5
Obi Toppin,NYK,NYK vs. MIA,04/30/2023,L,31,18,7,15,46.7,4,11,36.4,0,0,-,0,8,8,0,1,0,0,3,0,30.6
Immanuel Quickley,NYK,NYK vs. MIA,04/30/2023,L,27,9,3,9,33.3,1,4,25.0,2,2,100,1,1,2,1,1,0,1,2,-4,14.9
Jalen Brunson,NYK,NYK vs. MIA,04/30/2023,L,40,25,11,23,47.8,0,7,0.0,3,4,75.0,1,4,5,7,1,0,5,2,-8,39.5
RJ Barrett,NYK,NYK vs. MIA,04/30/2023,L,40,26,10,20,50.0,1,5,20.0,5,8,62.5,1,8,9,7,1,0,4,3,-9,46.3
Bam Adebayo,MIA,MIA @ NYK,04/30/2023,W,37,16,7,13,53.8,0,0,-,2,2,100,3,5,8,2,0,0,2,1,3,26.6
Alex Len,SAC,SAC vs. GSW,04/30/2023,L,3,0,0,1,0.0,0,0,-,0,0,-,0,1,1,0,0,0,0,1,4,1.2
Trey Lyles,SAC,SAC vs. GSW,04/30/2023,L,21,6,2,5,40.0,1,4,25.0,1,2,50.0,1,6,7,0,0,0,0,1,-2,14.4
Gary Payton II,GSW,GSW @ SAC,04/30/2023,W,16,2,1,2,50.0,0,0,-,0,0,-,1,2,3,1,0,4,1,4,-13,18.1
PJ Dozier,SAC,SAC vs. GSW,04/30/2023,L,3,5,2,4,50.0,1,2,50.0,0,0,-,0,0,0,0,0,0,0,0,4,5.0
Donte DiVincenzo,GSW,GSW @ SAC,04/30/2023,W,8,3,1,1,100,1,1,100,0,0,-,1,1,2,1,0,0,0,0,-6,6.9
Chimezie Metu,SAC,SAC vs. GSW,04/30/2023,L,3,1,0,1,0.0,0,0,-,1,2,50.0,1,0,1,0,0,0,0,0,4,2.2
Terence Davis,SAC,SAC vs. GSW,04/30/2023,L,26,14,5,11,45.5,4,10,40.0,0,0,-,1,2,3,3,0,0,0,4,-6,22.1
Jordan Poole,GSW,GSW @ SAC,04/30/2023,W,19,8,3,9,33.3,2,6,33.3,0,0,-,0,3,3,2,0,1,1,2,-2,16.6
Jonathan Kuminga,GSW,GSW @ SAC,04/30/2023,W,3,0,0,0,-,0,0,-,0,0,-,0,0,0,0,0,0,0,0,-4,0.0
Moses Moody,GSW,GSW @ SAC,04/30/2023,W,15,5,2,3,66.7,1,2,50.0,0,0,-,0,0,0,0,0,1,1,1,-5,7.0
Kessler Edwards,SAC,SAC vs. GSW,04/30/2023,L,3,0,0,0,-,0,0,-,0,0,-,0,1,1,0,0,0,0,0,4,1.2
Davion Mitchell,SAC,SAC vs. GSW,04/30/2023,L,8,1,0,2,0.0,0,2,0.0,1,2,50.0,0,0,0,0,0,0,0,0,-4,1.0
Keegan Murray,SAC,SAC vs. GSW,04/30/2023,L,28,10,5,10,50.0,0,2,0.0,0,0,-,3,4,7,1,2,0,1,3,-17,24.9
Stephen Curry,GSW,GSW @ SAC,04/30/2023,W,38,50,20,38,52.6,7,18,38.9,3,5,60.0,1,7,8,6,1,0,1,2,25,70.6
Klay Thompson,GSW,GSW @ SAC,04/30/2023,W,35,16,4,19,21.1,2,10,20.0,6,8,75.0,0,5,5,1,0,0,2,2,30,21.5
Harrison Barnes,SAC,SAC vs. GSW,04/30/2023,L,14,4,1,4,25.0,0,2,0.0,2,4,50.0,0,0,0,0,0,0,0,0,-20,4.0
Draymond Green,GSW,GSW @ SAC,04/30/2023,W,38,8,3,7,42.9,1,4,25.0,1,2,50.0,1,5,6,8,2,0,0,4,25,33.2
Andrew Wiggins,GSW,GSW @ SAC,04/30/2023,W,37,17,5,16,31.3,1,5,20.0,6,10,60.0,4,3,7,2,1,0,1,4,25,30.4
Domantas Sabonis,SAC,SAC vs. GSW,04/30/2023,L,37,22,10,16,62.5,0,1,0.0,2,6,33.3,3,5,8,7,0,2,1,4,-22,47.1
Kevon Looney,GSW,GSW @ SAC,04/30/2023,W,31,11,4,5,80.0,0,0,-,3,5,60.0,10,11,21,4,0,0,0,4,25,42.2