,Assister,Scorer,PTS
0,Harrison Barnes,De'Aaron Fox,3
1,Kevin Huerter,Harrison Barnes,2
2,Domantas Sabonis,Kevin Huerter,3
3,KZ Okpala,De'Aaron Fox,3
4,Domantas Sabonis,De'Aaron Fox,2
5,Malik Monk,Harrison Barnes,2
6,Harrison Barnes,Malik Monk,3
7,Davion Mitchell,De'Aaron Fox,3
8,Davion Mitchell,Domantas Sabonis,2
9,Terence Davis,Kevin Huerter,3
10,De'Aaron Fox,Terence Davis,3
11,De'Aaron Fox,Davion Mitchell,2
12,Domantas Sabonis,De'Aaron Fox,3
13,De'Aaron Fox,Kevin Huerter,3
14,Harrison Barnes,Terence Davis,3
15,Harrison Barnes,Kevin Huerter,3
16,De'Aaron Fox,Kevin Huerter,3
17,Domantas Sabonis,De'Aaron Fox,2
18,De'Aaron Fox,Domantas Sabonis,2
19,Kevin Huerter,Domantas Sabonis,2
20,Davion Mitchell,Malik Monk,3
21,Davion Mitchell,Harrison Barnes,2
22,Malik Monk,Trey Lyles,3
23,Malik Monk,Trey Lyles,3
24,De'Aaron Fox,Richaun Holmes,2
25,Domantas Sabonis,De'Aaron Fox,3
26,De'Aaron Fox,Kevin Huerter,2
27,Domantas Sabonis,Kevin Huerter,3
28,KZ Okpala,De'Aaron Fox,3
29,Kevin Huerter,Domantas Sabonis,2
30,De'Aaron Fox,KZ Okpala,3
31,De'Aaron Fox,Keegan Murray,3
32,Davion Mitchell,Keegan Murray,3
33,Terence Davis,Domantas Sabonis,2
34,Terence Davis,Davion Mitchell,2
35,Domantas Sabonis,Terence Davis,3
36,De'Aaron Fox,Terence Davis,3
37,Kevin Huerter,De'Aaron Fox,2
38,Kevin Huerter,De'Aaron Fox,3
39,Kevin Huerter,Keegan Murray,2
40,Keegan Murray,Kevin Huerter,3
41,Domantas Sabonis,De'Aaron Fox,2
42,Domantas Sabonis,Kevin Huerter,3
43,Kevin Huerter,Domantas Sabonis,2
44,Domantas Sabonis,Keegan Murray,2
45,Keegan Murray,Harrison Barnes,2
46,Malik Monk,Keegan Murray,2
47,Domantas Sabonis,Keegan Murray,3
48,Davion Mitchell,Terence Davis,2
49,De'Aaron Fox,Keegan Murray,2
50,Domantas Sabonis,Kevin Huerter,3
51,De'Aaron Fox,Domantas Sabonis,2
52,De'Aaron Fox,Keegan Murray,3
53,Domantas Sabonis,De'Aaron Fox,2
54,Kevin Huerter,Malik Monk,2
55,De'Aaron Fox,Malik Monk,3
56,Davion Mitchell,Richaun Holmes,2
57,Davion Mitchell,Keegan Murray,2
58,Malik Monk,Harrison Barnes,2
59,Malik Monk,Davion Mitchell,3
60,De'Aaron Fox,Keegan Murray,3
61,De'Aaron Fox,Richaun Holmes,2
62,De'Aaron Fox,Keegan Murray,3
63,Domantas Sabonis,Malik Monk,2
64,Malik Monk,Domantas Sabonis,2
65,Domantas Sabonis,De'Aaron Fox,2
66,Domantas Sabonis,De'Aaron Fox,3
67,De'Aaron Fox,Domantas Sabonis,2
68,Malik Monk,Terence Davis,2
69,Malik Monk,Richaun Holmes,2
70,De'Aaron Fox,Richaun Holmes,2
71,Trey Lyles,Malik Monk,3
72,Malik Monk,Trey Lyles,2
73,Chimezie Metu,Richaun Holmes,2
74,Davion Mitchell,Terence Davis,2
75,Kevin Huerter,Davion Mitchell,2
76,Kevin Huerter,Terence Davis,2
77,Kevin Huerter,Malik Monk,3
78,De'Aaron Fox,Kevin Huerter,3
79,De'Aaron Fox,Kevin Huerter,2
80,Malik Monk,Chimezie Metu,2
81,Malik Monk,Keegan Murray,3
82,Harrison Barnes,Domantas Sabonis,2
83,Domantas Sabonis,Keegan Murray,2
84,Domantas Sabonis,Harrison Barnes,3
85,Domantas Sabonis,Kevin Huerter,3
86,Domantas Sabonis,Kevin Huerter,2
87,Harrison Barnes,De'Aaron Fox,2
88,Kevin Huerter,Domantas Sabonis,2
89,Malik Monk,Keegan Murray,2
90,Davion Mitchell,Malik Monk,3
91,Domantas Sabonis,Keegan Murray,3
92,Malik Monk,Keegan Murray,3
93,Domantas Sabonis,Kevin Huerter,2
94,Chima Moneke,De'Aaron Fox,2
95,Harrison Barnes,De'Aaron Fox,3
96,Kevin Huerter,Harrison Barnes,2
97,Domantas Sabonis,Keegan Murray,2
98,Chimezie Metu,Malik Monk,2
99,Chimezie Metu,Malik Monk,3
100,Domantas Sabonis,Chimezie Metu,2
101,Domantas Sabonis,Malik Monk,3
102,De'Aaron Fox,Malik Monk,2
103,Malik Monk,De'Aaron Fox,2
104,Malik Monk,Harrison Barnes,2
105,De'Aaron Fox,Keegan Murray,3
106,Terence Davis,Davion Mitchell,3
107,Malik Monk,Domantas Sabonis,2
108,Malik Monk,Harrison Barnes,2
109,Malik Monk,De'Aaron Fox,3
110,Domantas Sabonis,Kevin Huerter,3
111,Kevin Huerter,Domantas Sabonis,2
112,Domantas Sabonis,Kevin Huerter,3
113,Harrison Barnes,Keegan Murray,2
114,Kevin Huerter,Domantas Sabonis,2
115,De'Aaron Fox,Malik Monk,2
116,De'Aaron Fox,Trey Lyles,3
117,Malik Monk,Domantas Sabonis,2
118,Keegan Murray,Domantas Sabonis,2
119,Davion Mitchell,Keegan Murray,3
120,Kevin Huerter,Domantas Sabonis,2
121,Keegan Murray,De'Aaron Fox,2
122,Kevin Huerter,Keegan Murray,2
123,Harrison Barnes,Domantas Sabonis,2
124,De'Aaron Fox,Kevin Huerter,3
125,Harrison Barnes,Domantas Sabonis,2
126,Keegan Murray,Harrison Barnes,3
127,Kevin Huerter,Keegan Murray,2
128,Harrison Barnes,Richaun Holmes,2
129,Malik Monk,Keegan Murray,2
130,Kevin Huerter,Malik Monk,3
131,De'Aaron Fox,Trey Lyles,3
132,Domantas Sabonis,Kevin Huerter,3
133,Harrison Barnes,Keegan Murray,3
134,Kevin Huerter,Harrison Barnes,2
135,Harrison Barnes,Richaun Holmes,2
136,De'Aaron Fox,Kevin Huerter,2
137,De'Aaron Fox,Keegan Murray,2
138,Kevin Huerter,De'Aaron Fox,3
139,Domantas Sabonis,Davion Mitchell,3
140,Trey Lyles,Davion Mitchell,2
141,Harrison Barnes,Davion Mitchell,3
142,Trey Lyles,Malik Monk,3
143,Malik Monk,Richaun Holmes,2
144,Terence Davis,Malik Monk,3
145,Kevin Huerter,Davion Mitchell,3
146,Keegan Murray,Kevin Huerter,3
147,Domantas Sabonis,Davion Mitchell,2
148,Kevin Huerter,Keegan Murray,3
149,Kevin Huerter,Domantas Sabonis,2
150,Harrison Barnes,Kevin Huerter,3
151,Domantas Sabonis,Davion Mitchell,3
152,Domantas Sabonis,Keegan Murray,2
153,Matthew Dellavedova,Kevin Huerter,3
154,Keegan Murray,Matthew Dellavedova,3
155,Matthew Dellavedova,Kevin Huerter,2
156,Matthew Dellavedova,Kevin Huerter,2
157,Trey Lyles,Harrison Barnes,2
158,Domantas Sabonis,Trey Lyles,3
159,Malik Monk,Domantas Sabonis,2
160,Domantas Sabonis,Kevin Huerter,3
161,Domantas Sabonis,Kevin Huerter,3
162,Kevin Huerter,Keegan Murray,3
163,Harrison Barnes,Davion Mitchell,2
164,Davion Mitchell,Kevin Huerter,3
165,Domantas Sabonis,Kevin Huerter,2
166,Davion Mitchell,Harrison Barnes,3
167,Kevin Huerter,Harrison Barnes,2
168,Malik Monk,Domantas Sabonis,2
169,Malik Monk,Domantas Sabonis,2
170,Trey Lyles,Malik Monk,2
171,Malik Monk,Trey Lyles,3
172,Matthew Dellavedova,Keegan Murray,2
173,Kevin Huerter,Malik Monk,2
174,Malik Monk,Matthew Dellavedova,3
175,Domantas Sabonis,Kevin Huerter,2
176,Domantas Sabonis,Kevin Huerter,3
177,Keegan Murray,Kevin Huerter,3
178,Davion Mitchell,Harrison Barnes,3
179,Keegan Murray,Domantas Sabonis,2
180,Davion Mitchell,Keegan Murray,3
181,Domantas Sabonis,Kevin Huerter,2
182,Keegan Murray,Davion Mitchell,3
183,Domantas Sabonis,Malik Monk,2
184,Malik Monk,Domantas Sabonis,3
185,Malik Monk,Richaun Holmes,2
186,Terence Davis,Kevin Huerter,2
187,Terence Davis,Domantas Sabonis,2
188,Domantas Sabonis,Harrison Barnes,2
189,Domantas Sabonis,Kevin Huerter,2
190,Domantas Sabonis,Malik Monk,2
191,Malik Monk,Kevin Huerter,3
192,Domantas Sabonis,De'Aaron Fox,2
193,Malik Monk,Trey Lyles,3
194,Davion Mitchell,Domantas Sabonis,2
195,Malik Monk,Keegan Murray,3
196,Terence Davis,Richaun Holmes,2
197,De'Aaron Fox,Malik Monk,3
198,De'Aaron Fox,Terence Davis,2
199,Terence Davis,Domantas Sabonis,2
200,Domantas Sabonis,Kevin Huerter,3
201,Domantas Sabonis,Kevin Huerter,3
202,Kevin Huerter,Domantas Sabonis,2
203,Kevin Huerter,Domantas Sabonis,2
204,Domantas Sabonis,Kevin Huerter,3
205,Malik Monk,De'Aaron Fox,2
206,Terence Davis,Chimezie Metu,2
207,Malik Monk,Trey Lyles,3
208,Trey Lyles,Terence Davis,3
209,Malik Monk,Trey Lyles,3
210,Domantas Sabonis,Trey Lyles,3
211,Chimezie Metu,Malik Monk,2
212,Harrison Barnes,Chimezie Metu,2
213,Domantas Sabonis,De'Aaron Fox,2
214,De'Aaron Fox,Harrison Barnes,3
215,Trey Lyles,Malik Monk,3
216,De'Aaron Fox,Domantas Sabonis,2
217,Domantas Sabonis,De'Aaron Fox,3
218,Kevin Huerter,Domantas Sabonis,2
219,Keegan Murray,Davion Mitchell,3
220,Chimezie Metu,Trey Lyles,2
221,De'Aaron Fox,Malik Monk,3
222,Malik Monk,De'Aaron Fox,3
223,De'Aaron Fox,Malik Monk,3
224,Chimezie Metu,Keegan Murray,3
225,Domantas Sabonis,De'Aaron Fox,2
226,Davion Mitchell,Kevin Huerter,3
227,Domantas Sabonis,Terence Davis,3
228,De'Aaron Fox,Domantas Sabonis,2
229,Malik Monk,Domantas Sabonis,2
230,Domantas Sabonis,Kevin Huerter,3
231,Domantas Sabonis,Keegan Murray,2
232,De'Aaron Fox,Domantas Sabonis,2
233,Malik Monk,Kevin Huerter,2
234,Domantas Sabonis,Terence Davis,3
235,Malik Monk,Chimezie Metu,2
236,Keegan Murray,Terence Davis,3
237,Chimezie Metu,Davion Mitchell,3
238,De'Aaron Fox,Kevin Huerter,3
239,Terence Davis,Malik Monk,2
240,Domantas Sabonis,Keegan Murray,2
241,Harrison Barnes,Domantas Sabonis,2
242,Kevin Huerter,Harrison Barnes,3
243,Domantas Sabonis,Harrison Barnes,2
244,Harrison Barnes,Kevin Huerter,3
245,Harrison Barnes,Davion Mitchell,3
246,Davion Mitchell,Chimezie Metu,2
247,Davion Mitchell,Malik Monk,3
248,Trey Lyles,Chimezie Metu,2
249,Malik Monk,De'Aaron Fox,2
250,De'Aaron Fox,Trey Lyles,3
251,Chimezie Metu,Trey Lyles,3
252,Keegan Murray,Malik Monk,3
253,Domantas Sabonis,De'Aaron Fox,3
254,De'Aaron Fox,Keegan Murray,3
255,De'Aaron Fox,Harrison Barnes,2
256,De'Aaron Fox,Keegan Murray,3
257,De'Aaron Fox,Domantas Sabonis,2
258,De'Aaron Fox,Harrison Barnes,3
259,Domantas Sabonis,Trey Lyles,2
260,Davion Mitchell,Trey Lyles,3
261,Malik Monk,Keegan Murray,3
262,De'Aaron Fox,Trey Lyles,3
263,De'Aaron Fox,Chimezie Metu,2
264,Domantas Sabonis,Malik Monk,2
265,Domantas Sabonis,Harrison Barnes,2
266,Kevin Huerter,Malik Monk,3
267,Malik Monk,Domantas Sabonis,2
268,Malik Monk,Domantas Sabonis,2
269,Malik Monk,Kevin Huerter,3
270,Kevin Huerter,Harrison Barnes,3
271,De'Aaron Fox,Domantas Sabonis,2
272,De'Aaron Fox,Domantas Sabonis,2
273,De'Aaron Fox,Harrison Barnes,2
274,Harrison Barnes,Domantas Sabonis,2
275,Domantas Sabonis,Davion Mitchell,3
276,Trey Lyles,Domantas Sabonis,2
277,Terence Davis,Malik Monk,2
278,De'Aaron Fox,Chimezie Metu,3
279,Domantas Sabonis,Davion Mitchell,3
280,Kevin Huerter,Domantas Sabonis,2
281,Domantas Sabonis,Kevin Huerter,3
282,De'Aaron Fox,Kevin Huerter,3
283,Harrison Barnes,De'Aaron Fox,3
284,De'Aaron Fox,Domantas Sabonis,2
285,Domantas Sabonis,Kevin Huerter,3
286,De'Aaron Fox,Kevin Huerter,3
287,Malik Monk,Chimezie Metu,2
288,Malik Monk,De'Aaron Fox,3
289,De'Aaron Fox,Terence Davis,3
290,De'Aaron Fox,Malik Monk,2
291,De'Aaron Fox,Keegan Murray,2
292,Malik Monk,Chimezie Metu,2
293,De'Aaron Fox,Terence Davis,3
294,De'Aaron Fox,Terence Davis,2
295,Domantas Sabonis,Terence Davis,2
296,Domantas Sabonis,Kevin Huerter,2
297,Kevin Huerter,Domantas Sabonis,2
298,Domantas Sabonis,Keegan Murray,3
299,Domantas Sabonis,De'Aaron Fox,3
300,Domantas Sabonis,Keegan Murray,3
301,Domantas Sabonis,Kevin Huerter,2
302,Harrison Barnes,Kevin Huerter,3
303,Malik Monk,Chimezie Metu,2
304,De'Aaron Fox,Keegan Murray,3
305,Trey Lyles,De'Aaron Fox,2
306,De'Aaron Fox,Chimezie Metu,2
307,Malik Monk,Terence Davis,3
308,Kevin Huerter,Malik Monk,3
309,Malik Monk,Domantas Sabonis,2
310,Domantas Sabonis,Harrison Barnes,2
311,Harrison Barnes,Domantas Sabonis,3
312,De'Aaron Fox,Kevin Huerter,3
313,Domantas Sabonis,Keegan Murray,2
314,De'Aaron Fox,Harrison Barnes,3
315,De'Aaron Fox,Kevin Huerter,2
316,Harrison Barnes,Keegan Murray,2
317,De'Aaron Fox,Domantas Sabonis,2
318,Kevin Huerter,Harrison Barnes,2
319,Kevin Huerter,Domantas Sabonis,2
320,Domantas Sabonis,Kevin Huerter,3
321,Davion Mitchell,Domantas Sabonis,3
322,De'Aaron Fox,Keegan Murray,3
323,Terence Davis,Chimezie Metu,2
324,De'Aaron Fox,Keegan Murray,3
325,Malik Monk,Chimezie Metu,2
326,Terence Davis,De'Aaron Fox,2
327,Domantas Sabonis,De'Aaron Fox,3
328,De'Aaron Fox,Kevin Huerter,3
329,Domantas Sabonis,Keegan Murray,2
330,De'Aaron Fox,Keegan Murray,2
331,Domantas Sabonis,Harrison Barnes,3
332,Harrison Barnes,Kevin Huerter,3
333,De'Aaron Fox,Malik Monk,2
334,Malik Monk,Chimezie Metu,2
335,Malik Monk,Terence Davis,3
336,Malik Monk,Davion Mitchell,2
337,Domantas Sabonis,Terence Davis,3
338,Kevin Huerter,Harrison Barnes,2
339,Terence Davis,Harrison Barnes,2
340,Terence Davis,Kevin Huerter,3
341,Davion Mitchell,Kevin Huerter,3
342,De'Aaron Fox,Domantas Sabonis,2
343,De'Aaron Fox,Terence Davis,3
344,Domantas Sabonis,Harrison Barnes,3
345,De'Aaron Fox,Terence Davis,2
346,De'Aaron Fox,Terence Davis,3
347,Harrison Barnes,De'Aaron Fox,2
348,Terence Davis,Domantas Sabonis,2
349,De'Aaron Fox,Domantas Sabonis,2
350,Domantas Sabonis,Kevin Huerter,2
351,Harrison Barnes,Terence Davis,3
352,Kevin Huerter,Trey Lyles,3
353,Domantas Sabonis,Trey Lyles,3
354,Domantas Sabonis,Kevin Huerter,3
355,Kevin Huerter,Trey Lyles,3
356,De'Aaron Fox,Terence Davis,2
357,Davion Mitchell,Terence Davis,2
358,Davion Mitchell,Malik Monk,3
359,Malik Monk,Terence Davis,3
360,Malik Monk,Trey Lyles,2
361,Malik Monk,Richaun Holmes,2
362,Matthew Dellavedova,Malik Monk,2
363,Matthew Dellavedova,Malik Monk,2
364,Matthew Dellavedova,KZ Okpala,2
365,Matthew Dellavedova,Alex Len,2
366,Terence Davis,Richaun Holmes,3
367,Terence Davis,De'Aaron Fox,3
368,Kevin Huerter,Harrison Barnes,3
369,Kevin Huerter,Terence Davis,3
370,Terence Davis,Kevin Huerter,3
371,Kevin Huerter,Domantas Sabonis,2
372,De'Aaron Fox,Trey Lyles,3
373,De'Aaron Fox,Trey Lyles,2
374,Terence Davis,Chimezie Metu,2
375,Davion Mitchell,Chimezie Metu,2
376,Davion Mitchell,Harrison Barnes,2
377,Kevin Huerter,Malik Monk,3
378,De'Aaron Fox,Malik Monk,3
379,Kevin Huerter,De'Aaron Fox,2
380,Harrison Barnes,Malik Monk,2
381,Malik Monk,Davion Mitchell,2
382,De'Aaron Fox,Malik Monk,3
383,Davion Mitchell,Malik Monk,3
384,De'Aaron Fox,Trey Lyles,2
385,De'Aaron Fox,Chimezie Metu,2
386,De'Aaron Fox,Malik Monk,2
387,Chimezie Metu,Trey Lyles,2
388,Kevin Huerter,Chimezie Metu,3
389,Malik Monk,Domantas Sabonis,2
390,Domantas Sabonis,Harrison Barnes,2
391,Davion Mitchell,Domantas Sabonis,3
392,De'Aaron Fox,Domantas Sabonis,2
393,Harrison Barnes,Kevin Huerter,2
394,KZ Okpala,Chima Moneke,2
395,Domantas Sabonis,Keegan Murray,3
396,Domantas Sabonis,Kevin Huerter,2
397,Harrison Barnes,Domantas Sabonis,2
398,Kevin Huerter,Harrison Barnes,2
399,Domantas Sabonis,Trey Lyles,3
400,De'Aaron Fox,Harrison Barnes,2
401,De'Aaron Fox,Malik Monk,2
402,Malik Monk,Chimezie Metu,2
403,Malik Monk,De'Aaron Fox,3
404,Malik Monk,De'Aaron Fox,2
405,Harrison Barnes,Kevin Huerter,3
406,Domantas Sabonis,De'Aaron Fox,2
407,De'Aaron Fox,Chimezie Metu,2
408,Kevin Huerter,De'Aaron Fox,2
409,Harrison Barnes,Keegan Murray,2
410,De'Aaron Fox,Domantas Sabonis,3
411,De'Aaron Fox,Keegan Murray,2
412,Davion Mitchell,Kevin Huerter,2
413,Davion Mitchell,Harrison Barnes,3
414,Davion Mitchell,Malik Monk,2
415,De'Aaron Fox,Terence Davis,3
416,Kevin Huerter,De'Aaron Fox,3
417,Domantas Sabonis,Kevin Huerter,3
418,Kevin Huerter,Keegan Murray,2
419,De'Aaron Fox,Kevin Huerter,2
420,Domantas Sabonis,Kevin Huerter,3
421,Kevin Huerter,Harrison Barnes,2
422,Keegan Murray,Kevin Huerter,2
423,Domantas Sabonis,Kevin Huerter,3
424,Keegan Murray,Harrison Barnes,3
425,Domantas Sabonis,Kevin Huerter,3
426,Domantas Sabonis,Harrison Barnes,2
427,Davion Mitchell,Harrison Barnes,3
428,Davion Mitchell,Malik Monk,3
429,Terence Davis,Domantas Sabonis,2
430,Davion Mitchell,Chimezie Metu,2
431,Malik Monk,Chimezie Metu,2
432,De'Aaron Fox,Chimezie Metu,2
433,De'Aaron Fox,Keegan Murray,2
434,De'Aaron Fox,Chimezie Metu,2
435,Kevin Huerter,Harrison Barnes,2
436,Malik Monk,Kevin Huerter,3
437,Domantas Sabonis,Malik Monk,3
438,Malik Monk,Domantas Sabonis,2
439,Domantas Sabonis,Kevin Huerter,3
440,Keegan Murray,Kevin Huerter,2
441,Domantas Sabonis,De'Aaron Fox,3
442,Domantas Sabonis,De'Aaron Fox,2
443,Domantas Sabonis,De'Aaron Fox,2
444,Domantas Sabonis,Kevin Huerter,3
445,Terence Davis,Malik Monk,2
446,De'Aaron Fox,Davion Mitchell,2
447,De'Aaron Fox,Chimezie Metu,2
448,Davion Mitchell,Malik Monk,2
449,Malik Monk,Harrison Barnes,3
450,De'Aaron Fox,Harrison Barnes,3
451,Kevin Huerter,Harrison Barnes,2
452,Domantas Sabonis,Kevin Huerter,3
453,Davion Mitchell,Trey Lyles,2
454,Davion Mitchell,Trey Lyles,2
455,Domantas Sabonis,Malik Monk,2
456,Malik Monk,Trey Lyles,3
457,De'Aaron Fox,Malik Monk,3
458,Trey Lyles,Malik Monk,2
459,De'Aaron Fox,Chimezie Metu,3
460,Malik Monk,Chimezie Metu,2
461,Domantas Sabonis,Malik Monk,2
462,De'Aaron Fox,Kevin Huerter,3
463,Kevin Huerter,Harrison Barnes,2
464,De'Aaron Fox,Domantas Sabonis,2
465,Harrison Barnes,Domantas Sabonis,2
466,Domantas Sabonis,Harrison Barnes,2
467,De'Aaron Fox,Kevin Huerter,3
468,Kevin Huerter,Domantas Sabonis,2
469,Kevin Huerter,Domantas Sabonis,2
470,Malik Monk,Davion Mitchell,2
471,Domantas Sabonis,Malik Monk,3
472,Trey Lyles,Malik Monk,2
473,Chimezie Metu,Davion Mitchell,2
474,Domantas Sabonis,Harrison Barnes,2
475,Domantas Sabonis,Malik Monk,2
476,Malik Monk,De'Aaron Fox,3
477,Kevin Huerter,Malik Monk,3
478,De'Aaron Fox,Harrison Barnes,2
479,Kevin Huerter,Domantas Sabonis,2
480,Domantas Sabonis,Malik Monk,2
481,Domantas Sabonis,Malik Monk,3
482,Malik Monk,De'Aaron Fox,3
483,Malik Monk,KZ Okpala,2
484,Terence Davis,Chimezie Metu,2
485,De'Aaron Fox,Malik Monk,2
486,Davion Mitchell,KZ Okpala,3
487,Domantas Sabonis,Davion Mitchell,2
488,Domantas Sabonis,KZ Okpala,2
489,KZ Okpala,Davion Mitchell,2
490,Kevin Huerter,Domantas Sabonis,2
491,Harrison Barnes,Davion Mitchell,2
492,Domantas Sabonis,Harrison Barnes,2
493,Malik Monk,Kevin Huerter,2
494,Domantas Sabonis,Kevin Huerter,2
495,Kevin Huerter,Domantas Sabonis,2
496,Matthew Dellavedova,Terence Davis,3
497,Matthew Dellavedova,Trey Lyles,3
498,Harrison Barnes,Domantas Sabonis,3
499,De'Aaron Fox,Kevin Huerter,2
500,Domantas Sabonis,Kevin Huerter,2
501,Kevin Huerter,Domantas Sabonis,2
502,De'Aaron Fox,Kevin Huerter,2
503,Domantas Sabonis,Keegan Murray,2
504,Davion Mitchell,KZ Okpala,2
505,Domantas Sabonis,Malik Monk,2
506,De'Aaron Fox,Keegan Murray,2
507,Terence Davis,Malik Monk,2
508,De'Aaron Fox,Terence Davis,3
509,Malik Monk,Keegan Murray,2
510,Malik Monk,Chimezie Metu,2
511,Domantas Sabonis,Malik Monk,2
512,Malik Monk,Davion Mitchell,2
513,Domantas Sabonis,Terence Davis,2
514,Davion Mitchell,Domantas Sabonis,2
515,Domantas Sabonis,Malik Monk,2
516,Malik Monk,Domantas Sabonis,2
517,Kevin Huerter,Malik Monk,2
518,Domantas Sabonis,Malik Monk,3
519,Malik Monk,Domantas Sabonis,2
520,Harrison Barnes,Davion Mitchell,3
521,Domantas Sabonis,Harrison Barnes,2
522,Domantas Sabonis,Kevin Huerter,2
523,Malik Monk,Terence Davis,3
524,Malik Monk,Terence Davis,3
525,De'Aaron Fox,Keegan Murray,3
526,Keegan Murray,De'Aaron Fox,3
527,Kevin Huerter,Domantas Sabonis,2
528,Malik Monk,Kevin Huerter,2
529,Domantas Sabonis,Malik Monk,3
530,Domantas Sabonis,Harrison Barnes,3
531,Domantas Sabonis,Keegan Murray,2
532,De'Aaron Fox,Domantas Sabonis,3
533,De'Aaron Fox,Domantas Sabonis,2
534,Domantas Sabonis,Davion Mitchell,3
535,Domantas Sabonis,Harrison Barnes,2
536,Malik Monk,Kevin Huerter,3
537,KZ Okpala,Malik Monk,3
538,Davion Mitchell,Malik Monk,2
539,De'Aaron Fox,Chimezie Metu,2
540,Malik Monk,Keegan Murray,3
541,Chimezie Metu,Terence Davis,3
542,Domantas Sabonis,Kevin Huerter,3
543,Harrison Barnes,Domantas Sabonis,2
544,Domantas Sabonis,Kevin Huerter,2
545,De'Aaron Fox,Harrison Barnes,2
546,De'Aaron Fox,Keegan Murray,3
547,Domantas Sabonis,Keegan Murray,2
548,Harrison Barnes,Domantas Sabonis,2
549,Malik Monk,Terence Davis,3
550,Terence Davis,Kevin Huerter,2
551,De'Aaron Fox,Malik Monk,3
552,Malik Monk,Chimezie Metu,2
553,Terence Davis,Chimezie Metu,2
554,Malik Monk,Harrison Barnes,2
555,Davion Mitchell,Terence Davis,2
556,Malik Monk,Terence Davis,2
557,Alex Len,KZ Okpala,3
558,Harrison Barnes,Domantas Sabonis,2
559,Keegan Murray,Domantas Sabonis,3
560,Domantas Sabonis,Kevin Huerter,2
561,Kevin Huerter,Domantas Sabonis,3
562,Domantas Sabonis,Keegan Murray,2
563,Kevin Huerter,Keegan Murray,2
564,Domantas Sabonis,Harrison Barnes,2
565,Domantas Sabonis,Kevin Huerter,2
566,Domantas Sabonis,Malik Monk,2
567,Davion Mitchell,Malik Monk,3
568,Davion Mitchell,Malik Monk,3
569,Terence Davis,Chimezie Metu,2
570,Terence Davis,KZ Okpala,2
571,Terence Davis,Chimezie Metu,2
572,Davion Mitchell,Malik Monk,2
573,KZ Okpala,Domantas Sabonis,2
574,Kevin Huerter,De'Aaron Fox,3
575,Chimezie Metu,Keegan Murray,2
576,De'Aaron Fox,Domantas Sabonis,2
577,Kevin Huerter,Domantas Sabonis,2
578,De'Aaron Fox,Harrison Barnes,3
579,Harrison Barnes,Davion Mitchell,2
580,Davion Mitchell,Harrison Barnes,2
581,Malik Monk,Kevin Huerter,2
582,Malik Monk,Chimezie Metu,2
583,Chimezie Metu,Malik Monk,3
584,Domantas Sabonis,Keegan Murray,2
585,De'Aaron Fox,Kevin Huerter,3
586,De'Aaron Fox,Keegan Murray,3
587,Matthew Dellavedova,Alex Len,2
588,Trey Lyles,Keegan Murray,3
589,Kevin Huerter,Domantas Sabonis,3
590,De'Aaron Fox,Harrison Barnes,3
591,Domantas Sabonis,Keegan Murray,2
592,Davion Mitchell,Harrison Barnes,2
593,Kevin Huerter,Harrison Barnes,2
594,De'Aaron Fox,Chimezie Metu,2
595,Malik Monk,Chimezie Metu,2
596,De'Aaron Fox,Keegan Murray,3
597,Malik Monk,Chimezie Metu,2
598,Malik Monk,De'Aaron Fox,3
599,KZ Okpala,Malik Monk,2
600,Malik Monk,Chimezie Metu,2
601,Domantas Sabonis,Malik Monk,2
602,Domantas Sabonis,Keegan Murray,3
603,Davion Mitchell,Malik Monk,3
604,Malik Monk,Davion Mitchell,2
605,Domantas Sabonis,Harrison Barnes,3
606,Domantas Sabonis,Kevin Huerter,3
607,Domantas Sabonis,Kevin Huerter,2
608,Domantas Sabonis,Harrison Barnes,3
609,Domantas Sabonis,Kevin Huerter,2
610,KZ Okpala,Davion Mitchell,2
611,Davion Mitchell,Malik Monk,2
612,De'Aaron Fox,Keegan Murray,3
613,Chimezie Metu,Harrison Barnes,2
614,Davion Mitchell,Chimezie Metu,2
615,Domantas Sabonis,Malik Monk,2
616,Davion Mitchell,Malik Monk,3
617,Kevin Huerter,Domantas Sabonis,2
618,Domantas Sabonis,De'Aaron Fox,3
619,Kevin Huerter,Harrison Barnes,3
620,Harrison Barnes,Keegan Murray,3
621,Keegan Murray,Harrison Barnes,3
622,Domantas Sabonis,Harrison Barnes,2
623,Davion Mitchell,Domantas Sabonis,2
624,De'Aaron Fox,Chimezie Metu,3
625,De'Aaron Fox,Kevin Huerter,3
626,Harrison Barnes,Domantas Sabonis,3
627,Kevin Huerter,Harrison Barnes,2
628,Domantas Sabonis,Kevin Huerter,3
629,Domantas Sabonis,Keegan Murray,3
630,Domantas Sabonis,Keegan Murray,2
631,Domantas Sabonis,Kevin Huerter,3
632,Kevin Huerter,Domantas Sabonis,2
633,Chimezie Metu,Keegan Murray,3
634,Malik Monk,Harrison Barnes,2
635,Domantas Sabonis,Keegan Murray,2
636,Alex Len,Richaun Holmes,2
637,Davion Mitchell,Harrison Barnes,3
638,Davion Mitchell,Keegan Murray,3
639,Kevin Huerter,Harrison Barnes,3
640,Domantas Sabonis,Keegan Murray,3
641,Domantas Sabonis,Keegan Murray,3
642,Harrison Barnes,Keegan Murray,3
643,Domantas Sabonis,Kevin Huerter,2
644,Matthew Dellavedova,Chimezie Metu,2
645,Matthew Dellavedova,Trey Lyles,3
646,Davion Mitchell,Harrison Barnes,3
647,Domantas Sabonis,Davion Mitchell,3
648,Kevin Huerter,Harrison Barnes,2
649,Davion Mitchell,Kevin Huerter,2
650,Trey Lyles,Keegan Murray,3
651,Matthew Dellavedova,Malik Monk,3
652,Matthew Dellavedova,Chimezie Metu,2
653,Chimezie Metu,Malik Monk,2
654,Domantas Sabonis,Harrison Barnes,2
655,Domantas Sabonis,Davion Mitchell,2
656,Davion Mitchell,Kevin Huerter,3
657,Davion Mitchell,Keegan Murray,3
658,Kevin Huerter,Harrison Barnes,3
659,Harrison Barnes,Domantas Sabonis,2
660,Matthew Dellavedova,Domantas Sabonis,2
661,Kevin Huerter,Harrison Barnes,2
662,Matthew Dellavedova,Trey Lyles,3
663,KZ Okpala,Davion Mitchell,3
664,Domantas Sabonis,Harrison Barnes,2
665,Harrison Barnes,Keegan Murray,3
666,Kevin Huerter,Keegan Murray,3
667,Matthew Dellavedova,Kevin Huerter,3
668,Davion Mitchell,Kevin Huerter,2
669,Domantas Sabonis,Keegan Murray,2
670,Kevin Huerter,Harrison Barnes,2
671,Kevin Huerter,Keegan Murray,3
672,Malik Monk,Domantas Sabonis,2
673,Domantas Sabonis,Kevin Huerter,2
674,Matthew Dellavedova,Malik Monk,3
675,Kevin Huerter,Domantas Sabonis,2
676,Davion Mitchell,Kevin Huerter,2
677,Domantas Sabonis,Malik Monk,3
678,Domantas Sabonis,Kevin Huerter,2
679,De'Aaron Fox,Kevin Huerter,3
680,Kevin Huerter,Domantas Sabonis,2
681,Neemias Queta,Harrison Barnes,2
682,Davion Mitchell,Kevin Huerter,2
683,Terence Davis,Chimezie Metu,3
684,Malik Monk,Domantas Sabonis,2
685,Domantas Sabonis,Malik Monk,2
686,Malik Monk,Harrison Barnes,3
687,Domantas Sabonis,De'Aaron Fox,2
688,Harrison Barnes,Domantas Sabonis,2
689,Domantas Sabonis,De'Aaron Fox,2
690,Harrison Barnes,Domantas Sabonis,2
691,Domantas Sabonis,Keegan Murray,3
692,Malik Monk,Domantas Sabonis,2
693,Keegan Murray,Malik Monk,3
694,Davion Mitchell,Terence Davis,3
695,Malik Monk,Terence Davis,3
696,Davion Mitchell,Richaun Holmes,2
697,Keon Ellis,KZ Okpala,3
698,Davion Mitchell,Richaun Holmes,3
699,Harrison Barnes,Domantas Sabonis,2
700,Domantas Sabonis,Terence Davis,3
701,Domantas Sabonis,Terence Davis,3
702,Domantas Sabonis,Terence Davis,3
703,Domantas Sabonis,Malik Monk,3
704,Terence Davis,Chimezie Metu,2
705,Malik Monk,De'Aaron Fox,3
706,De'Aaron Fox,Domantas Sabonis,2
707,De'Aaron Fox,Domantas Sabonis,2
708,Domantas Sabonis,Keegan Murray,2
709,De'Aaron Fox,Keegan Murray,3
710,Harrison Barnes,Terence Davis,3
711,De'Aaron Fox,Terence Davis,2
712,De'Aaron Fox,Keegan Murray,2
713,De'Aaron Fox,Keegan Murray,3
714,De'Aaron Fox,Malik Monk,2
715,Domantas Sabonis,Malik Monk,3
716,Davion Mitchell,Domantas Sabonis,2
717,De'Aaron Fox,Trey Lyles,3
718,Davion Mitchell,Malik Monk,3
719,Trey Lyles,Richaun Holmes,2
720,Trey Lyles,Davion Mitchell,2
721,Malik Monk,Terence Davis,3
722,De'Aaron Fox,Domantas Sabonis,2
723,Terence Davis,Malik Monk,3
724,De'Aaron Fox,Domantas Sabonis,2
725,Harrison Barnes,Malik Monk,3
726,Malik Monk,Domantas Sabonis,2
727,Domantas Sabonis,Harrison Barnes,2
728,Domantas Sabonis,Keegan Murray,3
729,De'Aaron Fox,Harrison Barnes,3
730,De'Aaron Fox,Keegan Murray,2
731,De'Aaron Fox,Harrison Barnes,2
732,Matthew Dellavedova,Malik Monk,2
733,De'Aaron Fox,Malik Monk,2
734,Malik Monk,Keegan Murray,3
735,Malik Monk,Domantas Sabonis,2
736,Malik Monk,Domantas Sabonis,2
737,De'Aaron Fox,Terence Davis,3
738,Malik Monk,Terence Davis,2
739,Domantas Sabonis,Terence Davis,2
740,Kevin Huerter,Domantas Sabonis,2
741,Domantas Sabonis,Keegan Murray,3
742,Domantas Sabonis,Keegan Murray,3
743,Kevin Huerter,Domantas Sabonis,2
744,Harrison Barnes,Kevin Huerter,2
745,De'Aaron Fox,Harrison Barnes,3
746,Kevin Huerter,De'Aaron Fox,2
747,Domantas Sabonis,De'Aaron Fox,2
748,De'Aaron Fox,Domantas Sabonis,2
749,Domantas Sabonis,Kevin Huerter,3
750,Domantas Sabonis,Kevin Huerter,3
751,De'Aaron Fox,Keegan Murray,2
752,Richaun Holmes,Terence Davis,3
753,De'Aaron Fox,Richaun Holmes,2
754,Malik Monk,Domantas Sabonis,2
755,Malik Monk,Domantas Sabonis,2
756,Harrison Barnes,De'Aaron Fox,2
757,Kevin Huerter,Domantas Sabonis,2
758,Harrison Barnes,De'Aaron Fox,3
759,Domantas Sabonis,Kevin Huerter,3
760,Domantas Sabonis,Keegan Murray,2
761,Domantas Sabonis,Keegan Murray,3
762,Davion Mitchell,Malik Monk,2
763,Malik Monk,Domantas Sabonis,2
764,Harrison Barnes,Malik Monk,3
765,Malik Monk,Neemias Queta,2
766,Davion Mitchell,Harrison Barnes,2
767,Domantas Sabonis,Keegan Murray,3
768,Domantas Sabonis,Kevin Huerter,3
769,Kevin Huerter,Domantas Sabonis,2
770,Davion Mitchell,Harrison Barnes,2
771,Davion Mitchell,Domantas Sabonis,3
772,Harrison Barnes,Kevin Huerter,3
773,Malik Monk,Domantas Sabonis,2
774,Terence Davis,Malik Monk,2
775,Malik Monk,Domantas Sabonis,2
776,Domantas Sabonis,Davion Mitchell,3
777,Davion Mitchell,Domantas Sabonis,3
778,De'Aaron Fox,Domantas Sabonis,2
779,De'Aaron Fox,Domantas Sabonis,2
780,Domantas Sabonis,Keegan Murray,3
781,De'Aaron Fox,Harrison Barnes,3
782,Domantas Sabonis,Keegan Murray,2
783,Domantas Sabonis,Keegan Murray,3
784,Keegan Murray,Kevin Huerter,3
785,Malik Monk,Trey Lyles,2
786,De'Aaron Fox,Trey Lyles,3
787,Malik Monk,Neemias Queta,2
788,De'Aaron Fox,Neemias Queta,2
789,Malik Monk,Neemias Queta,2
790,Malik Monk,Davion Mitchell,3
791,Kevin Huerter,Harrison Barnes,2
792,Domantas Sabonis,Harrison Barnes,3
793,De'Aaron Fox,Domantas Sabonis,3
794,Harrison Barnes,Keegan Murray,3
795,Domantas Sabonis,Kevin Huerter,2
796,Domantas Sabonis,Keegan Murray,3
797,Domantas Sabonis,De'Aaron Fox,2
798,Domantas Sabonis,Keegan Murray,3
799,De'Aaron Fox,Kevin Huerter,2
800,Domantas Sabonis,Keegan Murray,3
801,Domantas Sabonis,Terence Davis,3
802,Malik Monk,Davion Mitchell,3
803,De'Aaron Fox,Neemias Queta,2
804,Malik Monk,De'Aaron Fox,2
805,Terence Davis,Domantas Sabonis,2
806,Davion Mitchell,Kevin Huerter,3
807,Domantas Sabonis,Keegan Murray,3
808,Domantas Sabonis,Kevin Huerter,3
809,Domantas Sabonis,Harrison Barnes,3
810,Domantas Sabonis,Kevin Huerter,2
811,Domantas Sabonis,Kevin Huerter,2
812,Keegan Murray,Domantas Sabonis,2
813,Domantas Sabonis,Kevin Huerter,3
814,De'Aaron Fox,Terence Davis,2
815,Malik Monk,Keegan Murray,3
816,De'Aaron Fox,Trey Lyles,2
817,Domantas Sabonis,Davion Mitchell,3
818,Domantas Sabonis,De'Aaron Fox,2
819,Domantas Sabonis,Harrison Barnes,3
820,Malik Monk,Harrison Barnes,2
821,Domantas Sabonis,Malik Monk,3
822,Domantas Sabonis,Malik Monk,2
823,Domantas Sabonis,Trey Lyles,2
824,Malik Monk,Trey Lyles,3
825,Malik Monk,De'Aaron Fox,2
826,Domantas Sabonis,Trey Lyles,2
827,Trey Lyles,Malik Monk,2
828,De'Aaron Fox,Trey Lyles,3
829,De'Aaron Fox,Harrison Barnes,3
830,Kevin Huerter,Harrison Barnes,2
831,Davion Mitchell,Richaun Holmes,2
832,Keegan Murray,Richaun Holmes,2
833,Davion Mitchell,Kevin Huerter,3
834,Davion Mitchell,Richaun Holmes,2
835,Davion Mitchell,Keegan Murray,3
836,Malik Monk,Davion Mitchell,2
837,De'Aaron Fox,Malik Monk,2
838,De'Aaron Fox,Trey Lyles,2
839,Davion Mitchell,Kevin Huerter,3
840,Davion Mitchell,Malik Monk,2
841,Harrison Barnes,Keegan Murray,3
842,Trey Lyles,Harrison Barnes,2
843,De'Aaron Fox,Keegan Murray,2
844,Richaun Holmes,Davion Mitchell,2
845,Davion Mitchell,Trey Lyles,3
846,Davion Mitchell,Trey Lyles,2
847,Davion Mitchell,Trey Lyles,2
848,Richaun Holmes,De'Aaron Fox,3
849,De'Aaron Fox,Keegan Murray,2
850,De'Aaron Fox,Domantas Sabonis,2
851,De'Aaron Fox,Domantas Sabonis,2
852,Domantas Sabonis,Kevin Huerter,3
853,Harrison Barnes,Trey Lyles,3
854,De'Aaron Fox,Davion Mitchell,3
855,Malik Monk,De'Aaron Fox,3
856,De'Aaron Fox,Trey Lyles,2
857,De'Aaron Fox,Domantas Sabonis,2
858,Davion Mitchell,Domantas Sabonis,2
859,Domantas Sabonis,Malik Monk,3
860,Malik Monk,De'Aaron Fox,2
861,Keegan Murray,Domantas Sabonis,3
862,KZ Okpala,De'Aaron Fox,2
863,De'Aaron Fox,Malik Monk,3
864,De'Aaron Fox,Domantas Sabonis,2
865,Harrison Barnes,Keegan Murray,3
866,Domantas Sabonis,Harrison Barnes,2
867,De'Aaron Fox,Kevin Huerter,3
868,Domantas Sabonis,Malik Monk,2
869,Trey Lyles,Domantas Sabonis,3
870,Davion Mitchell,Malik Monk,3
871,De'Aaron Fox,Malik Monk,2
872,Malik Monk,KZ Okpala,3
873,De'Aaron Fox,Malik Monk,2
874,De'Aaron Fox,Malik Monk,3
875,Kevin Huerter,Davion Mitchell,2
876,Trey Lyles,De'Aaron Fox,3
877,Trey Lyles,Domantas Sabonis,2
878,Domantas Sabonis,Malik Monk,2
879,De'Aaron Fox,Malik Monk,2
880,Trey Lyles,Domantas Sabonis,2
881,Harrison Barnes,Domantas Sabonis,2
882,Keegan Murray,Domantas Sabonis,2
883,Domantas Sabonis,De'Aaron Fox,2
884,De'Aaron Fox,Keegan Murray,2
885,Domantas Sabonis,Kevin Huerter,3
886,Domantas Sabonis,Harrison Barnes,2
887,De'Aaron Fox,Domantas Sabonis,3
888,Domantas Sabonis,Kevin Huerter,3
889,Davion Mitchell,Malik Monk,2
890,Malik Monk,Davion Mitchell,2
891,Davion Mitchell,De'Aaron Fox,3
892,Malik Monk,Richaun Holmes,2
893,Davion Mitchell,Trey Lyles,3
894,De'Aaron Fox,Kevin Huerter,2
895,Kevin Huerter,Domantas Sabonis,2
896,Domantas Sabonis,Keegan Murray,3
897,Domantas Sabonis,Harrison Barnes,3
898,Domantas Sabonis,Kevin Huerter,3
899,De'Aaron Fox,Domantas Sabonis,3
900,Kevin Huerter,Harrison Barnes,2
901,Malik Monk,Domantas Sabonis,2
902,Malik Monk,Domantas Sabonis,2
903,De'Aaron Fox,Richaun Holmes,2
904,Malik Monk,Richaun Holmes,2
905,De'Aaron Fox,Davion Mitchell,2
906,Trey Lyles,Domantas Sabonis,2
907,De'Aaron Fox,Domantas Sabonis,2
908,De'Aaron Fox,Kevin Huerter,3
909,Domantas Sabonis,Kevin Huerter,2
910,De'Aaron Fox,Kevin Huerter,2
911,De'Aaron Fox,Kevin Huerter,2
912,Keegan Murray,Kevin Huerter,3
913,Keegan Murray,Kevin Huerter,3
914,Harrison Barnes,De'Aaron Fox,3
915,Kevin Huerter,Harrison Barnes,3
916,Kevin Huerter,Keegan Murray,3
917,Domantas Sabonis,Malik Monk,2
918,Malik Monk,Trey Lyles,2
919,Trey Lyles,Malik Monk,2
920,Davion Mitchell,Trey Lyles,3
921,Malik Monk,Domantas Sabonis,2
922,Kevin Huerter,De'Aaron Fox,2
923,Kevin Huerter,Richaun Holmes,2
924,De'Aaron Fox,Malik Monk,3
925,De'Aaron Fox,Harrison Barnes,3
926,De'Aaron Fox,Harrison Barnes,3
927,Domantas Sabonis,Kevin Huerter,3
928,De'Aaron Fox,Keegan Murray,2
929,Kevin Huerter,Keegan Murray,3
930,Trey Lyles,Malik Monk,3
931,De'Aaron Fox,Davion Mitchell,2
932,De'Aaron Fox,Keegan Murray,2
933,Domantas Sabonis,Harrison Barnes,3
934,Malik Monk,Kevin Huerter,2
935,Domantas Sabonis,Kevin Huerter,3
936,Alex Len,Chimezie Metu,2
937,De'Aaron Fox,Kevin Huerter,3
938,De'Aaron Fox,Keegan Murray,3
939,Domantas Sabonis,Harrison Barnes,3
940,Davion Mitchell,Harrison Barnes,3
941,Domantas Sabonis,Kevin Huerter,3
942,Malik Monk,Davion Mitchell,2
943,Malik Monk,Trey Lyles,2
944,Keegan Murray,Domantas Sabonis,2
945,Domantas Sabonis,Keegan Murray,3
946,Domantas Sabonis,Kevin Huerter,2
947,Harrison Barnes,Kevin Huerter,2
948,Kevin Huerter,Domantas Sabonis,2
949,De'Aaron Fox,Harrison Barnes,3
950,De'Aaron Fox,Domantas Sabonis,2
951,De'Aaron Fox,Keegan Murray,3
952,Harrison Barnes,Keegan Murray,2
953,Malik Monk,Domantas Sabonis,2
954,De'Aaron Fox,Davion Mitchell,2
955,Malik Monk,De'Aaron Fox,3
956,Domantas Sabonis,De'Aaron Fox,2
957,Domantas Sabonis,De'Aaron Fox,2
958,Domantas Sabonis,Keegan Murray,2
959,Domantas Sabonis,Kevin Huerter,2
960,De'Aaron Fox,Harrison Barnes,3
961,De'Aaron Fox,Keegan Murray,2
962,De'Aaron Fox,Domantas Sabonis,2
963,Domantas Sabonis,Kevin Huerter,2
964,Keegan Murray,Davion Mitchell,2
965,Domantas Sabonis,Kevin Huerter,3
966,Harrison Barnes,Domantas Sabonis,2
967,Malik Monk,Trey Lyles,2
968,Malik Monk,Domantas Sabonis,2
969,Domantas Sabonis,Malik Monk,3
970,Domantas Sabonis,Keegan Murray,3
971,Kevin Huerter,Domantas Sabonis,2
972,Domantas Sabonis,Harrison Barnes,3
973,Kevin Huerter,Keegan Murray,3
974,Domantas Sabonis,De'Aaron Fox,2
975,Domantas Sabonis,De'Aaron Fox,2
976,Domantas Sabonis,Kevin Huerter,3
977,Kevin Huerter,Harrison Barnes,2
978,Kevin Huerter,Malik Monk,2
979,Malik Monk,Domantas Sabonis,2
980,Trey Lyles,Davion Mitchell,3
981,Malik Monk,Domantas Sabonis,2
982,Malik Monk,Harrison Barnes,2
983,Kevin Huerter,Harrison Barnes,2
984,De'Aaron Fox,Harrison Barnes,2
985,De'Aaron Fox,Kevin Huerter,3
986,Domantas Sabonis,Kevin Huerter,2
987,De'Aaron Fox,Keegan Murray,3
988,De'Aaron Fox,Domantas Sabonis,2
989,Harrison Barnes,Kevin Huerter,3
990,Keegan Murray,Domantas Sabonis,2
991,Domantas Sabonis,Kevin Huerter,3
992,Kevin Huerter,Davion Mitchell,3
993,Terence Davis,Davion Mitchell,3
994,Terence Davis,Davion Mitchell,3
995,KZ Okpala,Trey Lyles,3
996,Kevin Huerter,Harrison Barnes,2
997,De'Aaron Fox,Domantas Sabonis,2
998,De'Aaron Fox,Harrison Barnes,3
999,De'Aaron Fox,Keegan Murray,3
1000,Kevin Huerter,Domantas Sabonis,2
1001,De'Aaron Fox,Keegan Murray,3
1002,Domantas Sabonis,Keegan Murray,2
1003,Domantas Sabonis,Kevin Huerter,3
1004,De'Aaron Fox,Keegan Murray,3
1005,De'Aaron Fox,Richaun Holmes,2
1006,Domantas Sabonis,Kevin Huerter,2
1007,KZ Okpala,Domantas Sabonis,2
1008,Domantas Sabonis,Trey Lyles,3
1009,De'Aaron Fox,Domantas Sabonis,2
1010,Domantas Sabonis,Keegan Murray,2
1011,Domantas Sabonis,De'Aaron Fox,3
1012,Domantas Sabonis,Kevin Huerter,3
1013,De'Aaron Fox,Harrison Barnes,2
1014,Keegan Murray,Kevin Huerter,3
1015,Domantas Sabonis,Harrison Barnes,2
1016,Domantas Sabonis,Harrison Barnes,2
1017,Harrison Barnes,Keegan Murray,3
1018,Malik Monk,Domantas Sabonis,2
1019,Domantas Sabonis,Malik Monk,2
1020,De'Aaron Fox,Domantas Sabonis,3
1021,Chimezie Metu,Trey Lyles,3
1022,Trey Lyles,Chimezie Metu,2
1023,De'Aaron Fox,Chimezie Metu,2
1024,De'Aaron Fox,Trey Lyles,3
1025,Kevin Huerter,Malik Monk,2
1026,De'Aaron Fox,Keegan Murray,3
1027,Malik Monk,Harrison Barnes,3
1028,Malik Monk,Keegan Murray,3
1029,Malik Monk,Harrison Barnes,2
1030,Domantas Sabonis,Keegan Murray,3
1031,De'Aaron Fox,Kevin Huerter,2
1032,Keegan Murray,Harrison Barnes,3
1033,Kevin Huerter,Harrison Barnes,3
1034,Malik Monk,Keegan Murray,3
1035,Keegan Murray,Davion Mitchell,3
1036,Domantas Sabonis,Malik Monk,2
1037,Davion Mitchell,Malik Monk,2
1038,De'Aaron Fox,Chimezie Metu,2
1039,De'Aaron Fox,KZ Okpala,3
1040,Kevin Huerter,Chimezie Metu,2
1041,KZ Okpala,Malik Monk,2
1042,Malik Monk,Kevin Huerter,3
1043,De'Aaron Fox,KZ Okpala,2
1044,Kevin Huerter,Harrison Barnes,3
1045,Domantas Sabonis,Harrison Barnes,3
1046,Trey Lyles,Davion Mitchell,2
1047,Chimezie Metu,Trey Lyles,2
1048,Matthew Dellavedova,Trey Lyles,3
1049,Terence Davis,Matthew Dellavedova,3
1050,Domantas Sabonis,Harrison Barnes,3
1051,Terence Davis,Keegan Murray,3
1052,De'Aaron Fox,Terence Davis,3
1053,Davion Mitchell,Harrison Barnes,2
1054,Malik Monk,Domantas Sabonis,2
1055,Malik Monk,KZ Okpala,3
1056,Domantas Sabonis,Keegan Murray,3
1057,Domantas Sabonis,Malik Monk,2
1058,Domantas Sabonis,Malik Monk,3
1059,Domantas Sabonis,Terence Davis,3
1060,Domantas Sabonis,Keegan Murray,3
1061,Keegan Murray,Malik Monk,3
1062,De'Aaron Fox,Domantas Sabonis,2
1063,Terence Davis,Domantas Sabonis,2
1064,De'Aaron Fox,Harrison Barnes,3
1065,Domantas Sabonis,Harrison Barnes,3
1066,Davion Mitchell,Keegan Murray,3
1067,Malik Monk,Domantas Sabonis,2
1068,De'Aaron Fox,Chimezie Metu,2
1069,De'Aaron Fox,Chimezie Metu,2
1070,Domantas Sabonis,De'Aaron Fox,3
1071,De'Aaron Fox,Trey Lyles,3
1072,De'Aaron Fox,Trey Lyles,2
1073,De'Aaron Fox,Domantas Sabonis,2
1074,De'Aaron Fox,Trey Lyles,3
1075,Domantas Sabonis,Trey Lyles,3
1076,Keegan Murray,PJ Dozier,3
1077,Richaun Holmes,Matthew Dellavedova,2
1078,Domantas Sabonis,De'Aaron Fox,2
1079,Domantas Sabonis,Harrison Barnes,2
1080,Harrison Barnes,Trey Lyles,3
1081,Harrison Barnes,Trey Lyles,2
1082,De'Aaron Fox,Malik Monk,3
1083,Trey Lyles,Malik Monk,3
1084,De'Aaron Fox,Malik Monk,3
1085,Chimezie Metu,Trey Lyles,2
1086,De'Aaron Fox,Malik Monk,3
1087,Harrison Barnes,Keegan Murray,2
1088,Domantas Sabonis,De'Aaron Fox,2
1089,Keegan Murray,Domantas Sabonis,2
1090,Domantas Sabonis,Keegan Murray,3
1091,Domantas Sabonis,Keegan Murray,2
1092,Terence Davis,Harrison Barnes,2
1093,De'Aaron Fox,Trey Lyles,2
1094,Terence Davis,Trey Lyles,2
1095,Domantas Sabonis,Terence Davis,3
1096,Domantas Sabonis,Terence Davis,3
1097,Domantas Sabonis,De'Aaron Fox,3
1098,Domantas Sabonis,De'Aaron Fox,2
1099,Terence Davis,Domantas Sabonis,2
1100,Domantas Sabonis,Harrison Barnes,3
1101,Domantas Sabonis,Harrison Barnes,3
1102,Malik Monk,Trey Lyles,2
1103,Domantas Sabonis,Davion Mitchell,3
1104,Domantas Sabonis,Harrison Barnes,3
1105,De'Aaron Fox,Terence Davis,3
1106,Domantas Sabonis,De'Aaron Fox,3
1107,Domantas Sabonis,Harrison Barnes,3
1108,Domantas Sabonis,Harrison Barnes,3
1109,Trey Lyles,Richaun Holmes,3
1110,Matthew Dellavedova,Terence Davis,2
1111,Matthew Dellavedova,Richaun Holmes,2
1112,De'Aaron Fox,Kevin Huerter,2
1113,Domantas Sabonis,Harrison Barnes,3
1114,Keegan Murray,Kevin Huerter,3
1115,Kevin Huerter,Davion Mitchell,3
1116,Domantas Sabonis,Harrison Barnes,3
1117,Malik Monk,Chimezie Metu,2
1118,Malik Monk,Domantas Sabonis,2
1119,Keegan Murray,Kevin Huerter,2
1120,De'Aaron Fox,Domantas Sabonis,2
1121,Domantas Sabonis,Keegan Murray,3
1122,Domantas Sabonis,Harrison Barnes,3
1123,De'Aaron Fox,Keegan Murray,3
1124,Kevin Huerter,Domantas Sabonis,2
1125,Domantas Sabonis,Keegan Murray,3
1126,Kevin Huerter,Chimezie Metu,2
1127,Malik Monk,Harrison Barnes,3
1128,Chimezie Metu,Davion Mitchell,3
1129,Malik Monk,Trey Lyles,3
1130,Malik Monk,Keegan Murray,2
1131,Domantas Sabonis,De'Aaron Fox,3
1132,Domantas Sabonis,Harrison Barnes,2
1133,Domantas Sabonis,Davion Mitchell,3
1134,Harrison Barnes,Domantas Sabonis,2
1135,Harrison Barnes,Davion Mitchell,2
1136,Kevin Huerter,Richaun Holmes,2
1137,De'Aaron Fox,Kevin Huerter,2
1138,Richaun Holmes,Harrison Barnes,2
1139,Kevin Huerter,Keegan Murray,3
1140,Malik Monk,Chimezie Metu,2
1141,Chimezie Metu,Davion Mitchell,2
1142,Malik Monk,Harrison Barnes,2
1143,Kevin Huerter,Richaun Holmes,2
1144,De'Aaron Fox,Trey Lyles,2
1145,Harrison Barnes,Kevin Huerter,3
1146,Harrison Barnes,Keegan Murray,3
1147,Kevin Huerter,Richaun Holmes,2
1148,De'Aaron Fox,Harrison Barnes,2
1149,Kevin Huerter,Harrison Barnes,3
1150,Kevin Huerter,Richaun Holmes,2
1151,De'Aaron Fox,Harrison Barnes,3
1152,Kevin Huerter,Richaun Holmes,2
1153,Davion Mitchell,Kevin Huerter,3
1154,Davion Mitchell,Kevin Huerter,2
1155,Davion Mitchell,Trey Lyles,2
1156,De'Aaron Fox,Chimezie Metu,2
1157,De'Aaron Fox,Kevin Huerter,3
1158,Kevin Huerter,De'Aaron Fox,2
1159,Domantas Sabonis,Keegan Murray,2
1160,Domantas Sabonis,De'Aaron Fox,3
1161,De'Aaron Fox,Kevin Huerter,2
1162,Domantas Sabonis,Keegan Murray,3
1163,Domantas Sabonis,Keegan Murray,3
1164,Malik Monk,Chimezie Metu,2
1165,Malik Monk,Davion Mitchell,2
1166,De'Aaron Fox,Trey Lyles,2
1167,Malik Monk,Domantas Sabonis,2
1168,Harrison Barnes,Domantas Sabonis,2
1169,Domantas Sabonis,Kevin Huerter,2
1170,Domantas Sabonis,Kevin Huerter,3
1171,Domantas Sabonis,De'Aaron Fox,2
1172,Domantas Sabonis,Harrison Barnes,3
1173,Domantas Sabonis,Kevin Huerter,3
1174,Domantas Sabonis,Keegan Murray,2
1175,Domantas Sabonis,Davion Mitchell,3
1176,Keegan Murray,Trey Lyles,3
1177,Malik Monk,Harrison Barnes,2
1178,Malik Monk,Domantas Sabonis,2
1179,Domantas Sabonis,Keegan Murray,3
1180,Kevin Huerter,Keegan Murray,3
1181,Domantas Sabonis,Keegan Murray,3
1182,Domantas Sabonis,Harrison Barnes,2
1183,Harrison Barnes,De'Aaron Fox,2
1184,Domantas Sabonis,De'Aaron Fox,2
1185,Harrison Barnes,Kevin Huerter,2
1186,Domantas Sabonis,Harrison Barnes,3
1187,Keegan Murray,Harrison Barnes,3
1188,Kevin Huerter,Domantas Sabonis,2
1189,Kevin Huerter,Domantas Sabonis,2
1190,Davion Mitchell,Trey Lyles,2
1191,De'Aaron Fox,Malik Monk,3
1192,Malik Monk,De'Aaron Fox,2
1193,De'Aaron Fox,Harrison Barnes,3
1194,De'Aaron Fox,Harrison Barnes,3
1195,Domantas Sabonis,Malik Monk,2
1196,Malik Monk,Domantas Sabonis,2
1197,Domantas Sabonis,Harrison Barnes,3
1198,Domantas Sabonis,Keegan Murray,3
1199,Domantas Sabonis,Kevin Huerter,2
1200,Domantas Sabonis,Kevin Huerter,3
1201,Kevin Huerter,Domantas Sabonis,2
1202,Domantas Sabonis,Kevin Huerter,2
1203,De'Aaron Fox,Harrison Barnes,2
1204,De'Aaron Fox,Harrison Barnes,3
1205,Domantas Sabonis,Keegan Murray,3
1206,Malik Monk,Richaun Holmes,2
1207,De'Aaron Fox,Kevin Huerter,2
1208,De'Aaron Fox,Domantas Sabonis,2
1209,Domantas Sabonis,Kevin Huerter,3
1210,De'Aaron Fox,Domantas Sabonis,2
1211,De'Aaron Fox,Keegan Murray,3
1212,Domantas Sabonis,Harrison Barnes,3
1213,Kevin Huerter,Harrison Barnes,3
1214,Domantas Sabonis,Harrison Barnes,3
1215,Domantas Sabonis,Keegan Murray,3
1216,De'Aaron Fox,Harrison Barnes,3
1217,De'Aaron Fox,Keegan Murray,3
1218,Kevin Huerter,Keegan Murray,3
1219,Domantas Sabonis,De'Aaron Fox,2
1220,Domantas Sabonis,Keegan Murray,2
1221,Domantas Sabonis,Trey Lyles,3
1222,Malik Monk,Davion Mitchell,3
1223,Malik Monk,Domantas Sabonis,2
1224,De'Aaron Fox,Trey Lyles,3
1225,Harrison Barnes,Malik Monk,3
1226,De'Aaron Fox,Trey Lyles,2
1227,Malik Monk,Domantas Sabonis,2
1228,Malik Monk,Domantas Sabonis,2
1229,De'Aaron Fox,Keegan Murray,2
1230,Domantas Sabonis,De'Aaron Fox,3
1231,De'Aaron Fox,Domantas Sabonis,2
1232,Domantas Sabonis,Keegan Murray,3
1233,Domantas Sabonis,Kevin Huerter,3
1234,Domantas Sabonis,De'Aaron Fox,2
1235,Domantas Sabonis,Kevin Huerter,2
1236,Davion Mitchell,Trey Lyles,3
1237,De'Aaron Fox,Richaun Holmes,2
1238,De'Aaron Fox,Trey Lyles,3
1239,De'Aaron Fox,Trey Lyles,3
1240,De'Aaron Fox,Malik Monk,2
1241,Harrison Barnes,Trey Lyles,3
1242,Malik Monk,Domantas Sabonis,2
1243,Malik Monk,Domantas Sabonis,2
1244,Malik Monk,Keegan Murray,3
1245,Malik Monk,Domantas Sabonis,2
1246,Alex Len,Terence Davis,2
1247,Terence Davis,PJ Dozier,2
1248,Matthew Dellavedova,Terence Davis,2
1249,De'Aaron Fox,Domantas Sabonis,2
1250,Domantas Sabonis,Harrison Barnes,3
1251,De'Aaron Fox,Domantas Sabonis,2
1252,De'Aaron Fox,Kevin Huerter,3
1253,Chimezie Metu,Keegan Murray,3
1254,Kevin Huerter,Keegan Murray,2
1255,Domantas Sabonis,Kevin Huerter,3
1256,Trey Lyles,De'Aaron Fox,3
1257,Trey Lyles,Richaun Holmes,2
1258,Kevin Huerter,Malik Monk,2
1259,Keegan Murray,Kevin Huerter,3
1260,De'Aaron Fox,Keegan Murray,3
1261,De'Aaron Fox,Kevin Huerter,3
1262,Keegan Murray,Harrison Barnes,2
1263,De'Aaron Fox,Domantas Sabonis,3
1264,Domantas Sabonis,Keegan Murray,2
1265,De'Aaron Fox,Domantas Sabonis,2
1266,De'Aaron Fox,Harrison Barnes,2
1267,Keegan Murray,De'Aaron Fox,2
1268,Malik Monk,Trey Lyles,2
1269,Trey Lyles,Davion Mitchell,2
1270,Davion Mitchell,Malik Monk,3
1271,Malik Monk,Keegan Murray,3
1272,Kevin Huerter,Keegan Murray,3
1273,Kevin Huerter,De'Aaron Fox,2
1274,Domantas Sabonis,De'Aaron Fox,2
1275,Keegan Murray,De'Aaron Fox,2
1276,Trey Lyles,Davion Mitchell,2
1277,Trey Lyles,Kevin Huerter,2
1278,Kevin Huerter,Domantas Sabonis,2
1279,Davion Mitchell,Kevin Huerter,2
1280,Domantas Sabonis,Kevin Huerter,2
1281,Davion Mitchell,Domantas Sabonis,2
1282,De'Aaron Fox,Malik Monk,2
1283,De'Aaron Fox,Chimezie Metu,2
1284,Malik Monk,Chimezie Metu,2
1285,Malik Monk,Chimezie Metu,2
1286,Domantas Sabonis,Keegan Murray,3
1287,Davion Mitchell,Malik Monk,3
1288,Davion Mitchell,Kevin Huerter,3
1289,Kevin Huerter,Domantas Sabonis,2
1290,Domantas Sabonis,Kevin Huerter,3
1291,De'Aaron Fox,Keegan Murray,2
1292,De'Aaron Fox,Keegan Murray,3
1293,Kevin Huerter,Malik Monk,3
1294,Davion Mitchell,Malik Monk,3
1295,De'Aaron Fox,Malik Monk,2
1296,Harrison Barnes,Domantas Sabonis,2
1297,Malik Monk,Domantas Sabonis,2
1298,De'Aaron Fox,Domantas Sabonis,2
1299,Domantas Sabonis,De'Aaron Fox,2
1300,Domantas Sabonis,De'Aaron Fox,2
1301,De'Aaron Fox,Keegan Murray,2
1302,De'Aaron Fox,Domantas Sabonis,2
1303,Malik Monk,Domantas Sabonis,2
1304,Malik Monk,Trey Lyles,2
1305,Trey Lyles,Chimezie Metu,2
1306,Domantas Sabonis,Malik Monk,2
1307,Kevin Huerter,Domantas Sabonis,2
1308,Kevin Huerter,Keegan Murray,3
1309,Kevin Huerter,Harrison Barnes,2
1310,Kevin Huerter,Harrison Barnes,3
1311,Keegan Murray,Chimezie Metu,2
1312,Harrison Barnes,Terence Davis,3
1313,Chimezie Metu,Terence Davis,3
1314,Chimezie Metu,Malik Monk,2
1315,Terence Davis,Malik Monk,2
1316,De'Aaron Fox,Domantas Sabonis,2
1317,Malik Monk,Trey Lyles,3
1318,Malik Monk,Keegan Murray,3
1319,Malik Monk,Trey Lyles,2
1320,De'Aaron Fox,Trey Lyles,2
1321,Kevin Huerter,Domantas Sabonis,2
1322,Kevin Huerter,De'Aaron Fox,3
1323,Domantas Sabonis,Harrison Barnes,2
1324,De'Aaron Fox,Domantas Sabonis,2
1325,Keegan Murray,Domantas Sabonis,3
1326,Davion Mitchell,Domantas Sabonis,2
1327,Malik Monk,Domantas Sabonis,2
1328,De'Aaron Fox,Trey Lyles,2
1329,Malik Monk,Chimezie Metu,2
1330,Harrison Barnes,Trey Lyles,2
1331,De'Aaron Fox,Malik Monk,2
1332,Domantas Sabonis,Kevin Huerter,2
1333,De'Aaron Fox,Domantas Sabonis,2
1334,De'Aaron Fox,Domantas Sabonis,2
1335,De'Aaron Fox,Terence Davis,2
1336,Malik Monk,Domantas Sabonis,2
1337,Malik Monk,Domantas Sabonis,2
1338,De'Aaron Fox,Malik Monk,2
1339,Malik Monk,Domantas Sabonis,2
1340,De'Aaron Fox,Harrison Barnes,3
1341,De'Aaron Fox,Malik Monk,3
1342,Keegan Murray,De'Aaron Fox,3
1343,De'Aaron Fox,Harrison Barnes,3
1344,Domantas Sabonis,Malik Monk,2
1345,Domantas Sabonis,Malik Monk,3
1346,Domantas Sabonis,Harrison Barnes,3
1347,Davion Mitchell,Keegan Murray,3
1348,Domantas Sabonis,Kevin Huerter,2
1349,Terence Davis,Domantas Sabonis,2
1350,Matthew Dellavedova,Malik Monk,2
1351,Malik Monk,Terence Davis,3
1352,Kevin Huerter,Trey Lyles,3
1353,Terence Davis,Chimezie Metu,2
1354,Malik Monk,Chimezie Metu,3
1355,Domantas Sabonis,Kevin Huerter,3
1356,Domantas Sabonis,Trey Lyles,2
1357,Harrison Barnes,Domantas Sabonis,2
1358,Harrison Barnes,Davion Mitchell,3
1359,Kevin Huerter,Domantas Sabonis,2
1360,Terence Davis,Domantas Sabonis,2
1361,Kevin Huerter,Harrison Barnes,3
1362,Malik Monk,Chimezie Metu,3
1363,Keegan Murray,Kevin Huerter,2
1364,Trey Lyles,Kevin Huerter,2
1365,Domantas Sabonis,Kevin Huerter,2
1366,Malik Monk,Harrison Barnes,3
1367,Harrison Barnes,Kevin Huerter,2
1368,Malik Monk,Trey Lyles,2
1369,Domantas Sabonis,Terence Davis,3
1370,Malik Monk,Terence Davis,3
1371,Domantas Sabonis,Malik Monk,2
1372,Trey Lyles,Matthew Dellavedova,3
1373,Terence Davis,Trey Lyles,3
1374,Terence Davis,Malik Monk,2
1375,Malik Monk,Chimezie Metu,3
1376,Matthew Dellavedova,Malik Monk,2
1377,Davion Mitchell,Harrison Barnes,2
1378,Malik Monk,Trey Lyles,3
1379,Harrison Barnes,Domantas Sabonis,2
1380,Domantas Sabonis,Malik Monk,2
1381,Matthew Dellavedova,Malik Monk,2
1382,Trey Lyles,Domantas Sabonis,3
1383,Domantas Sabonis,Davion Mitchell,3
1384,Chimezie Metu,Davion Mitchell,2
1385,Davion Mitchell,Kevin Huerter,3
1386,Keon Ellis,Kevin Huerter,2
1387,Keon Ellis,Richaun Holmes,2
1388,Keegan Murray,Kevin Huerter,3
1389,Matthew Dellavedova,Keon Ellis,3
1390,Matthew Dellavedova,Keon Ellis,2
1391,Matthew Dellavedova,Keon Ellis,3
1392,Matthew Dellavedova,Richaun Holmes,2
1393,Kevin Huerter,Keegan Murray,3
1394,Keegan Murray,Domantas Sabonis,3
1395,De'Aaron Fox,Harrison Barnes,2
1396,Kevin Huerter,Davion Mitchell,3
1397,Davion Mitchell,Domantas Sabonis,2
1398,Domantas Sabonis,Trey Lyles,2
1399,Domantas Sabonis,Davion Mitchell,2
1400,Chimezie Metu,Trey Lyles,2
1401,De'Aaron Fox,Chimezie Metu,2
1402,De'Aaron Fox,Trey Lyles,3
1403,Harrison Barnes,Chimezie Metu,2
1404,Harrison Barnes,Kevin Huerter,3
1405,De'Aaron Fox,Keegan Murray,2
1406,Domantas Sabonis,Kevin Huerter,2
1407,De'Aaron Fox,Kevin Huerter,3
1408,Chimezie Metu,Keegan Murray,3
1409,Kevin Huerter,Domantas Sabonis,2
1410,Harrison Barnes,Keegan Murray,3
1411,Domantas Sabonis,Kevin Huerter,2
1412,De'Aaron Fox,Kevin Huerter,2
1413,Kevin Huerter,Keegan Murray,2
1414,Domantas Sabonis,Keegan Murray,3
1415,Domantas Sabonis,Keegan Murray,3
1416,Davion Mitchell,Keegan Murray,3
1417,Davion Mitchell,Domantas Sabonis,2
1418,Malik Monk,Trey Lyles,2
1419,De'Aaron Fox,Malik Monk,3
1420,Malik Monk,Terence Davis,3
1421,De'Aaron Fox,Trey Lyles,3
1422,Domantas Sabonis,Kevin Huerter,2
1423,Domantas Sabonis,Malik Monk,3
1424,Domantas Sabonis,Malik Monk,3
1425,Davion Mitchell,Malik Monk,3
1426,Domantas Sabonis,Malik Monk,2
1427,Davion Mitchell,Keegan Murray,3
1428,Matthew Dellavedova,Keegan Murray,3
1429,Alex Len,Keon Ellis,3
1430,Matthew Dellavedova,Keegan Murray,2
1431,Kevin Huerter,Domantas Sabonis,2
1432,De'Aaron Fox,Keegan Murray,2
1433,De'Aaron Fox,Kevin Huerter,3
1434,Davion Mitchell,Terence Davis,3
1435,Domantas Sabonis,Malik Monk,3
1436,Malik Monk,Domantas Sabonis,2
1437,Malik Monk,De'Aaron Fox,2
1438,Domantas Sabonis,Keegan Murray,2
1439,Davion Mitchell,Malik Monk,2
1440,De'Aaron Fox,Harrison Barnes,2
1441,Domantas Sabonis,Kevin Huerter,2
1442,Domantas Sabonis,Keegan Murray,3
1443,De'Aaron Fox,Domantas Sabonis,2
1444,Kevin Huerter,Harrison Barnes,3
1445,Domantas Sabonis,Harrison Barnes,2
1446,De'Aaron Fox,Malik Monk,3
1447,Terence Davis,Chimezie Metu,2
1448,De'Aaron Fox,Terence Davis,2
1449,Chimezie Metu,Davion Mitchell,3
1450,Davion Mitchell,Chimezie Metu,2
1451,Chimezie Metu,Davion Mitchell,2
1452,Davion Mitchell,Chimezie Metu,2
1453,Davion Mitchell,Malik Monk,3
1454,De'Aaron Fox,Terence Davis,2
1455,De'Aaron Fox,Terence Davis,3
1456,De'Aaron Fox,Malik Monk,2
1457,Malik Monk,Harrison Barnes,2
1458,De'Aaron Fox,Domantas Sabonis,2
1459,De'Aaron Fox,Keegan Murray,3
1460,Domantas Sabonis,Keegan Murray,3
1461,Domantas Sabonis,Kevin Huerter,2
1462,Domantas Sabonis,De'Aaron Fox,2
1463,Davion Mitchell,Domantas Sabonis,2
1464,Davion Mitchell,Malik Monk,2
1465,De'Aaron Fox,Keegan Murray,2
1466,Malik Monk,Keegan Murray,3
1467,Domantas Sabonis,Harrison Barnes,2
1468,Malik Monk,Domantas Sabonis,2
1469,Harrison Barnes,Domantas Sabonis,2
1470,De'Aaron Fox,Kevin Huerter,2
1471,Kevin Huerter,Terence Davis,3
1472,Domantas Sabonis,Kevin Huerter,2
1473,De'Aaron Fox,Keegan Murray,2
1474,Domantas Sabonis,Keegan Murray,3
1475,De'Aaron Fox,Keegan Murray,3
1476,Malik Monk,Terence Davis,3
1477,Malik Monk,Terence Davis,3
1478,De'Aaron Fox,Harrison Barnes,3
1479,Domantas Sabonis,De'Aaron Fox,2
1480,Terence Davis,Chimezie Metu,2
1481,Kevin Huerter,Harrison Barnes,2
1482,Kevin Huerter,Domantas Sabonis,2
1483,Domantas Sabonis,Harrison Barnes,3
1484,Keegan Murray,Domantas Sabonis,2
1485,Trey Lyles,Keegan Murray,3
1486,Terence Davis,Trey Lyles,2
1487,De'Aaron Fox,Trey Lyles,2
1488,Trey Lyles,Terence Davis,2
1489,De'Aaron Fox,Chimezie Metu,2
1490,Chimezie Metu,Terence Davis,2
1491,De'Aaron Fox,Terence Davis,2
1492,Kevin Huerter,Terence Davis,3
1493,Terence Davis,Domantas Sabonis,2
1494,Keegan Murray,Kevin Huerter,2
1495,Domantas Sabonis,Kevin Huerter,3
1496,Keegan Murray,Kevin Huerter,3
1497,Terence Davis,Domantas Sabonis,2
1498,Kevin Huerter,Trey Lyles,2
1499,De'Aaron Fox,Trey Lyles,3
1500,Trey Lyles,Harrison Barnes,2
1501,De'Aaron Fox,Kevin Huerter,3
1502,Kevin Huerter,Terence Davis,3
1503,Keegan Murray,Domantas Sabonis,2
1504,De'Aaron Fox,Keegan Murray,3
1505,Keegan Murray,Kevin Huerter,2
1506,Domantas Sabonis,Terence Davis,3
1507,De'Aaron Fox,Harrison Barnes,3
1508,De'Aaron Fox,Terence Davis,3
1509,Chimezie Metu,De'Aaron Fox,3
1510,Domantas Sabonis,Kevin Huerter,3
1511,Domantas Sabonis,Kevin Huerter,3
1512,Keegan Murray,De'Aaron Fox,3
1513,Keegan Murray,Harrison Barnes,2
1514,Domantas Sabonis,Keegan Murray,3
1515,Keegan Murray,Domantas Sabonis,2
1516,Domantas Sabonis,De'Aaron Fox,2
1517,Keegan Murray,De'Aaron Fox,2
1518,Kevin Huerter,Domantas Sabonis,2
1519,Domantas Sabonis,Terence Davis,3
1520,Terence Davis,Harrison Barnes,2
1521,Domantas Sabonis,Terence Davis,2
1522,Kessler Edwards,Kevin Huerter,3
1523,Kessler Edwards,Trey Lyles,2
1524,Kevin Huerter,Domantas Sabonis,2
1525,De'Aaron Fox,Kevin Huerter,3
1526,De'Aaron Fox,Domantas Sabonis,2
1527,Domantas Sabonis,Kevin Huerter,2
1528,Domantas Sabonis,Terence Davis,2
1529,Terence Davis,Davion Mitchell,3
1530,Davion Mitchell,Terence Davis,2
1531,Davion Mitchell,Domantas Sabonis,2
1532,Domantas Sabonis,Keegan Murray,3
1533,Malik Monk,Terence Davis,3
1534,Davion Mitchell,Malik Monk,3
1535,Chimezie Metu,Trey Lyles,3
1536,Trey Lyles,De'Aaron Fox,3
1537,Harrison Barnes,De'Aaron Fox,2
1538,De'Aaron Fox,Malik Monk,2
1539,Domantas Sabonis,Kevin Huerter,3
1540,Keegan Murray,Domantas Sabonis,2
1541,Harrison Barnes,Keegan Murray,3
1542,Domantas Sabonis,Harrison Barnes,2
1543,Domantas Sabonis,Terence Davis,3
1544,Domantas Sabonis,Terence Davis,3
1545,Domantas Sabonis,Harrison Barnes,3
1546,De'Aaron Fox,Chimezie Metu,2
1547,Trey Lyles,Terence Davis,3
1548,Terence Davis,De'Aaron Fox,3
1549,Malik Monk,Domantas Sabonis,2
1550,Domantas Sabonis,Malik Monk,2
1551,Domantas Sabonis,Malik Monk,2
1552,Davion Mitchell,Kevin Huerter,3
1553,De'Aaron Fox,Kevin Huerter,3
1554,Kevin Huerter,Keegan Murray,3
1555,De'Aaron Fox,Keegan Murray,2
1556,Harrison Barnes,Kevin Huerter,2
1557,Domantas Sabonis,Davion Mitchell,3
1558,Davion Mitchell,Kevin Huerter,3
1559,Malik Monk,Chimezie Metu,2
1560,Terence Davis,Malik Monk,2
1561,De'Aaron Fox,Trey Lyles,2
1562,De'Aaron Fox,Trey Lyles,2
1563,Malik Monk,Domantas Sabonis,2
1564,Domantas Sabonis,Keegan Murray,2
1565,Malik Monk,Domantas Sabonis,2
1566,Malik Monk,Domantas Sabonis,2
1567,Domantas Sabonis,Malik Monk,3
1568,Kevin Huerter,De'Aaron Fox,2
1569,Keegan Murray,Domantas Sabonis,2
1570,Keegan Murray,Harrison Barnes,3
1571,De'Aaron Fox,Kevin Huerter,3
1572,Kevin Huerter,Keegan Murray,2
1573,Malik Monk,De'Aaron Fox,2
1574,De'Aaron Fox,Malik Monk,2
1575,Harrison Barnes,Trey Lyles,3
1576,De'Aaron Fox,Chimezie Metu,2
1577,Davion Mitchell,Malik Monk,2
1578,Malik Monk,Davion Mitchell,3
1579,Davion Mitchell,Terence Davis,3
1580,Domantas Sabonis,De'Aaron Fox,2
1581,De'Aaron Fox,Domantas Sabonis,2
1582,De'Aaron Fox,Malik Monk,3
1583,De'Aaron Fox,Malik Monk,2
1584,De'Aaron Fox,Malik Monk,3
1585,De'Aaron Fox,Malik Monk,3
1586,Domantas Sabonis,Harrison Barnes,3
1587,Harrison Barnes,De'Aaron Fox,3
1588,Kevin Huerter,Domantas Sabonis,2
1589,De'Aaron Fox,Keegan Murray,2
1590,De'Aaron Fox,Domantas Sabonis,3
1591,Domantas Sabonis,Harrison Barnes,2
1592,Domantas Sabonis,Kevin Huerter,2
1593,Domantas Sabonis,Terence Davis,3
1594,Malik Monk,Trey Lyles,3
1595,Domantas Sabonis,Trey Lyles,2
1596,Malik Monk,Domantas Sabonis,2
1597,De'Aaron Fox,Chimezie Metu,2
1598,Chimezie Metu,Malik Monk,3
1599,Harrison Barnes,Keegan Murray,2
1600,Keegan Murray,Davion Mitchell,2
1601,Keegan Murray,Kevin Huerter,2
1602,De'Aaron Fox,Harrison Barnes,2
1603,Domantas Sabonis,Keegan Murray,3
1604,Domantas Sabonis,Kevin Huerter,2
1605,Harrison Barnes,Keegan Murray,3
1606,De'Aaron Fox,Keegan Murray,3
1607,Kevin Huerter,Domantas Sabonis,2
1608,Domantas Sabonis,Keegan Murray,2
1609,Davion Mitchell,Terence Davis,3
1610,De'Aaron Fox,Malik Monk,3
1611,De'Aaron Fox,Malik Monk,3
1612,Trey Lyles,Chimezie Metu,2
1613,Harrison Barnes,Malik Monk,3
1614,Davion Mitchell,Trey Lyles,3
1615,De'Aaron Fox,Trey Lyles,3
1616,Trey Lyles,Keegan Murray,3
1617,Trey Lyles,De'Aaron Fox,3
1618,Kevin Huerter,Domantas Sabonis,2
1619,Keegan Murray,Kevin Huerter,2
1620,Domantas Sabonis,Davion Mitchell,3
1621,Domantas Sabonis,Keegan Murray,3
1622,Kevin Huerter,Domantas Sabonis,2
1623,Domantas Sabonis,Kevin Huerter,2
1624,Kevin Huerter,Davion Mitchell,3
1625,Domantas Sabonis,Kevin Huerter,2
1626,Domantas Sabonis,Harrison Barnes,3
1627,Keegan Murray,Matthew Dellavedova,3
1628,Malik Monk,Chimezie Metu,2
1629,Matthew Dellavedova,Chimezie Metu,2
1630,Chimezie Metu,Trey Lyles,3
1631,Malik Monk,Trey Lyles,2
1632,Domantas Sabonis,Harrison Barnes,2
1633,Keegan Murray,Davion Mitchell,2
1634,Domantas Sabonis,Keegan Murray,3
1635,Harrison Barnes,Domantas Sabonis,2
1636,Kevin Huerter,Domantas Sabonis,2
1637,Harrison Barnes,Kevin Huerter,3
1638,Davion Mitchell,Harrison Barnes,2
1639,Harrison Barnes,Kevin Huerter,2
1640,Domantas Sabonis,Kevin Huerter,2
1641,Keegan Murray,Harrison Barnes,2
1642,Davion Mitchell,Harrison Barnes,3
1643,Davion Mitchell,Kevin Huerter,2
1644,Chimezie Metu,Trey Lyles,2
1645,Domantas Sabonis,Malik Monk,3
1646,Kevin Huerter,Keegan Murray,3
1647,Kevin Huerter,Harrison Barnes,2
1648,Kevin Huerter,Harrison Barnes,3
1649,Kevin Huerter,Keegan Murray,2
1650,Davion Mitchell,Kevin Huerter,3
1651,Kevin Huerter,Davion Mitchell,2
1652,Domantas Sabonis,Kevin Huerter,3
1653,Domantas Sabonis,Keegan Murray,3
1654,De'Aaron Fox,Domantas Sabonis,2
1655,Malik Monk,Keegan Murray,3
1656,Domantas Sabonis,Keegan Murray,3
1657,Malik Monk,Domantas Sabonis,2
1658,Malik Monk,Domantas Sabonis,2
1659,Trey Lyles,Chimezie Metu,2
1660,Davion Mitchell,Kevin Huerter,2
1661,Domantas Sabonis,Kevin Huerter,3
1662,Domantas Sabonis,Harrison Barnes,2
1663,De'Aaron Fox,Harrison Barnes,2
1664,De'Aaron Fox,Harrison Barnes,2
1665,De'Aaron Fox,Harrison Barnes,2
1666,De'Aaron Fox,Domantas Sabonis,2
1667,De'Aaron Fox,Kevin Huerter,2
1668,Domantas Sabonis,Harrison Barnes,2
1669,Domantas Sabonis,De'Aaron Fox,2
1670,Malik Monk,Domantas Sabonis,2
1671,Malik Monk,Trey Lyles,3
1672,Davion Mitchell,Keegan Murray,3
1673,Malik Monk,De'Aaron Fox,3
1674,De'Aaron Fox,Trey Lyles,3
1675,Malik Monk,Harrison Barnes,2
1676,Davion Mitchell,Kevin Huerter,2
1677,Malik Monk,Domantas Sabonis,2
1678,De'Aaron Fox,Kevin Huerter,2
1679,Domantas Sabonis,Kevin Huerter,2
1680,De'Aaron Fox,Kevin Huerter,3
1681,Malik Monk,Domantas Sabonis,2
1682,Malik Monk,Chimezie Metu,2
1683,Malik Monk,Harrison Barnes,3
1684,Trey Lyles,Chimezie Metu,2
1685,Harrison Barnes,De'Aaron Fox,2
1686,De'Aaron Fox,Harrison Barnes,3
1687,Domantas Sabonis,Kevin Huerter,3
1688,Keegan Murray,Kevin Huerter,2
1689,Domantas Sabonis,Kevin Huerter,2
1690,Keegan Murray,Kevin Huerter,3
1691,De'Aaron Fox,Kevin Huerter,2
1692,Kevin Huerter,Domantas Sabonis,2
1693,De'Aaron Fox,Harrison Barnes,2
1694,De'Aaron Fox,Trey Lyles,3
1695,Kevin Huerter,De'Aaron Fox,2
1696,Malik Monk,Kevin Huerter,3
1697,Malik Monk,Trey Lyles,3
1698,Davion Mitchell,Trey Lyles,3
1699,Domantas Sabonis,Harrison Barnes,2
1700,Kessler Edwards,Domantas Sabonis,3
1701,Domantas Sabonis,Kevin Huerter,3
1702,De'Aaron Fox,Kessler Edwards,3
1703,Keegan Murray,Kevin Huerter,3
1704,Domantas Sabonis,Keegan Murray,3
1705,Kevin Huerter,Domantas Sabonis,2
1706,Davion Mitchell,Kevin Huerter,3
1707,Domantas Sabonis,Davion Mitchell,3
1708,Kevin Huerter,Domantas Sabonis,2
1709,Domantas Sabonis,Terence Davis,3
1710,Domantas Sabonis,Harrison Barnes,2
1711,Malik Monk,Domantas Sabonis,2
1712,Davion Mitchell,Chimezie Metu,2
1713,Chimezie Metu,Trey Lyles,2
1714,Chimezie Metu,Kevin Huerter,3
1715,Kevin Huerter,Trey Lyles,2
1716,Trey Lyles,Chimezie Metu,2
1717,Matthew Dellavedova,Keegan Murray,3
1718,Keegan Murray,Trey Lyles,2
1719,Kevin Huerter,Harrison Barnes,2
1720,Harrison Barnes,Davion Mitchell,3
1721,Domantas Sabonis,Davion Mitchell,3
1722,Domantas Sabonis,Harrison Barnes,2
1723,Kevin Huerter,Domantas Sabonis,2
1724,Davion Mitchell,Domantas Sabonis,2
1725,Domantas Sabonis,Kevin Huerter,3
1726,Domantas Sabonis,Harrison Barnes,3
1727,Domantas Sabonis,Keegan Murray,2
1728,Davion Mitchell,Kevin Huerter,2
1729,Kevin Huerter,Domantas Sabonis,3
1730,Domantas Sabonis,Keegan Murray,2
1731,Matthew Dellavedova,Harrison Barnes,2
1732,Harrison Barnes,Trey Lyles,3
1733,Trey Lyles,Chimezie Metu,2
1734,Davion Mitchell,Trey Lyles,2
1735,Trey Lyles,Kevin Huerter,3
1736,Davion Mitchell,Chimezie Metu,2
1737,Kevin Huerter,Malik Monk,2
1738,Trey Lyles,Malik Monk,3
1739,Kevin Huerter,Domantas Sabonis,2
1740,Domantas Sabonis,Keegan Murray,2
1741,Harrison Barnes,Kevin Huerter,2
1742,De'Aaron Fox,Kevin Huerter,3
1743,Kevin Huerter,Harrison Barnes,2
1744,Harrison Barnes,De'Aaron Fox,2
1745,Domantas Sabonis,Keegan Murray,2
1746,Domantas Sabonis,Harrison Barnes,2
1747,Domantas Sabonis,Keegan Murray,3
1748,Keegan Murray,Domantas Sabonis,2
1749,De'Aaron Fox,Malik Monk,3
1750,Malik Monk,Trey Lyles,2
1751,De'Aaron Fox,Kevin Huerter,2
1752,Kevin Huerter,Malik Monk,3
1753,Malik Monk,Harrison Barnes,2
1754,Malik Monk,Domantas Sabonis,2
1755,Domantas Sabonis,De'Aaron Fox,2
1756,De'Aaron Fox,Trey Lyles,3
1757,Davion Mitchell,Malik Monk,2
1758,De'Aaron Fox,Trey Lyles,2
1759,Malik Monk,Davion Mitchell,2
1760,Domantas Sabonis,Kevin Huerter,2
1761,Domantas Sabonis,Keegan Murray,2
1762,Domantas Sabonis,Keegan Murray,3
1763,Keegan Murray,Kevin Huerter,2
1764,De'Aaron Fox,Harrison Barnes,2
1765,Malik Monk,Domantas Sabonis,2
1766,Domantas Sabonis,De'Aaron Fox,3
1767,Domantas Sabonis,Kevin Huerter,3
1768,Domantas Sabonis,Trey Lyles,2
1769,De'Aaron Fox,Domantas Sabonis,2
1770,Keegan Murray,Kevin Huerter,2
1771,Domantas Sabonis,De'Aaron Fox,2
1772,Domantas Sabonis,Davion Mitchell,3
1773,De'Aaron Fox,Malik Monk,3
1774,De'Aaron Fox,Trey Lyles,3
1775,Malik Monk,Trey Lyles,3
1776,Domantas Sabonis,Trey Lyles,3
1777,Davion Mitchell,Kessler Edwards,3
1778,De'Aaron Fox,Harrison Barnes,2
1779,Domantas Sabonis,De'Aaron Fox,3
1780,De'Aaron Fox,Harrison Barnes,2
1781,De'Aaron Fox,Kevin Huerter,3
1782,Malik Monk,Domantas Sabonis,2
1783,Malik Monk,Davion Mitchell,2
1784,De'Aaron Fox,Trey Lyles,2
1785,Trey Lyles,Harrison Barnes,3
1786,Kessler Edwards,Davion Mitchell,3
1787,Malik Monk,Domantas Sabonis,2
1788,Malik Monk,Kessler Edwards,3
1789,Domantas Sabonis,Keegan Murray,3
1790,Domantas Sabonis,Harrison Barnes,3
1791,Domantas Sabonis,De'Aaron Fox,3
1792,Kevin Huerter,Domantas Sabonis,2
1793,De'Aaron Fox,Harrison Barnes,3
1794,Domantas Sabonis,Kevin Huerter,2
1795,Malik Monk,Domantas Sabonis,2
1796,De'Aaron Fox,Trey Lyles,3
1797,Malik Monk,Trey Lyles,3
1798,De'Aaron Fox,Chimezie Metu,3
1799,Malik Monk,Domantas Sabonis,2
1800,Davion Mitchell,Domantas Sabonis,2
1801,Malik Monk,Domantas Sabonis,3
1802,Domantas Sabonis,Malik Monk,2
1803,Domantas Sabonis,Kevin Huerter,3
1804,Kevin Huerter,Domantas Sabonis,2
1805,Domantas Sabonis,Kevin Huerter,3
1806,Domantas Sabonis,Keegan Murray,2
1807,Domantas Sabonis,Harrison Barnes,3
1808,Malik Monk,De'Aaron Fox,2
1809,Trey Lyles,De'Aaron Fox,2
1810,Trey Lyles,Malik Monk,2
1811,Kevin Huerter,Domantas Sabonis,2
1812,Trey Lyles,Kevin Huerter,3
1813,Domantas Sabonis,Kevin Huerter,3
1814,Domantas Sabonis,Kevin Huerter,3
1815,Domantas Sabonis,Kevin Huerter,2
1816,Domantas Sabonis,Kevin Huerter,3
1817,Domantas Sabonis,Kevin Huerter,3
1818,Trey Lyles,De'Aaron Fox,3
1819,Domantas Sabonis,De'Aaron Fox,3
1820,Kevin Huerter,Domantas Sabonis,2
1821,Domantas Sabonis,Harrison Barnes,3
1822,Davion Mitchell,Harrison Barnes,2
1823,Domantas Sabonis,Keegan Murray,3
1824,Domantas Sabonis,Kessler Edwards,3
1825,Malik Monk,Chimezie Metu,2
1826,Domantas Sabonis,Malik Monk,2
1827,Malik Monk,De'Aaron Fox,3
1828,Terence Davis,Harrison Barnes,3
1829,Terence Davis,Domantas Sabonis,2
1830,Harrison Barnes,Domantas Sabonis,2
1831,Kevin Huerter,Domantas Sabonis,2
1832,Domantas Sabonis,Kevin Huerter,3
1833,Kevin Huerter,De'Aaron Fox,2
1834,Domantas Sabonis,Kevin Huerter,3
1835,Domantas Sabonis,Kevin Huerter,3
1836,Davion Mitchell,Malik Monk,3
1837,Kevin Huerter,Malik Monk,3
1838,Domantas Sabonis,Kevin Huerter,2
1839,Davion Mitchell,Keegan Murray,3
1840,Keegan Murray,Malik Monk,3
1841,De'Aaron Fox,Chimezie Metu,2
1842,Domantas Sabonis,Malik Monk,3
1843,Domantas Sabonis,De'Aaron Fox,3
1844,Kevin Huerter,Malik Monk,3
1845,Malik Monk,Kevin Huerter,3
1846,Kevin Huerter,Harrison Barnes,3
1847,Harrison Barnes,Keegan Murray,3
1848,Harrison Barnes,Domantas Sabonis,2
1849,Malik Monk,Domantas Sabonis,2
1850,Domantas Sabonis,Malik Monk,3
1851,Malik Monk,Kessler Edwards,2
1852,Chimezie Metu,Malik Monk,3
1853,Trey Lyles,Chimezie Metu,2
1854,De'Aaron Fox,Trey Lyles,3
1855,Domantas Sabonis,Davion Mitchell,2
1856,Malik Monk,Domantas Sabonis,2
1857,Domantas Sabonis,Keegan Murray,3
1858,Domantas Sabonis,De'Aaron Fox,3
1859,Domantas Sabonis,De'Aaron Fox,3
1860,De'Aaron Fox,Keegan Murray,3
1861,De'Aaron Fox,Kessler Edwards,3
1862,Malik Monk,Trey Lyles,3
1863,De'Aaron Fox,Kessler Edwards,3
1864,Malik Monk,Trey Lyles,2
1865,De'Aaron Fox,Trey Lyles,2
1866,Malik Monk,Domantas Sabonis,2
1867,Kessler Edwards,Malik Monk,3
1868,Domantas Sabonis,Keegan Murray,2
1869,De'Aaron Fox,Domantas Sabonis,2
1870,Harrison Barnes,Domantas Sabonis,2
1871,Keegan Murray,Domantas Sabonis,2
1872,Keegan Murray,Domantas Sabonis,2
1873,Domantas Sabonis,Keegan Murray,3
1874,Domantas Sabonis,Terence Davis,3
1875,Harrison Barnes,Keegan Murray,3
1876,Domantas Sabonis,Terence Davis,3
1877,Davion Mitchell,Terence Davis,3
1878,Malik Monk,Domantas Sabonis,2
1879,Chimezie Metu,Terence Davis,3
1880,De'Aaron Fox,Terence Davis,2
1881,Malik Monk,Davion Mitchell,3
1882,Malik Monk,Domantas Sabonis,2
1883,Malik Monk,Davion Mitchell,3
1884,Kessler Edwards,Domantas Sabonis,2
1885,De'Aaron Fox,Kessler Edwards,3
1886,Domantas Sabonis,Kessler Edwards,2
1887,De'Aaron Fox,Keegan Murray,3
1888,Domantas Sabonis,Harrison Barnes,3
1889,De'Aaron Fox,Keegan Murray,3
1890,Domantas Sabonis,De'Aaron Fox,2
1891,De'Aaron Fox,Harrison Barnes,2
1892,Domantas Sabonis,Kessler Edwards,3
1893,Davion Mitchell,Harrison Barnes,3
1894,Malik Monk,Terence Davis,3
1895,Chimezie Metu,Malik Monk,3
1896,De'Aaron Fox,Malik Monk,2
1897,Malik Monk,Chimezie Metu,2
1898,Domantas Sabonis,Malik Monk,3
1899,Domantas Sabonis,Malik Monk,3
1900,Davion Mitchell,Keegan Murray,3
1901,Alex Len,Matthew Dellavedova,3
1902,Harrison Barnes,Kessler Edwards,2
1903,De'Aaron Fox,Harrison Barnes,2
1904,Kessler Edwards,Domantas Sabonis,2
1905,De'Aaron Fox,Keegan Murray,3
1906,De'Aaron Fox,Keon Ellis,3
1907,Trey Lyles,De'Aaron Fox,3
1908,Domantas Sabonis,De'Aaron Fox,3
1909,Trey Lyles,De'Aaron Fox,2
1910,Malik Monk,De'Aaron Fox,3
1911,De'Aaron Fox,Kessler Edwards,2
1912,Kessler Edwards,Malik Monk,3
1913,Domantas Sabonis,Harrison Barnes,3
1914,Domantas Sabonis,Harrison Barnes,3
1915,Domantas Sabonis,Harrison Barnes,2
1916,Domantas Sabonis,De'Aaron Fox,2
1917,Domantas Sabonis,Keegan Murray,3
1918,Keegan Murray,Domantas Sabonis,2
1919,Domantas Sabonis,De'Aaron Fox,2
1920,Domantas Sabonis,Keegan Murray,3
1921,De'Aaron Fox,Malik Monk,3
1922,Davion Mitchell,Keegan Murray,3
1923,Domantas Sabonis,Malik Monk,3
1924,Davion Mitchell,Keegan Murray,3
1925,De'Aaron Fox,Keegan Murray,3
1926,De'Aaron Fox,Keegan Murray,2
1927,Malik Monk,Chimezie Metu,2
1928,Harrison Barnes,Trey Lyles,3
1929,Malik Monk,Domantas Sabonis,2
1930,Kessler Edwards,De'Aaron Fox,3
1931,De'Aaron Fox,Keegan Murray,3
1932,De'Aaron Fox,Domantas Sabonis,2
1933,Domantas Sabonis,Kessler Edwards,3
1934,Domantas Sabonis,Kessler Edwards,3
1935,Domantas Sabonis,Keegan Murray,2
1936,Domantas Sabonis,Davion Mitchell,3
1937,Malik Monk,Domantas Sabonis,2
1938,Domantas Sabonis,Terence Davis,3
1939,Keegan Murray,Davion Mitchell,3
1940,Domantas Sabonis,Davion Mitchell,2
1941,Domantas Sabonis,Davion Mitchell,3
1942,Domantas Sabonis,Kessler Edwards,2
1943,Domantas Sabonis,Harrison Barnes,3
1944,Domantas Sabonis,Harrison Barnes,2
1945,De'Aaron Fox,Keegan Murray,3
1946,Domantas Sabonis,Harrison Barnes,3
1947,Keegan Murray,Domantas Sabonis,2
1948,Harrison Barnes,Terence Davis,3
1949,Davion Mitchell,Terence Davis,3
1950,Malik Monk,Terence Davis,3
1951,Domantas Sabonis,Keegan Murray,3
1952,Matthew Dellavedova,Richaun Holmes,3
1953,Matthew Dellavedova,Richaun Holmes,2
1954,Keon Ellis,Chimezie Metu,2
1955,Keegan Murray,Harrison Barnes,2
1956,Domantas Sabonis,Keegan Murray,3
1957,De'Aaron Fox,Domantas Sabonis,2
1958,Kessler Edwards,Harrison Barnes,3
1959,Kevin Huerter,De'Aaron Fox,2
1960,Kevin Huerter,Domantas Sabonis,2
1961,Davion Mitchell,Kessler Edwards,2
1962,Malik Monk,De'Aaron Fox,3
1963,Davion Mitchell,Malik Monk,3
1964,Domantas Sabonis,Keegan Murray,3
1965,Harrison Barnes,Domantas Sabonis,2
1966,Keegan Murray,Domantas Sabonis,2
1967,Domantas Sabonis,Kevin Huerter,2
1968,De'Aaron Fox,Kevin Huerter,3
1969,Domantas Sabonis,Kevin Huerter,3
1970,Domantas Sabonis,De'Aaron Fox,2
1971,Kevin Huerter,Keegan Murray,2
1972,Kevin Huerter,Domantas Sabonis,2
1973,Kevin Huerter,Keegan Murray,3
1974,Domantas Sabonis,Kevin Huerter,3
1975,Malik Monk,Domantas Sabonis,2
1976,Domantas Sabonis,Kevin Huerter,3
1977,Malik Monk,Chimezie Metu,2
1978,Davion Mitchell,Trey Lyles,2
1979,Davion Mitchell,Chimezie Metu,2
1980,Davion Mitchell,Kevin Huerter,2
1981,Davion Mitchell,Harrison Barnes,3
1982,Domantas Sabonis,Keegan Murray,2
1983,Domantas Sabonis,Kevin Huerter,3
1984,Kevin Huerter,Domantas Sabonis,2
1985,Harrison Barnes,Keegan Murray,3
1986,Domantas Sabonis,Davion Mitchell,2
1987,Domantas Sabonis,Keegan Murray,2
1988,Kessler Edwards,Keegan Murray,3
1989,Kevin Huerter,Keegan Murray,3
1990,Kessler Edwards,Keegan Murray,3
1991,Keegan Murray,Malik Monk,2
1992,Davion Mitchell,Trey Lyles,3
1993,Davion Mitchell,Malik Monk,3
1994,Domantas Sabonis,Matthew Dellavedova,3
1995,Domantas Sabonis,Kevin Huerter,3
1996,Domantas Sabonis,Matthew Dellavedova,2
1997,Harrison Barnes,Kevin Huerter,2
1998,Harrison Barnes,Domantas Sabonis,2
1999,Davion Mitchell,Kevin Huerter,3
2000,Davion Mitchell,Keegan Murray,2
2001,Harrison Barnes,Kevin Huerter,2
2002,Davion Mitchell,Harrison Barnes,3
2003,Kevin Huerter,Keegan Murray,3
2004,Keegan Murray,Domantas Sabonis,2
2005,Trey Lyles,Malik Monk,3
2006,Matthew Dellavedova,Kessler Edwards,2
2007,Malik Monk,Trey Lyles,3
2008,Kessler Edwards,Kevin Huerter,2
2009,Matthew Dellavedova,Domantas Sabonis,3
2010,Davion Mitchell,Harrison Barnes,3
2011,Kevin Huerter,Davion Mitchell,2
2012,Domantas Sabonis,Kevin Huerter,2
2013,Domantas Sabonis,Keegan Murray,3
2014,Domantas Sabonis,Harrison Barnes,2
2015,Kevin Huerter,De'Aaron Fox,3
2016,Domantas Sabonis,Keegan Murray,3
2017,Harrison Barnes,Domantas Sabonis,2
2018,Davion Mitchell,Harrison Barnes,2
2019,Domantas Sabonis,Harrison Barnes,2
2020,De'Aaron Fox,Trey Lyles,2
2021,Domantas Sabonis,Kevin Huerter,2
2022,De'Aaron Fox,Kevin Huerter,3
2023,Malik Monk,Domantas Sabonis,2
2024,Malik Monk,Domantas Sabonis,2
2025,De'Aaron Fox,Kevin Huerter,3
2026,De'Aaron Fox,Malik Monk,2
2027,De'Aaron Fox,Harrison Barnes,2
2028,Malik Monk,Domantas Sabonis,2
2029,De'Aaron Fox,Kevin Huerter,3
2030,Harrison Barnes,Kevin Huerter,2
2031,De'Aaron Fox,Keegan Murray,3
2032,Kevin Huerter,De'Aaron Fox,2
2033,De'Aaron Fox,Kevin Huerter,3
2034,Kessler Edwards,Domantas Sabonis,2
2035,Malik Monk,Domantas Sabonis,2
2036,Malik Monk,Trey Lyles,3
2037,Malik Monk,Alex Len,2
2038,Malik Monk,Alex Len,2
2039,Domantas Sabonis,Keegan Murray,2
2040,Keegan Murray,Domantas Sabonis,2
2041,Domantas Sabonis,Kevin Huerter,2
2042,Domantas Sabonis,Kevin Huerter,2
2043,Domantas Sabonis,Kevin Huerter,3
2044,De'Aaron Fox,Harrison Barnes,2
2045,Harrison Barnes,Kevin Huerter,3
2046,Kevin Huerter,Keegan Murray,3
2047,De'Aaron Fox,Kevin Huerter,2
2048,Kevin Huerter,Domantas Sabonis,2
2049,De'Aaron Fox,Keegan Murray,3
2050,Kevin Huerter,De'Aaron Fox,2
2051,Davion Mitchell,Kessler Edwards,3
2052,Malik Monk,De'Aaron Fox,2
2053,Malik Monk,De'Aaron Fox,3
2054,De'Aaron Fox,Trey Lyles,3
2055,Harrison Barnes,Malik Monk,3
2056,Davion Mitchell,Malik Monk,3
2057,Terence Davis,Richaun Holmes,2
2058,Matthew Dellavedova,Terence Davis,3
2059,PJ Dozier,Terence Davis,3
2060,Keegan Murray,Domantas Sabonis,2
2061,De'Aaron Fox,Keegan Murray,2
2062,De'Aaron Fox,Keegan Murray,3
2063,De'Aaron Fox,Kevin Huerter,3
2064,Domantas Sabonis,Kevin Huerter,2
2065,Kessler Edwards,Keegan Murray,3
2066,Domantas Sabonis,Malik Monk,2
2067,Domantas Sabonis,Trey Lyles,2
2068,Malik Monk,Davion Mitchell,2
2069,De'Aaron Fox,Malik Monk,3
2070,De'Aaron Fox,Alex Len,2
2071,Malik Monk,Trey Lyles,3
2072,Trey Lyles,Malik Monk,2
2073,Kevin Huerter,Malik Monk,3
2074,De'Aaron Fox,Kevin Huerter,3
2075,Domantas Sabonis,Kessler Edwards,2
2076,De'Aaron Fox,Kevin Huerter,3
2077,Domantas Sabonis,De'Aaron Fox,2
2078,De'Aaron Fox,Kevin Huerter,3
2079,De'Aaron Fox,Harrison Barnes,3
2080,Harrison Barnes,Keegan Murray,3
2081,Kessler Edwards,Domantas Sabonis,2
2082,Keegan Murray,Domantas Sabonis,2
2083,Davion Mitchell,Kessler Edwards,3
2084,Davion Mitchell,Kessler Edwards,3
2085,Davion Mitchell,Malik Monk,2
2086,Domantas Sabonis,Kessler Edwards,2
2087,De'Aaron Fox,Malik Monk,3
2088,De'Aaron Fox,Malik Monk,2
2089,Domantas Sabonis,Malik Monk,3
2090,Malik Monk,Keegan Murray,3
2091,Malik Monk,Domantas Sabonis,2
2092,Davion Mitchell,Domantas Sabonis,2
2093,Davion Mitchell,Keegan Murray,2
2094,Malik Monk,Domantas Sabonis,2
2095,Domantas Sabonis,Davion Mitchell,2
2096,Keegan Murray,Alex Len,2
2097,Richaun Holmes,Terence Davis,3
2098,De'Aaron Fox,Harrison Barnes,2
2099,Domantas Sabonis,Kevin Huerter,2
2100,Domantas Sabonis,Keegan Murray,2
2101,Davion Mitchell,Terence Davis,3
2102,Terence Davis,Kessler Edwards,2
2103,Kessler Edwards,Harrison Barnes,3
2104,Davion Mitchell,Keegan Murray,2
2105,Davion Mitchell,Kevin Huerter,2
2106,Kevin Huerter,Domantas Sabonis,2
2107,Domantas Sabonis,Harrison Barnes,2
2108,Alex Len,Kevin Huerter,3
2109,Harrison Barnes,Keegan Murray,3
2110,Domantas Sabonis,Keegan Murray,2
2111,Keegan Murray,Domantas Sabonis,2
2112,Kevin Huerter,Domantas Sabonis,2
2113,Domantas Sabonis,Davion Mitchell,2
2114,Trey Lyles,Kessler Edwards,3
2115,Domantas Sabonis,Terence Davis,2
2116,Davion Mitchell,Domantas Sabonis,3
2117,Alex Len,Terence Davis,3
2118,De'Aaron Fox,Alex Len,2
2119,De'Aaron Fox,Keegan Murray,3
2120,Kevin Huerter,Domantas Sabonis,2
2121,De'Aaron Fox,Kevin Huerter,3
2122,Domantas Sabonis,Kevin Huerter,2
2123,Domantas Sabonis,Kevin Huerter,2
2124,De'Aaron Fox,Domantas Sabonis,3
2125,Davion Mitchell,Domantas Sabonis,2
2126,Davion Mitchell,Kevin Huerter,2
2127,De'Aaron Fox,Alex Len,2
2128,De'Aaron Fox,Malik Monk,3
2129,Malik Monk,Harrison Barnes,3
2130,De'Aaron Fox,Malik Monk,2
2131,Alex Len,Keegan Murray,3
2132,Domantas Sabonis,Harrison Barnes,2
2133,Keegan Murray,Domantas Sabonis,2
2134,Domantas Sabonis,Harrison Barnes,2
2135,Kevin Huerter,Davion Mitchell,2
2136,Domantas Sabonis,Keegan Murray,3
2137,Malik Monk,Domantas Sabonis,2
2138,Domantas Sabonis,Malik Monk,2
2139,Malik Monk,De'Aaron Fox,3
2140,De'Aaron Fox,Malik Monk,3
2141,De'Aaron Fox,Domantas Sabonis,2
2142,De'Aaron Fox,Domantas Sabonis,2
2143,Domantas Sabonis,Keegan Murray,3
2144,De'Aaron Fox,Keegan Murray,3
2145,Kevin Huerter,De'Aaron Fox,3
2146,Domantas Sabonis,Keegan Murray,3
2147,Kevin Huerter,Keegan Murray,3
2148,Domantas Sabonis,Keegan Murray,3
2149,De'Aaron Fox,Harrison Barnes,2
2150,Domantas Sabonis,Malik Monk,2
2151,Domantas Sabonis,Davion Mitchell,3
2152,Kessler Edwards,Davion Mitchell,3
2153,Kevin Huerter,De'Aaron Fox,2
2154,Harrison Barnes,Kevin Huerter,3
2155,Keon Ellis,Terence Davis,3
2156,Terence Davis,PJ Dozier,2
2157,Domantas Sabonis,De'Aaron Fox,3
2158,Kevin Huerter,Harrison Barnes,2
2159,Domantas Sabonis,Kevin Huerter,3
2160,Domantas Sabonis,De'Aaron Fox,2
2161,Kevin Huerter,Domantas Sabonis,3
2162,Domantas Sabonis,Davion Mitchell,3
2163,Malik Monk,Domantas Sabonis,2
2164,De'Aaron Fox,Malik Monk,2
2165,De'Aaron Fox,Kevin Huerter,2
2166,Trey Lyles,Malik Monk,2
2167,Davion Mitchell,Domantas Sabonis,2
2168,Domantas Sabonis,Keegan Murray,3
2169,Kevin Huerter,Keegan Murray,3
2170,Domantas Sabonis,Davion Mitchell,2
2171,Domantas Sabonis,Keegan Murray,2
2172,Domantas Sabonis,Keegan Murray,2
2173,Domantas Sabonis,De'Aaron Fox,2
2174,De'Aaron Fox,Harrison Barnes,2
2175,Keegan Murray,Harrison Barnes,2
2176,Keegan Murray,Kevin Huerter,2
2177,Domantas Sabonis,Davion Mitchell,3
2178,Kessler Edwards,Domantas Sabonis,2
2179,Malik Monk,Trey Lyles,3
2180,De'Aaron Fox,Malik Monk,3
2181,Malik Monk,Trey Lyles,2
2182,De'Aaron Fox,Kevin Huerter,2
2183,De'Aaron Fox,Trey Lyles,3
2184,De'Aaron Fox,Malik Monk,3
2185,Domantas Sabonis,Harrison Barnes,2
2186,De'Aaron Fox,Kevin Huerter,3
2187,Malik Monk,De'Aaron Fox,2
2188,Davion Mitchell,Harrison Barnes,2
2189,Davion Mitchell,Alex Len,2
2190,Alex Len,Terence Davis,2
2191,Harrison Barnes,Chimezie Metu,2
2192,PJ Dozier,Chimezie Metu,2
2193,Kessler Edwards,Terence Davis,3
2194,Richaun Holmes,Terence Davis,3
2195,Kessler Edwards,Trey Lyles,3
2196,Terence Davis,PJ Dozier,3
2197,Richaun Holmes,Trey Lyles,3
2198,Keegan Murray,Richaun Holmes,3
2199,Davion Mitchell,Trey Lyles,2
2200,Alex Len,Keegan Murray,3
2201,Davion Mitchell,Harrison Barnes,3
2202,Davion Mitchell,Keegan Murray,2
2203,Terence Davis,Keegan Murray,2
2204,Harrison Barnes,Davion Mitchell,2
2205,Keegan Murray,Harrison Barnes,2
2206,PJ Dozier,Chimezie Metu,2
2207,PJ Dozier,Trey Lyles,3
2208,Trey Lyles,Richaun Holmes,2
2209,Keegan Murray,Richaun Holmes,2
2210,Richaun Holmes,Trey Lyles,2
2211,Terence Davis,Kessler Edwards,3
2212,Kevin Huerter,Domantas Sabonis,2
2213,Kevin Huerter,Harrison Barnes,3
2214,Domantas Sabonis,Kevin Huerter,3
2215,De'Aaron Fox,Harrison Barnes,3
2216,Domantas Sabonis,Kevin Huerter,3
2217,Domantas Sabonis,Harrison Barnes,3
2218,Keegan Murray,De'Aaron Fox,3
2219,Malik Monk,Domantas Sabonis,2
2220,Domantas Sabonis,PJ Dozier,2
2221,Malik Monk,Domantas Sabonis,2
2222,Malik Monk,Trey Lyles,2
2223,De'Aaron Fox,Harrison Barnes,3
2224,PJ Dozier,Kevin Huerter,2
2225,PJ Dozier,Domantas Sabonis,2
2226,Keegan Murray,Harrison Barnes,3
2227,De'Aaron Fox,Keegan Murray,3
2228,Domantas Sabonis,Keegan Murray,2
2229,PJ Dozier,Kevin Huerter,2
2230,PJ Dozier,Kevin Huerter,2
2231,Kevin Huerter,Keegan Murray,3
2232,Alex Len,Keegan Murray,2
2233,PJ Dozier,Terence Davis,2
2234,PJ Dozier,Terence Davis,3
2235,Keon Ellis,Chimezie Metu,2
